{ "HM": "Pn-3n","created": "Wed Mar 27 16:25:48 CDT 2024","nSettings": 10,"nSubgroups": 5,"sg": 222,"subgroups": [ { "det": 1.0,"i": 1,"subgroup": 126,"subgroupHM": "P4","subgroupIndex": 3,"trSubtype": "","trType": "t","trm": [ "a:a,b,c","a:b,c,a","a:c,a,b" ] },{ "det": 3.0,"i": 2,"subgroup": 167,"subgroupHM": "R-3","subgroupIndex": 4,"trSubtype": "","trType": "t","trm": [ "a:a-b,b-c,a+b+c","a:-a-b,b+c,-a+b-c;1/2,0,1/2","a:a+b,-b+c,a-b-c;0,1/2,1/2","a:-a+b,-b-c,-a-b+c;1/2,1/2,0" ] },{ "det": 1.0,"i": 3,"subgroup": 201,"subgroupHM": "P","subgroupIndex": 2,"trSubtype": "","trType": "t","trm": [ "a:a,b,c" ] },{ "det": 1.0,"i": 4,"subgroup": 207,"subgroupHM": "P432","subgroupIndex": 2,"trSubtype": "","trType": "t","trm": [ "a:a,b,c;1/4,1/4,1/4" ] },{ "det": 1.0,"i": 5,"subgroup": 218,"subgroupHM": "P-43","subgroupIndex": 2,"trSubtype": "","trType": "t","trm": [ "a:a,b,c;1/4,1/4,1/4" ] } ] }