{ "HM": "Pmma","created": "Wed Mar 27 16:24:07 CDT 2024","nSettings": 40,"nSubgroups": 16,"sg": 51,"subgroups": [ { "det": 1.0,"i": 1,"subgroup": 10,"subgroupHM": "P2","subgroupIndex": 2,"trSubtype": "","trType": "t","trm": [ "a:a,b,c" ] },{ "det": 1.0,"i": 2,"subgroup": 11,"subgroupHM": "P21","subgroupIndex": 2,"trSubtype": "","trType": "t","trm": [ "a:c,a,b" ] },{ "det": 1.0,"i": 3,"subgroup": 13,"subgroupHM": "P2","subgroupIndex": 2,"trSubtype": "","trType": "t","trm": [ "a:b,c,a" ] },{ "det": 1.0,"i": 4,"subgroup": 17,"subgroupHM": "P2221","subgroupIndex": 2,"trSubtype": "","trType": "t","trm": [ "a:b,c,a" ] },{ "det": 1.0,"i": 5,"subgroup": 25,"subgroupHM": "P","subgroupIndex": 2,"trSubtype": "","trType": "t","trm": [ "a:a,b,c;1/4,0,0" ] },{ "det": 1.0,"i": 6,"subgroup": 26,"subgroupHM": "P","subgroupIndex": 2,"trSubtype": "","trType": "t","trm": [ "a:b,c,a" ] },{ "det": 1.0,"i": 7,"subgroup": 28,"subgroupHM": "P","subgroupIndex": 2,"trSubtype": "","trType": "t","trm": [ "a:a,-c,b" ] },{ "det": 2.0,"i": 8,"subgroup": 51,"subgroupHM": "P","subgroupIndex": 2,"trSubtype": "eu","trType": "k","trm": [ "a:a,b,2c;0,0,1/2","b:a,b,2c","c:a,2b,c;0,1/2,0","d:a,2b,c" ] },{ "det": 3.0,"i": 9,"subgroup": 51,"subgroupHM": "P","subgroupIndex": 3,"trSubtype": "eu","trType": "k","trm": [ "a:a,b,3c","a:a,b,3c;0,0,1","a:a,b,3c;0,0,2","b:a,3b,c","b:a,3b,c;0,1,0","b:a,3b,c;0,2,0","c:3a,b,c","c:3a,b,c;1,0,0","c:3a,b,c;2,0,0" ] },{ "det": 2.0,"i": 10,"subgroup": 53,"subgroupHM": "P","subgroupIndex": 2,"trSubtype": "eu","trType": "k","trm": [ "a:2b,c,a;0,1/2,0","b:2b,c,a" ] },{ "det": 2.0,"i": 11,"subgroup": 54,"subgroupHM": "P","subgroupIndex": 2,"trSubtype": "eu","trType": "k","trm": [ "a:a,b,2c;0,0,1/2","b:a,b,2c" ] },{ "det": 2.0,"i": 12,"subgroup": 55,"subgroupHM": "P","subgroupIndex": 2,"trSubtype": "eu","trType": "k","trm": [ "a:2c,a,b;0,0,1/2","b:2c,a,b" ] },{ "det": 2.0,"i": 13,"subgroup": 57,"subgroupHM": "P","subgroupIndex": 2,"trSubtype": "eu","trType": "k","trm": [ "a:b,2c,a;0,0,1/2","b:b,2c,a","c:c,a,2b;0,1/2,0","d:c,a,2b" ] },{ "det": 2.0,"i": 14,"subgroup": 59,"subgroupHM": "P","subgroupIndex": 2,"trSubtype": "eu","trType": "k","trm": [ "a:a,2b,c;0,1/2,0","b:a,2b,c" ] },{ "det": 4.0,"i": 15,"subgroup": 63,"subgroupHM": "C","subgroupIndex": 2,"trSubtype": "eu","trType": "k","trm": [ "a:2b,2c,a;0,1/2,0","b:2b,2c,a;0,1/2,1/2","c:2b,2c,a;0,0,1/2","d:2b,2c,a" ] },{ "det": 4.0,"i": 16,"subgroup": 64,"subgroupHM": "C","subgroupIndex": 2,"trSubtype": "eu","trType": "k","trm": [ "a:2b,2c,a;0,1/2,0","b:2b,2c,a;0,1/2,1/2","c:2b,2c,a;0,0,1/2","d:2b,2c,a" ] } ] }