{ "HM": "Cmc21","created": "Wed Mar 27 16:24:00 CDT 2024","nSettings": 14,"nSubgroups": 8,"sg": 36,"subgroups": [ { "det": 0.5,"i": 1,"subgroup": 4,"subgroupHM": "P21","subgroupIndex": 2,"trSubtype": "","trType": "t","trm": [ "a:1/2a+1/2b,c,1/2a-1/2b" ] },{ "det": 1.0,"i": 2,"subgroup": 8,"subgroupHM": "C","subgroupIndex": 2,"trSubtype": "","trType": "t","trm": [ "a:-b,a,c" ] },{ "det": 1.0,"i": 3,"subgroup": 9,"subgroupHM": "C","subgroupIndex": 2,"trSubtype": "","trType": "t","trm": [ "a:a,b,c" ] },{ "det": 1.0,"i": 4,"subgroup": 26,"subgroupHM": "P","subgroupIndex": 2,"trSubtype": "ct","trType": "k","trm": [ "a:a,b,c" ] },{ "det": 1.0,"i": 5,"subgroup": 29,"subgroupHM": "P","subgroupIndex": 2,"trSubtype": "ct","trType": "k","trm": [ "a:-b,a,c;1/4,1/4,0" ] },{ "det": 1.0,"i": 6,"subgroup": 31,"subgroupHM": "P","subgroupIndex": 2,"trSubtype": "ct","trType": "k","trm": [ "a:a,b,c;0,1/4,0" ] },{ "det": 1.0,"i": 7,"subgroup": 33,"subgroupHM": "P","subgroupIndex": 2,"trSubtype": "ct","trType": "k","trm": [ "a:-b,a,c" ] },{ "det": 3.0,"i": 8,"subgroup": 36,"subgroupHM": "C","subgroupIndex": 3,"trSubtype": "eu","trType": "k","trm": [ "a:a,3b,c","a:a,3b,c;0,1,0","a:a,3b,c;0,2,0","b:3a,b,c","b:3a,b,c;1,0,0","b:3a,b,c;2,0,0","c:a,b,3c" ] } ] }