{ "HM": "Pnc2","created": "Wed Mar 27 16:23:58 CDT 2024","nSettings": 14,"nSubgroups": 5,"sg": 30,"subgroups": [ { "det": 1.0,"i": 1,"subgroup": 3,"subgroupHM": "P2","subgroupIndex": 2,"trSubtype": "","trType": "t","trm": [ "a:b,c,a" ] },{ "det": 1.0,"i": 2,"subgroup": 7,"subgroupHM": "P","subgroupIndex": 2,"trSubtype": "","trType": "t","trm": [ "a:b,a,-b-c","b:a,b,c;0,1/4,0" ] },{ "det": 2.0,"i": 3,"subgroup": 30,"subgroupHM": "P","subgroupIndex": 2,"trSubtype": "eu","trType": "k","trm": [ "a:2a,b,c;1/2,0,0","b:2a,b,c" ] },{ "det": 3.0,"i": 4,"subgroup": 30,"subgroupHM": "P","subgroupIndex": 3,"trSubtype": "eu","trType": "k","trm": [ "a:a,3b,c","a:a,3b,c;0,1,0","a:a,3b,c;0,2,0","b:3a,b,c","b:3a,b,c;1,0,0","b:3a,b,c;2,0,0","c:a,b,3c" ] },{ "det": 2.0,"i": 5,"subgroup": 34,"subgroupHM": "P","subgroupIndex": 2,"trSubtype": "eu","trType": "k","trm": [ "a:2a,b,c;1/2,0,0","b:2a,b,c" ] } ] }