{ "HM": "P-43m","created": "Wed Mar 27 16:25:45 CDT 2024","nSettings": 18,"nSubgroups": 6,"sg": 215,"subgroups": [ { "det": 1.0,"i": 1,"subgroup": 111,"subgroupHM": "P-42","subgroupIndex": 3,"trSubtype": "","trType": "t","trm": [ "a:a,b,c","a:b,c,a","a:c,a,b" ] },{ "det": 3.0,"i": 2,"subgroup": 160,"subgroupHM": "R3","subgroupIndex": 4,"trSubtype": "","trType": "t","trm": [ "a:a-b,b-c,a+b+c","a:-a-b,b+c,-a+b-c","a:a+b,-b+c,a-b-c","a:-a+b,-b-c,-a-b+c" ] },{ "det": 1.0,"i": 3,"subgroup": 195,"subgroupHM": "P23","subgroupIndex": 2,"trSubtype": "","trType": "t","trm": [ "a:a,b,c" ] },{ "det": 8.0,"i": 4,"subgroup": 216,"subgroupHM": "F-43","subgroupIndex": 2,"trSubtype": "eu","trType": "k","trm": [ "a:2a,2b,2c" ] },{ "det": 8.0,"i": 5,"subgroup": 217,"subgroupHM": "I-43","subgroupIndex": 4,"trSubtype": "eu","trType": "k","trm": [ "a:2a,2b,2c;1/2,1/2,1/2","a:2a,2b,2c;3/2,3/2,1/2","a:2a,2b,2c;3/2,1/2,1/2","a:2a,2b,2c;1/2,3/2,1/2","b:2a,2b,2c","b:2a,2b,2c;1,1,0","b:2a,2b,2c;1,0,0","b:2a,2b,2c;0,1,0" ] },{ "det": 8.0,"i": 6,"subgroup": 219,"subgroupHM": "F-43","subgroupIndex": 2,"trSubtype": "eu","trType": "k","trm": [ "a:2a,2b,2c" ] } ] }