{ "HM": "Amm2","created": "Wed Mar 27 16:24:00 CDT 2024","nSettings": 22,"nSubgroups": 12,"sg": 38,"subgroups": [ { "det": 1.0,"i": 1,"subgroup": 5,"subgroupHM": "C2","subgroupIndex": 2,"trSubtype": "","trType": "t","trm": [ "a:b,c,a" ] },{ "det": 0.5,"i": 2,"subgroup": 6,"subgroupHM": "P","subgroupIndex": 2,"trSubtype": "","trType": "t","trm": [ "a:1/2b+1/2c,a,1/2b-1/2c" ] },{ "det": 1.0,"i": 3,"subgroup": 8,"subgroupHM": "C","subgroupIndex": 2,"trSubtype": "","trType": "t","trm": [ "a:c,b,-a-c" ] },{ "det": 1.0,"i": 4,"subgroup": 25,"subgroupHM": "P","subgroupIndex": 2,"trSubtype": "ct","trType": "k","trm": [ "a:a,b,c" ] },{ "det": 1.0,"i": 5,"subgroup": 26,"subgroupHM": "P","subgroupIndex": 2,"trSubtype": "ct","trType": "k","trm": [ "a:a,b,c;0,1/4,0" ] },{ "det": 1.0,"i": 6,"subgroup": 30,"subgroupHM": "P","subgroupIndex": 2,"trSubtype": "ct","trType": "k","trm": [ "a:a,b,c" ] },{ "det": 1.0,"i": 7,"subgroup": 31,"subgroupHM": "P","subgroupIndex": 2,"trSubtype": "ct","trType": "k","trm": [ "a:-b,a,c" ] },{ "det": 2.0,"i": 8,"subgroup": 38,"subgroupHM": "A","subgroupIndex": 2,"trSubtype": "eu","trType": "k","trm": [ "a:2a,b,c;1/2,0,0","b:2a,b,c" ] },{ "det": 3.0,"i": 9,"subgroup": 38,"subgroupHM": "A","subgroupIndex": 3,"trSubtype": "eu","trType": "k","trm": [ "a:a,3b,c","a:a,3b,c;0,1,0","a:a,3b,c;0,2,0","b:3a,b,c","b:3a,b,c;1,0,0","b:3a,b,c;2,0,0","c:a,b,3c" ] },{ "det": 2.0,"i": 10,"subgroup": 40,"subgroupHM": "A","subgroupIndex": 2,"trSubtype": "eu","trType": "k","trm": [ "a:2a,b,c;1/2,0,0","b:2a,b,c" ] },{ "det": 2.0,"i": 11,"subgroup": 44,"subgroupHM": "I","subgroupIndex": 2,"trSubtype": "eu","trType": "k","trm": [ "a:2a,b,c;1/2,0,0","b:2a,b,c" ] },{ "det": 2.0,"i": 12,"subgroup": 46,"subgroupHM": "I","subgroupIndex": 2,"trSubtype": "eu","trType": "k","trm": [ "a:2a,b,c;1/2,0,0","b:2a,b,c" ] } ] }