{ "HM": "P4/mcc","created": "Wed Mar 27 16:24:51 CDT 2024","nSettings": 18,"nSubgroups": 12,"sg": 124,"subgroups": [ { "det": 1.0,"i": 1,"subgroup": 49,"subgroupHM": "P","subgroupIndex": 2,"trSubtype": "","trType": "t","trm": [ "a:a,b,c" ] },{ "det": 2.0,"i": 2,"subgroup": 66,"subgroupHM": "C","subgroupIndex": 2,"trSubtype": "","trType": "t","trm": [ "a:a-b,a+b,c" ] },{ "det": 1.0,"i": 3,"subgroup": 83,"subgroupHM": "P4","subgroupIndex": 2,"trSubtype": "","trType": "t","trm": [ "a:a,b,c" ] },{ "det": 1.0,"i": 4,"subgroup": 89,"subgroupHM": "P422","subgroupIndex": 2,"trSubtype": "","trType": "t","trm": [ "a:a,b,c;0,0,1/4" ] },{ "det": 1.0,"i": 5,"subgroup": 103,"subgroupHM": "P4","subgroupIndex": 2,"trSubtype": "","trType": "t","trm": [ "a:a,b,c" ] },{ "det": 1.0,"i": 6,"subgroup": 112,"subgroupHM": "P-42","subgroupIndex": 2,"trSubtype": "","trType": "t","trm": [ "a:a,b,c" ] },{ "det": 1.0,"i": 7,"subgroup": 116,"subgroupHM": "P-4","subgroupIndex": 2,"trSubtype": "","trType": "t","trm": [ "a:a,b,c" ] },{ "det": 2.0,"i": 8,"subgroup": 124,"subgroupHM": "P4","subgroupIndex": 2,"trSubtype": "eu","trType": "k","trm": [ "a:a-b,a+b,c;1/2,1/2,0","b:a-b,a+b,c" ] },{ "det": 3.0,"i": 9,"subgroup": 124,"subgroupHM": "P4","subgroupIndex": 3,"trSubtype": "eu","trType": "k","trm": [ "a:a,b,3c","a:a,b,3c;0,0,1","a:a,b,3c;0,0,2" ] },{ "det": 2.0,"i": 10,"subgroup": 126,"subgroupHM": "P4","subgroupIndex": 2,"trSubtype": "eu","trType": "k","trm": [ "a:a-b,a+b,c;0,1/2,0","b:a-b,a+b,c;1/2,0,0" ] },{ "det": 2.0,"i": 11,"subgroup": 128,"subgroupHM": "P4","subgroupIndex": 2,"trSubtype": "eu","trType": "k","trm": [ "a:a-b,a+b,c;1/2,1/2,0","b:a-b,a+b,c" ] },{ "det": 2.0,"i": 12,"subgroup": 130,"subgroupHM": "P4","subgroupIndex": 2,"trSubtype": "eu","trType": "k","trm": [ "a:a-b,a+b,c;0,1/2,0","b:a-b,a+b,c;1/2,0,0" ] } ] }