{ "HM": "Pma2","created": "Wed Mar 27 16:23:58 CDT 2024","nSettings": 22,"nSubgroups": 11,"sg": 28,"subgroups": [ { "det": 1.0,"i": 1,"subgroup": 3,"subgroupHM": "P2","subgroupIndex": 2,"trSubtype": "","trType": "t","trm": [ "a:b,c,a" ] },{ "det": 1.0,"i": 2,"subgroup": 6,"subgroupHM": "P","subgroupIndex": 2,"trSubtype": "","trType": "t","trm": [ "a:c,a,b;1/4,0,0" ] },{ "det": 1.0,"i": 3,"subgroup": 7,"subgroupHM": "P","subgroupIndex": 2,"trSubtype": "","trType": "t","trm": [ "a:-a-c,b,a" ] },{ "det": 2.0,"i": 4,"subgroup": 28,"subgroupHM": "P","subgroupIndex": 2,"trSubtype": "eu","trType": "k","trm": [ "a:a,b,2c","b:a,2b,c;0,1/2,0","c:a,2b,c" ] },{ "det": 3.0,"i": 5,"subgroup": 28,"subgroupHM": "P","subgroupIndex": 3,"trSubtype": "eu","trType": "k","trm": [ "a:a,3b,c","a:a,3b,c;0,1,0","a:a,3b,c;0,2,0","b:3a,b,c","b:3a,b,c;1,0,0","b:3a,b,c;2,0,0","c:a,b,3c" ] },{ "det": 2.0,"i": 6,"subgroup": 29,"subgroupHM": "P","subgroupIndex": 2,"trSubtype": "eu","trType": "k","trm": [ "a:a,b,2c" ] },{ "det": 2.0,"i": 7,"subgroup": 30,"subgroupHM": "P","subgroupIndex": 2,"trSubtype": "eu","trType": "k","trm": [ "a:-b,a,2c" ] },{ "det": 2.0,"i": 8,"subgroup": 31,"subgroupHM": "P","subgroupIndex": 2,"trSubtype": "eu","trType": "k","trm": [ "a:a,b,2c;1/4,0,0" ] },{ "det": 2.0,"i": 9,"subgroup": 32,"subgroupHM": "P","subgroupIndex": 2,"trSubtype": "eu","trType": "k","trm": [ "a:a,2b,c;0,1/2,0","b:a,2b,c" ] },{ "det": 4.0,"i": 10,"subgroup": 40,"subgroupHM": "A","subgroupIndex": 2,"trSubtype": "eu","trType": "k","trm": [ "a:a,2b,2c;0,1/2,0","b:a,2b,2c" ] },{ "det": 4.0,"i": 11,"subgroup": 41,"subgroupHM": "A","subgroupIndex": 2,"trSubtype": "eu","trType": "k","trm": [ "a:a,2b,2c;0,1/2,0","b:a,2b,2c" ] } ] }