{ "HM": "Cmcm","created": "Wed Mar 27 16:24:16 CDT 2024","nSettings": 24,"nSubgroups": 15,"sg": 63,"subgroups": [ { "det": 0.5,"i": 1,"subgroup": 11,"subgroupHM": "P21","subgroupIndex": 2,"trSubtype": "","trType": "t","trm": [ "a:1/2a+1/2b,c,1/2a-1/2b" ] },{ "det": 1.0,"i": 2,"subgroup": 12,"subgroupHM": "C2","subgroupIndex": 2,"trSubtype": "","trType": "t","trm": [ "a:-b,a,c" ] },{ "det": 1.0,"i": 3,"subgroup": 15,"subgroupHM": "C2","subgroupIndex": 2,"trSubtype": "","trType": "t","trm": [ "a:a,b,c" ] },{ "det": 1.0,"i": 4,"subgroup": 20,"subgroupHM": "C2221","subgroupIndex": 2,"trSubtype": "","trType": "t","trm": [ "a:a,b,c" ] },{ "det": 1.0,"i": 5,"subgroup": 36,"subgroupHM": "C","subgroupIndex": 2,"trSubtype": "","trType": "t","trm": [ "a:a,b,c" ] },{ "det": 1.0,"i": 6,"subgroup": 38,"subgroupHM": "A","subgroupIndex": 2,"trSubtype": "","trType": "t","trm": [ "a:c,a,b;0,0,1/4" ] },{ "det": 1.0,"i": 7,"subgroup": 40,"subgroupHM": "A","subgroupIndex": 2,"trSubtype": "","trType": "t","trm": [ "a:c,b,-a" ] },{ "det": 1.0,"i": 8,"subgroup": 51,"subgroupHM": "P","subgroupIndex": 2,"trSubtype": "ct","trType": "k","trm": [ "a:c,a,b" ] },{ "det": 1.0,"i": 9,"subgroup": 52,"subgroupHM": "P","subgroupIndex": 2,"trSubtype": "ct","trType": "k","trm": [ "a:b,c,a;1/4,1/4,0" ] },{ "det": 1.0,"i": 10,"subgroup": 57,"subgroupHM": "P","subgroupIndex": 2,"trSubtype": "ct","trType": "k","trm": [ "a:a,b,c;1/4,1/4,0" ] },{ "det": 1.0,"i": 11,"subgroup": 58,"subgroupHM": "P","subgroupIndex": 2,"trSubtype": "ct","trType": "k","trm": [ "a:b,c,a" ] },{ "det": 1.0,"i": 12,"subgroup": 59,"subgroupHM": "P","subgroupIndex": 2,"trSubtype": "ct","trType": "k","trm": [ "a:c,a,b;1/4,1/4,0" ] },{ "det": 1.0,"i": 13,"subgroup": 60,"subgroupHM": "P","subgroupIndex": 2,"trSubtype": "ct","trType": "k","trm": [ "a:a,b,c" ] },{ "det": 1.0,"i": 14,"subgroup": 62,"subgroupHM": "P","subgroupIndex": 2,"trSubtype": "ct","trType": "k","trm": [ "a:c,a,b;1/4,1/4,0","b:b,c,a" ] },{ "det": 3.0,"i": 15,"subgroup": 63,"subgroupHM": "C","subgroupIndex": 3,"trSubtype": "eu","trType": "k","trm": [ "a:a,b,3c","a:a,b,3c;0,0,1","a:a,b,3c;0,0,2","b:a,3b,c","b:a,3b,c;0,1,0","b:a,3b,c;0,2,0","c:3a,b,c","c:3a,b,c;1,0,0","c:3a,b,c;2,0,0" ] } ] }