{ "HM": "I4/mcm","created": "Wed Mar 27 16:25:04 CDT 2024","nSettings": 18,"nSubgroups": 16,"sg": 140,"subgroups": [ { "det": 2.0,"i": 1,"subgroup": 69,"subgroupHM": "F","subgroupIndex": 2,"trSubtype": "","trType": "t","trm": [ "a:a-b,a+b,c;0,1/2,0" ] },{ "det": 1.0,"i": 2,"subgroup": 72,"subgroupHM": "I","subgroupIndex": 2,"trSubtype": "","trType": "t","trm": [ "a:a,b,c" ] },{ "det": 1.0,"i": 3,"subgroup": 87,"subgroupHM": "I4","subgroupIndex": 2,"trSubtype": "","trType": "t","trm": [ "a:a,b,c" ] },{ "det": 1.0,"i": 4,"subgroup": 97,"subgroupHM": "I422","subgroupIndex": 2,"trSubtype": "","trType": "t","trm": [ "a:a,b,c;0,0,1/4" ] },{ "det": 1.0,"i": 5,"subgroup": 108,"subgroupHM": "I4","subgroupIndex": 2,"trSubtype": "","trType": "t","trm": [ "a:a,b,c" ] },{ "det": 1.0,"i": 6,"subgroup": 120,"subgroupHM": "I-4","subgroupIndex": 2,"trSubtype": "","trType": "t","trm": [ "a:a,b,c" ] },{ "det": 1.0,"i": 7,"subgroup": 121,"subgroupHM": "I-42","subgroupIndex": 2,"trSubtype": "","trType": "t","trm": [ "a:a,b,c;0,1/2,1/4" ] },{ "det": 1.0,"i": 8,"subgroup": 124,"subgroupHM": "P4","subgroupIndex": 2,"trSubtype": "ct","trType": "k","trm": [ "a:a,b,c" ] },{ "det": 1.0,"i": 9,"subgroup": 125,"subgroupHM": "P4","subgroupIndex": 2,"trSubtype": "ct","trType": "k","trm": [ "a:a,b,c;1/4,1/4,1/4" ] },{ "det": 1.0,"i": 10,"subgroup": 127,"subgroupHM": "P4","subgroupIndex": 2,"trSubtype": "ct","trType": "k","trm": [ "a:a,b,c" ] },{ "det": 1.0,"i": 11,"subgroup": 130,"subgroupHM": "P4","subgroupIndex": 2,"trSubtype": "ct","trType": "k","trm": [ "a:a,b,c;1/4,1/4,1/4" ] },{ "det": 1.0,"i": 12,"subgroup": 132,"subgroupHM": "P42","subgroupIndex": 2,"trSubtype": "ct","trType": "k","trm": [ "a:a,b,c;0,1/2,0" ] },{ "det": 1.0,"i": 13,"subgroup": 133,"subgroupHM": "P42","subgroupIndex": 2,"trSubtype": "ct","trType": "k","trm": [ "a:a,b,c;1/4,3/4,1/4" ] },{ "det": 1.0,"i": 14,"subgroup": 135,"subgroupHM": "P42","subgroupIndex": 2,"trSubtype": "ct","trType": "k","trm": [ "a:a,b,c;0,1/2,0" ] },{ "det": 1.0,"i": 15,"subgroup": 138,"subgroupHM": "P42","subgroupIndex": 2,"trSubtype": "ct","trType": "k","trm": [ "a:a,b,c;1/4,3/4,1/4" ] },{ "det": 3.0,"i": 16,"subgroup": 140,"subgroupHM": "I4","subgroupIndex": 3,"trSubtype": "eu","trType": "k","trm": [ "a:a,b,3c","a:a,b,3c;0,0,1","a:a,b,3c;0,0,2" ] } ] }