{ "HM": "Ccce","created": "Wed Mar 27 16:24:21 CDT 2024","nSettings": 24,"nSubgroups": 10,"sg": 68,"subgroups": [ { "det": 0.5,"i": 1,"subgroup": 13,"subgroupHM": "P2","subgroupIndex": 2,"trSubtype": "","trType": "t","trm": [ "a:-1/2a+1/2b,c,a;1/4,1/4,0" ] },{ "det": 1.0,"i": 2,"subgroup": 15,"subgroupHM": "C2","subgroupIndex": 2,"trSubtype": "","trType": "t","trm": [ "a:-b,a,c;1/4,1/4,0","b:a,b,c" ] },{ "det": 1.0,"i": 3,"subgroup": 21,"subgroupHM": "C222","subgroupIndex": 2,"trSubtype": "","trType": "t","trm": [ "a:a,b,c;0,1/4,1/4" ] },{ "det": 1.0,"i": 4,"subgroup": 37,"subgroupHM": "C","subgroupIndex": 2,"trSubtype": "","trType": "t","trm": [ "a:a,b,c;1/4,0,1/4" ] },{ "det": 1.0,"i": 5,"subgroup": 41,"subgroupHM": "A","subgroupIndex": 2,"trSubtype": "","trType": "t","trm": [ "a:c,b,-a;0,1/4,1/4","b:c,a,b;0,1/4,1/4" ] },{ "det": 1.0,"i": 6,"subgroup": 50,"subgroupHM": "P","subgroupIndex": 2,"trSubtype": "ct","trType": "k","trm": [ "a:c,a,b;1/4,1/4,0","b:b,c,a" ] },{ "det": 1.0,"i": 7,"subgroup": 52,"subgroupHM": "P","subgroupIndex": 2,"trSubtype": "ct","trType": "k","trm": [ "a:a,b,c","b:-b,a,c;1/4,1/4,0" ] },{ "det": 1.0,"i": 8,"subgroup": 54,"subgroupHM": "P","subgroupIndex": 2,"trSubtype": "ct","trType": "k","trm": [ "a:-b,a,c;1/4,1/4,0","b:a,b,c" ] },{ "det": 1.0,"i": 9,"subgroup": 60,"subgroupHM": "P","subgroupIndex": 2,"trSubtype": "ct","trType": "k","trm": [ "a:b,c,a;1/4,1/4,0","b:a,-c,b" ] },{ "det": 3.0,"i": 10,"subgroup": 68,"subgroupHM": "C","subgroupIndex": 3,"trSubtype": "eu","trType": "k","trm": [ "a:a,b,3c","a:a,b,3c;0,0,1","a:a,b,3c;0,0,2","b:a,3b,c","b:a,3b,c;0,1,0","b:a,3b,c;0,2,0","c:3a,b,c","c:3a,b,c;1,0,0","c:3a,b,c;2,0,0" ] } ] }