{ "HM": "P32","created": "Wed Mar 27 16:25:07 CDT 2024","nSettings": 9,"nSubgroups": 4,"sg": 145,"subgroups": [ { "det": 1.0,"i": 1,"subgroup": 1,"subgroupHM": "P1","subgroupIndex": 3,"trSubtype": "","trType": "t","trm": [ "a:a,b,c" ] },{ "det": 2.0,"i": 2,"subgroup": 144,"subgroupHM": "P31","subgroupIndex": 2,"trSubtype": "eu","trType": "k","trm": [ "a:a,b,2c" ] },{ "det": 3.0,"i": 3,"subgroup": 145,"subgroupHM": "P32","subgroupIndex": 3,"trSubtype": "eu","trType": "k","trm": [ "a:a-b,a+2b,c;1/3,2/3,0","b:a-b,a+2b,c;2/3,1/3,0","c:a-b,a+2b,c" ] },{ "det": 4.0,"i": 4,"subgroup": 145,"subgroupHM": "P32","subgroupIndex": 4,"trSubtype": "eu","trType": "k","trm": [ "a:2a,2b,c","a:2a,2b,c;1,0,0","a:2a,2b,c;0,1,0","a:2a,2b,c;1,1,0" ] } ] }