{ "HM": "P4/mnc","created": "Wed Mar 27 16:24:54 CDT 2024","nSettings": 10,"nSubgroups": 8,"sg": 128,"subgroups": [ { "det": 1.0,"i": 1,"subgroup": 58,"subgroupHM": "P","subgroupIndex": 2,"trSubtype": "","trType": "t","trm": [ "a:a,b,c" ] },{ "det": 2.0,"i": 2,"subgroup": 66,"subgroupHM": "C","subgroupIndex": 2,"trSubtype": "","trType": "t","trm": [ "a:a-b,a+b,c;0,1/2,0" ] },{ "det": 1.0,"i": 3,"subgroup": 83,"subgroupHM": "P4","subgroupIndex": 2,"trSubtype": "","trType": "t","trm": [ "a:a,b,c" ] },{ "det": 1.0,"i": 4,"subgroup": 90,"subgroupHM": "P4212","subgroupIndex": 2,"trSubtype": "","trType": "t","trm": [ "a:a,b,c;0,1/2,1/4" ] },{ "det": 1.0,"i": 5,"subgroup": 104,"subgroupHM": "P4","subgroupIndex": 2,"trSubtype": "","trType": "t","trm": [ "a:a,b,c" ] },{ "det": 1.0,"i": 6,"subgroup": 114,"subgroupHM": "P-421","subgroupIndex": 2,"trSubtype": "","trType": "t","trm": [ "a:a,b,c" ] },{ "det": 1.0,"i": 7,"subgroup": 118,"subgroupHM": "P-4","subgroupIndex": 2,"trSubtype": "","trType": "t","trm": [ "a:a,b,c" ] },{ "det": 3.0,"i": 8,"subgroup": 128,"subgroupHM": "P4","subgroupIndex": 3,"trSubtype": "eu","trType": "k","trm": [ "a:a,b,3c","a:a,b,3c;0,0,1","a:a,b,3c;0,0,2" ] } ] }