{ "HM": "Pc","created": "Wed Mar 27 16:23:53 CDT 2024","nSettings": 14,"nSubgroups": 4,"sg": 7,"subgroups": [ { "det": 1.0,"i": 1,"subgroup": 1,"subgroupHM": "P1","subgroupIndex": 2,"trSubtype": "","trType": "t","trm": [ "a:a,b,c" ] },{ "det": 2.0,"i": 2,"subgroup": 7,"subgroupHM": "P","subgroupIndex": 2,"trSubtype": "eu","trType": "k","trm": [ "a:2a,b,-2a+c","b:2a,b,c","c:a,2b,c;0,1/2,0","d:a,2b,c" ] },{ "det": 3.0,"i": 3,"subgroup": 7,"subgroupHM": "P","subgroupIndex": 3,"trSubtype": "eu","trType": "k","trm": [ "a:a,3b,c","a:a,3b,c;0,1,0","a:a,3b,c;0,2,0","b:3a,b,-2a+c","c:3a,b,c","d:a,b,3c","e:3a,b,-4a+c" ] },{ "det": 4.0,"i": 4,"subgroup": 9,"subgroupHM": "C","subgroupIndex": 2,"trSubtype": "eu","trType": "k","trm": [ "a:2a,2b,c;0,1/2,0","b:2a,2b,c" ] } ] }