{ "HM": "P2221","created": "Wed Mar 27 16:23:55 CDT 2024","nSettings": 24,"nSubgroups": 6,"sg": 17,"subgroups": [ { "det": 1.0,"i": 1,"subgroup": 3,"subgroupHM": "P2","subgroupIndex": 2,"trSubtype": "","trType": "t","trm": [ "a:c,a,b","b:a,b,c;0,0,1/4" ] },{ "det": 1.0,"i": 2,"subgroup": 4,"subgroupHM": "P21","subgroupIndex": 2,"trSubtype": "","trType": "t","trm": [ "a:b,c,a" ] },{ "det": 2.0,"i": 3,"subgroup": 17,"subgroupHM": "P2221","subgroupIndex": 2,"trSubtype": "eu","trType": "k","trm": [ "a:a,2b,c;0,1/2,0","b:a,2b,c","c:2a,b,c;1/2,0,0","d:2a,b,c" ] },{ "det": 3.0,"i": 4,"subgroup": 17,"subgroupHM": "P2221","subgroupIndex": 3,"trSubtype": "eu","trType": "k","trm": [ "a:a,b,3c","a:a,b,3c;0,0,1","a:a,b,3c;0,0,2","b:a,3b,c","b:a,3b,c;0,1,0","b:a,3b,c;0,2,0","c:3a,b,c","c:3a,b,c;1,0,0","c:3a,b,c;2,0,0" ] },{ "det": 2.0,"i": 5,"subgroup": 18,"subgroupHM": "P21212","subgroupIndex": 2,"trSubtype": "eu","trType": "k","trm": [ "a:2b,c,a","b:2b,c,a;0,1/2,0","c:c,2a,b;0,0,1/4","d:c,2a,b;1/2,0,1/4" ] },{ "det": 4.0,"i": 6,"subgroup": 20,"subgroupHM": "C2221","subgroupIndex": 2,"trSubtype": "eu","trType": "k","trm": [ "a:2a,2b,c;1/2,1/2,0","b:2a,2b,c;0,1/2,0","c:2a,2b,c;1/2,0,0","d:2a,2b,c" ] } ] }