{ "HM": "F4132","created": "Wed Mar 27 16:25:42 CDT 2024","nSettings": 16,"nSubgroups": 5,"sg": 210,"subgroups": [ { "det": 0.5,"i": 1,"subgroup": 98,"subgroupHM": "I4122","subgroupIndex": 3,"trSubtype": "","trType": "t","trm": [ "a:1/2a-1/2b,1/2a+1/2b,c","a:1/2b-1/2c,1/2b+1/2c,a","a:-1/2a+1/2c,1/2a+1/2c,b" ] },{ "det": 0.75,"i": 2,"subgroup": 155,"subgroupHM": "R32","subgroupIndex": 4,"trSubtype": "","trType": "t","trm": [ "a:-1/2a+1/2b,-1/2b+1/2c,a+b+c;1/8,1/8,1/8","a:1/2a+1/2b,-1/2b-1/2c,-a+b-c;3/8,1/8,3/8","a:-1/2a-1/2b,1/2b-1/2c,a-b-c;1/8,3/8,3/8","a:1/2a-1/2b,1/2b+1/2c,-a-b+c;3/8,3/8,1/8" ] },{ "det": 1.0,"i": 3,"subgroup": 196,"subgroupHM": "F23","subgroupIndex": 2,"trSubtype": "","trType": "t","trm": [ "a:a,b,c" ] },{ "det": 1.0,"i": 4,"subgroup": 212,"subgroupHM": "P4332","subgroupIndex": 4,"trSubtype": "ct","trType": "k","trm": [ "a:a,b,c","a:a,b,c;1/2,0,1/2","a:a,b,c;0,1/2,1/2","a:a,b,c;1/2,1/2,0" ] },{ "det": 1.0,"i": 5,"subgroup": 213,"subgroupHM": "P4132","subgroupIndex": 4,"trSubtype": "ct","trType": "k","trm": [ "a:a,b,c;1/4,1/4,1/4","a:a,b,c;3/4,3/4,1/4","a:a,b,c;1/4,3/4,3/4","a:a,b,c;3/4,1/4,3/4" ] } ] }