{ "HM": "P42/nmc","created": "Wed Mar 27 16:25:01 CDT 2024","nSettings": 10,"nSubgroups": 8,"sg": 137,"subgroups": [ { "det": 1.0,"i": 1,"subgroup": 59,"subgroupHM": "P","subgroupIndex": 2,"trSubtype": "","trType": "t","trm": [ "a:a,b,c" ] },{ "det": 2.0,"i": 2,"subgroup": 68,"subgroupHM": "C","subgroupIndex": 2,"trSubtype": "","trType": "t","trm": [ "a:a-b,a+b,c;0,1/2,0" ] },{ "det": 1.0,"i": 3,"subgroup": 86,"subgroupHM": "P42","subgroupIndex": 2,"trSubtype": "","trType": "t","trm": [ "a:a,b,c;0,1/2,0" ] },{ "det": 1.0,"i": 4,"subgroup": 94,"subgroupHM": "P42212","subgroupIndex": 2,"trSubtype": "","trType": "t","trm": [ "a:a,b,c;1/4,3/4,1/4" ] },{ "det": 1.0,"i": 5,"subgroup": 105,"subgroupHM": "P42","subgroupIndex": 2,"trSubtype": "","trType": "t","trm": [ "a:a,b,c;1/4,1/4,0" ] },{ "det": 1.0,"i": 6,"subgroup": 114,"subgroupHM": "P-421","subgroupIndex": 2,"trSubtype": "","trType": "t","trm": [ "a:a,b,c;1/4,3/4,1/4" ] },{ "det": 1.0,"i": 7,"subgroup": 115,"subgroupHM": "P-4","subgroupIndex": 2,"trSubtype": "","trType": "t","trm": [ "a:a,b,c;1/4,3/4,1/4" ] },{ "det": 3.0,"i": 8,"subgroup": 137,"subgroupHM": "P42","subgroupIndex": 3,"trSubtype": "eu","trType": "k","trm": [ "a:a,b,3c","a:a,b,3c;0,0,1","a:a,b,3c;0,0,2" ] } ] }