{ "HM": "Fm-3m","created": "Wed Mar 27 16:25:50 CDT 2024","nSettings": 18,"nSubgroups": 7,"sg": 225,"subgroups": [ { "det": 0.5,"i": 1,"subgroup": 139,"subgroupHM": "I4","subgroupIndex": 3,"trSubtype": "","trType": "t","trm": [ "a:1/2a-1/2b,1/2a+1/2b,c","a:1/2b-1/2c,1/2b+1/2c,a","a:-1/2a+1/2c,1/2a+1/2c,b" ] },{ "det": 0.75,"i": 2,"subgroup": 166,"subgroupHM": "R-3","subgroupIndex": 4,"trSubtype": "","trType": "t","trm": [ "a:-1/2a+1/2b,-1/2b+1/2c,a+b+c","a:1/2a+1/2b,-1/2b-1/2c,-a+b-c","a:-1/2a-1/2b,1/2b-1/2c,a-b-c","a:1/2a-1/2b,1/2b+1/2c,-a-b+c" ] },{ "det": 1.0,"i": 3,"subgroup": 202,"subgroupHM": "F","subgroupIndex": 2,"trSubtype": "","trType": "t","trm": [ "a:a,b,c" ] },{ "det": 1.0,"i": 4,"subgroup": 209,"subgroupHM": "F432","subgroupIndex": 2,"trSubtype": "","trType": "t","trm": [ "a:a,b,c" ] },{ "det": 1.0,"i": 5,"subgroup": 216,"subgroupHM": "F-43","subgroupIndex": 2,"trSubtype": "","trType": "t","trm": [ "a:a,b,c" ] },{ "det": 1.0,"i": 6,"subgroup": 221,"subgroupHM": "P","subgroupIndex": 4,"trSubtype": "ct","trType": "k","trm": [ "a:a,b,c","a:a,b,c;1/2,1/2,0","a:a,b,c;0,1/2,1/2","a:a,b,c;1/2,0,1/2" ] },{ "det": 1.0,"i": 7,"subgroup": 224,"subgroupHM": "P","subgroupIndex": 4,"trSubtype": "ct","trType": "k","trm": [ "a:a,b,c","a:a,b,c;1/2,0,1/2","a:a,b,c;0,1/2,1/2","a:a,b,c;1/2,1/2,0" ] } ] }