{ "HM": "P-1","created": "Wed Mar 27 16:23:52 CDT 2024","nSettings": 54,"nSubgroups": 3,"sg": 2,"subgroups": [ { "det": 1.0,"i": 1,"subgroup": 1,"subgroupHM": "P1","subgroupIndex": 2,"trSubtype": "","trType": "t","trm": [ "a:a,b,c" ] },{ "det": 2.0,"i": 2,"subgroup": 2,"subgroupHM": "P-1","subgroupIndex": 2,"trSubtype": "eu","trType": "k","trm": [ "a:2a,b,a+c;1/2,0,0","b:2a,b,a+c","c:a,2b,b+c;0,1/2,0","d:a,2b,b+c","e:a,b,2c;0,0,1/2","f:a,b,2c","g:a,2b,c;0,1/2,0","h:a,2b,c","i:2a,a+b,a+c;1/2,0,0","j:2a,a+b,a+c","k:2a,a+b,c;1/2,0,0","l:2a,a+b,c","m:2a,b,c;1/2,0,0","n:2a,b,c" ] },{ "det": 3.0,"i": 3,"subgroup": 2,"subgroupHM": "P-1","subgroupIndex": 3,"trSubtype": "eu","trType": "k","trm": [ "a:a,b,3c","a:a,b,3c;0,0,1","a:a,b,3c;0,0,2","b:a,3b,2b+c","b:a,3b,2b+c;0,1,0","b:a,3b,2b+c;0,2,0","c:a,3b,b+c","c:a,3b,b+c;0,1,0","c:a,3b,b+c;0,2,0","d:a,3b,c","d:a,3b,c;0,1,0","d:a,3b,c;0,2,0","e:3a,2a+b,2a+c","e:3a,2a+b,2a+c;1,0,0","e:3a,2a+b,2a+c;2,0,0","f:3a,a+b,2a+c","f:3a,a+b,2a+c;1,0,0","f:3a,a+b,2a+c;2,0,0","g:3a,2a+b,a+c","g:3a,2a+b,a+c;1,0,0","g:3a,2a+b,a+c;2,0,0","h:3a,a+b,a+c","h:3a,a+b,a+c;1,0,0","h:3a,a+b,a+c;2,0,0","i:3a,b,2a+c","i:3a,b,2a+c;1,0,0","i:3a,b,2a+c;2,0,0","j:3a,b,a+c","j:3a,b,a+c;1,0,0","j:3a,b,a+c;2,0,0","k:3a,2a+b,c","k:3a,2a+b,c;1,0,0","k:3a,2a+b,c;2,0,0","l:3a,a+b,c","l:3a,a+b,c;1,0,0","l:3a,a+b,c;2,0,0","m:3a,b,c","m:3a,b,c;1,0,0","m:3a,b,c;2,0,0" ] } ] }