{ "HM": "P6","created": "Wed Mar 27 16:25:21 CDT 2024","nSettings": 14,"nSubgroups": 8,"sg": 168,"subgroups": [ { "det": 1.0,"i": 1,"subgroup": 3,"subgroupHM": "P2","subgroupIndex": 3,"trSubtype": "","trType": "t","trm": [ "a:b,c,a" ] },{ "det": 1.0,"i": 2,"subgroup": 143,"subgroupHM": "P3","subgroupIndex": 2,"trSubtype": "","trType": "t","trm": [ "a:a,b,c" ] },{ "det": 2.0,"i": 3,"subgroup": 168,"subgroupHM": "P6","subgroupIndex": 2,"trSubtype": "eu","trType": "k","trm": [ "a:a,b,2c" ] },{ "det": 3.0,"i": 4,"subgroup": 168,"subgroupHM": "P6","subgroupIndex": 3,"trSubtype": "eu","trType": "k","trm": [ "a:a-b,a+2b,c","a:a-b,a+2b,c;1,0,0","a:a-b,a+2b,c;2,0,0","b:a,b,3c" ] },{ "det": 4.0,"i": 5,"subgroup": 168,"subgroupHM": "P6","subgroupIndex": 4,"trSubtype": "eu","trType": "k","trm": [ "a:2a,2b,c","a:2a,2b,c;1,0,0","a:2a,2b,c;0,1,0","a:2a,2b,c;1,1,0" ] },{ "det": 3.0,"i": 6,"subgroup": 171,"subgroupHM": "P62","subgroupIndex": 3,"trSubtype": "eu","trType": "k","trm": [ "a:a,b,3c" ] },{ "det": 3.0,"i": 7,"subgroup": 172,"subgroupHM": "P64","subgroupIndex": 3,"trSubtype": "eu","trType": "k","trm": [ "a:a,b,3c" ] },{ "det": 2.0,"i": 8,"subgroup": 173,"subgroupHM": "P63","subgroupIndex": 2,"trSubtype": "eu","trType": "k","trm": [ "a:a,b,2c" ] } ] }