{ "HM": "P3c1","created": "Wed Mar 27 16:25:14 CDT 2024","nSettings": 18,"nSubgroups": 5,"sg": 158,"subgroups": [ { "det": 2.0,"i": 1,"subgroup": 9,"subgroupHM": "C","subgroupIndex": 3,"trSubtype": "","trType": "t","trm": [ "a:-a+b,-a-b,c","a:-a-2b,a,c","a:2a+b,b,c" ] },{ "det": 1.0,"i": 2,"subgroup": 143,"subgroupHM": "P3","subgroupIndex": 2,"trSubtype": "","trType": "t","trm": [ "a:a,b,c" ] },{ "det": 3.0,"i": 3,"subgroup": 158,"subgroupHM": "P3","subgroupIndex": 3,"trSubtype": "eu","trType": "k","trm": [ "a:a,b,3c" ] },{ "det": 4.0,"i": 4,"subgroup": 158,"subgroupHM": "P3","subgroupIndex": 4,"trSubtype": "eu","trType": "k","trm": [ "a:2a,2b,c","a:2a,2b,c;1,0,0","a:2a,2b,c;0,1,0","a:2a,2b,c;1,1,0" ] },{ "det": 3.0,"i": 5,"subgroup": 159,"subgroupHM": "P31","subgroupIndex": 3,"trSubtype": "eu","trType": "k","trm": [ "a:a-b,a+2b,c;1/3,-1/3,0","a:a-b,a+2b,c;1/3,2/3,0","a:a-b,a+2b,c;4/3,2/3,0","b:a-b,a+2b,c;2/3,-2/3,0","b:a-b,a+2b,c;2/3,1/3,0","b:a-b,a+2b,c;2/3,4/3,0","c:a-b,a+2b,c","c:a-b,a+2b,c;1,0,0","c:a-b,a+2b,c;1,1,0" ] } ] }