{ "HM": "I4122","created": "Wed Mar 27 16:24:36 CDT 2024","nSettings": 10,"nSubgroups": 8,"sg": 98,"subgroups": [ { "det": 2.0,"i": 1,"subgroup": 22,"subgroupHM": "F222","subgroupIndex": 2,"trSubtype": "","trType": "t","trm": [ "a:a-b,a+b,c" ] },{ "det": 1.0,"i": 2,"subgroup": 24,"subgroupHM": "I212121","subgroupIndex": 2,"trSubtype": "","trType": "t","trm": [ "a:a,b,c;0,1/4,3/8" ] },{ "det": 1.0,"i": 3,"subgroup": 80,"subgroupHM": "I41","subgroupIndex": 2,"trSubtype": "","trType": "t","trm": [ "a:a,b,c" ] },{ "det": 1.0,"i": 4,"subgroup": 91,"subgroupHM": "P4122","subgroupIndex": 2,"trSubtype": "ct","trType": "k","trm": [ "a:a,b,c;3/4,1/4,3/8" ] },{ "det": 1.0,"i": 5,"subgroup": 92,"subgroupHM": "P41212","subgroupIndex": 2,"trSubtype": "ct","trType": "k","trm": [ "a:a,b,c;1/4,1/4,0" ] },{ "det": 1.0,"i": 6,"subgroup": 95,"subgroupHM": "P4322","subgroupIndex": 2,"trSubtype": "ct","trType": "k","trm": [ "a:a,b,c;1/4,1/4,3/8" ] },{ "det": 1.0,"i": 7,"subgroup": 96,"subgroupHM": "P43212","subgroupIndex": 2,"trSubtype": "ct","trType": "k","trm": [ "a:a,b,c;1/4,3/4,1/4" ] },{ "det": 3.0,"i": 8,"subgroup": 98,"subgroupHM": "I4122","subgroupIndex": 3,"trSubtype": "eu","trType": "k","trm": [ "a:a,b,3c;1/2,0,1/4","a:a,b,3c;1/2,0,5/4","a:a,b,3c;1/2,0,9/4" ] } ] }