{ "HM": "I212121","created": "Wed Mar 27 16:23:56 CDT 2024","nSettings": 16,"nSubgroups": 4,"sg": 24,"subgroups": [ { "det": 1.0,"i": 1,"subgroup": 5,"subgroupHM": "C2","subgroupIndex": 2,"trSubtype": "","trType": "t","trm": [ "a:-b-c,a,c;0,0,1/4","b:-a-c,b,a;1/4,0,0","c:-a-b,c,b;0,1/4,0" ] },{ "det": 1.0,"i": 2,"subgroup": 17,"subgroupHM": "P2221","subgroupIndex": 2,"trSubtype": "ct","trType": "k","trm": [ "a:b,c,a;1/4,1/4,0","b:c,a,b;0,1/4,1/4","c:a,b,c;1/4,0,1/4" ] },{ "det": 1.0,"i": 3,"subgroup": 19,"subgroupHM": "P212121","subgroupIndex": 2,"trSubtype": "ct","trType": "k","trm": [ "a:a,b,c" ] },{ "det": 3.0,"i": 4,"subgroup": 24,"subgroupHM": "I212121","subgroupIndex": 3,"trSubtype": "eu","trType": "k","trm": [ "a:a,b,3c","a:a,b,3c;0,0,1","a:a,b,3c;0,0,2","b:a,3b,c","b:a,3b,c;0,1,0","b:a,3b,c;0,2,0","c:3a,b,c","c:3a,b,c;1,0,0","c:3a,b,c;2,0,0" ] } ] }