{ "HM": "P21/m","created": "Wed Mar 27 16:23:53 CDT 2024","nSettings": 30,"nSubgroups": 6,"sg": 11,"subgroups": [ { "det": 1.0,"i": 1,"subgroup": 2,"subgroupHM": "P-1","subgroupIndex": 2,"trSubtype": "","trType": "t","trm": [ "a:a,b,c" ] },{ "det": 1.0,"i": 2,"subgroup": 4,"subgroupHM": "P21","subgroupIndex": 2,"trSubtype": "","trType": "t","trm": [ "a:a,b,c" ] },{ "det": 1.0,"i": 3,"subgroup": 6,"subgroupHM": "P","subgroupIndex": 2,"trSubtype": "","trType": "t","trm": [ "a:a,b,c;0,1/4,0" ] },{ "det": 2.0,"i": 4,"subgroup": 11,"subgroupHM": "P21","subgroupIndex": 2,"trSubtype": "eu","trType": "k","trm": [ "a:a-c,b,2c;0,0,1/2","b:a-c,b,2c","c:2a,b,c;1/2,0,0","d:2a,b,c","e:a,b,2c;0,0,1/2","f:a,b,2c" ] },{ "det": 3.0,"i": 5,"subgroup": 11,"subgroupHM": "P21","subgroupIndex": 3,"trSubtype": "eu","trType": "k","trm": [ "a:3a,b,c","a:3a,b,c;1,0,0","a:3a,b,c;2,0,0","b:a-2c,b,3c","b:a-2c,b,3c;0,0,1","b:a-2c,b,3c;0,0,2","c:a-c,b,3c","c:a-c,b,3c;0,0,1","c:a-c,b,3c;0,0,2","d:a,b,3c","d:a,b,3c;0,0,1","d:a,b,3c;0,0,2","e:a,3b,c","e:a,3b,c;0,1,0","e:a,3b,c;0,2,0" ] },{ "det": 2.0,"i": 6,"subgroup": 14,"subgroupHM": "P21","subgroupIndex": 2,"trSubtype": "eu","trType": "k","trm": [ "a:a-c,b,2c;0,0,1/2","b:a-c,b,2c","c:-2a-c,b,2a;1/2,0,0","d:-2a-c,b,2a","e:a,b,2c;0,0,1/2","f:a,b,2c" ] } ] }