{ "HM": "Pbcm","created": "Wed Mar 27 16:24:12 CDT 2024","nSettings": 24,"nSubgroups": 12,"sg": 57,"subgroups": [ { "det": 1.0,"i": 1,"subgroup": 11,"subgroupHM": "P21","subgroupIndex": 2,"trSubtype": "","trType": "t","trm": [ "a:b,c,a" ] },{ "det": 1.0,"i": 2,"subgroup": 13,"subgroupHM": "P2","subgroupIndex": 2,"trSubtype": "","trType": "t","trm": [ "a:c,a,b" ] },{ "det": 1.0,"i": 3,"subgroup": 14,"subgroupHM": "P21","subgroupIndex": 2,"trSubtype": "","trType": "t","trm": [ "a:a,b,c" ] },{ "det": 1.0,"i": 4,"subgroup": 18,"subgroupHM": "P21212","subgroupIndex": 2,"trSubtype": "","trType": "t","trm": [ "a:b,c,a;0,1/4,0" ] },{ "det": 1.0,"i": 5,"subgroup": 26,"subgroupHM": "P","subgroupIndex": 2,"trSubtype": "","trType": "t","trm": [ "a:c,a,b;0,0,1/4" ] },{ "det": 1.0,"i": 6,"subgroup": 28,"subgroupHM": "P","subgroupIndex": 2,"trSubtype": "","trType": "t","trm": [ "a:c,b,-a;0,1/4,0" ] },{ "det": 1.0,"i": 7,"subgroup": 29,"subgroupHM": "P","subgroupIndex": 2,"trSubtype": "","trType": "t","trm": [ "a:-b,a,c" ] },{ "det": 2.0,"i": 8,"subgroup": 57,"subgroupHM": "P","subgroupIndex": 2,"trSubtype": "eu","trType": "k","trm": [ "a:2a,b,c;1/2,0,0","b:2a,b,c" ] },{ "det": 3.0,"i": 9,"subgroup": 57,"subgroupHM": "P","subgroupIndex": 3,"trSubtype": "eu","trType": "k","trm": [ "a:a,b,3c","a:a,b,3c;0,0,1","a:a,b,3c;0,0,2","b:a,3b,c","b:a,3b,c;0,1,0","b:a,3b,c;0,2,0","c:3a,b,c","c:3a,b,c;1,0,0","c:3a,b,c;2,0,0" ] },{ "det": 2.0,"i": 10,"subgroup": 60,"subgroupHM": "P","subgroupIndex": 2,"trSubtype": "eu","trType": "k","trm": [ "a:c,2a,b;1/2,0,0","b:c,2a,b" ] },{ "det": 2.0,"i": 11,"subgroup": 61,"subgroupHM": "P","subgroupIndex": 2,"trSubtype": "eu","trType": "k","trm": [ "a:2a,b,c;1/2,0,0","b:2a,b,c" ] },{ "det": 2.0,"i": 12,"subgroup": 62,"subgroupHM": "P","subgroupIndex": 2,"trSubtype": "eu","trType": "k","trm": [ "a:b,c,2a;1/2,0,0","b:b,c,2a" ] } ] }