{ "HM": "Ia-3d","created": "Wed Mar 27 16:25:53 CDT 2024","nSettings": 10,"nSubgroups": 5,"sg": 230,"subgroups": [ { "det": 1.0,"i": 1,"subgroup": 142,"subgroupHM": "I41","subgroupIndex": 3,"trSubtype": "","trType": "t","trm": [ "a:a,b,c","a:b,c,a","a:c,a,b" ] },{ "det": 1.5,"i": 2,"subgroup": 167,"subgroupHM": "R-3","subgroupIndex": 4,"trSubtype": "","trType": "t","trm": [ "a:-a+b,-b+c,1/2a+1/2b+1/2c","a:a+b,-b-c,-1/2a+1/2b-1/2c;0,1/2,1/2","a:-a-b,b-c,1/2a-1/2b-1/2c;1/2,1/2,0","a:a-b,b+c,-1/2a-1/2b+1/2c;1/2,0,1/2" ] },{ "det": 1.0,"i": 3,"subgroup": 206,"subgroupHM": "I","subgroupIndex": 2,"trSubtype": "","trType": "t","trm": [ "a:a,b,c" ] },{ "det": 1.0,"i": 4,"subgroup": 214,"subgroupHM": "I4132","subgroupIndex": 2,"trSubtype": "","trType": "t","trm": [ "a:a,b,c" ] },{ "det": 1.0,"i": 5,"subgroup": 220,"subgroupHM": "I-43","subgroupIndex": 2,"trSubtype": "","trType": "t","trm": [ "a:a,b,c" ] } ] }