{ "HM": "I4cm","created": "Wed Mar 27 16:24:42 CDT 2024","nSettings": 8,"nSubgroups": 8,"sg": 108,"subgroups": [ { "det": 2.0,"i": 1,"subgroup": 42,"subgroupHM": "F","subgroupIndex": 2,"trSubtype": "","trType": "t","trm": [ "a:a-b,a+b,c;0,1/2,0" ] },{ "det": 1.0,"i": 2,"subgroup": 45,"subgroupHM": "I","subgroupIndex": 2,"trSubtype": "","trType": "t","trm": [ "a:a,b,c" ] },{ "det": 1.0,"i": 3,"subgroup": 79,"subgroupHM": "I4","subgroupIndex": 2,"trSubtype": "","trType": "t","trm": [ "a:a,b,c" ] },{ "det": 1.0,"i": 4,"subgroup": 100,"subgroupHM": "P4","subgroupIndex": 2,"trSubtype": "ct","trType": "k","trm": [ "a:a,b,c" ] },{ "det": 1.0,"i": 5,"subgroup": 101,"subgroupHM": "P42","subgroupIndex": 2,"trSubtype": "ct","trType": "k","trm": [ "a:a,b,c;0,1/2,0" ] },{ "det": 1.0,"i": 6,"subgroup": 103,"subgroupHM": "P4","subgroupIndex": 2,"trSubtype": "ct","trType": "k","trm": [ "a:a,b,c" ] },{ "det": 1.0,"i": 7,"subgroup": 106,"subgroupHM": "P42","subgroupIndex": 2,"trSubtype": "ct","trType": "k","trm": [ "a:a,b,c;0,1/2,0" ] },{ "det": 3.0,"i": 8,"subgroup": 108,"subgroupHM": "I4","subgroupIndex": 3,"trSubtype": "eu","trType": "k","trm": [ "a:a,b,3c" ] } ] }