{ "HM": "Pm","created": "Wed Mar 27 16:23:52 CDT 2024","nSettings": 22,"nSubgroups": 5,"sg": 6,"subgroups": [ { "det": 1.0,"i": 1,"subgroup": 1,"subgroupHM": "P1","subgroupIndex": 2,"trSubtype": "","trType": "t","trm": [ "a:a,b,c" ] },{ "det": 2.0,"i": 2,"subgroup": 6,"subgroupHM": "P","subgroupIndex": 2,"trSubtype": "eu","trType": "k","trm": [ "a:a-c,b,2c","b:2a,b,c","c:a,b,2c","d:a,2b,c;0,1/2,0","e:a,2b,c" ] },{ "det": 3.0,"i": 3,"subgroup": 6,"subgroupHM": "P","subgroupIndex": 3,"trSubtype": "eu","trType": "k","trm": [ "a:a,3b,c","a:a,3b,c;0,1,0","a:a,3b,c;0,2,0","b:a-c,b,3c","c:a,b,3c","d:3a,b,c","e:a-2c,b,3c" ] },{ "det": 2.0,"i": 4,"subgroup": 7,"subgroupHM": "P","subgroupIndex": 2,"trSubtype": "eu","trType": "k","trm": [ "a:a-c,b,2c","b:-2a-c,b,2a","c:a,b,2c" ] },{ "det": 4.0,"i": 5,"subgroup": 8,"subgroupHM": "C","subgroupIndex": 2,"trSubtype": "eu","trType": "k","trm": [ "a:2a,2b,-a+c;0,1/2,0","b:2a,2b,-a+c","c:2c,2b,-a-2c;0,1/2,0","d:2c,2b,-a-2c","e:2a,2b,c;0,1/2,0","f:2a,2b,c" ] } ] }