{ "HM": "Aea2","created": "Wed Mar 27 16:24:02 CDT 2024","nSettings": 14,"nSubgroups": 8,"sg": 41,"subgroups": [ { "det": 1.0,"i": 1,"subgroup": 5,"subgroupHM": "C2","subgroupIndex": 2,"trSubtype": "","trType": "t","trm": [ "a:b,c,a" ] },{ "det": 0.5,"i": 2,"subgroup": 7,"subgroupHM": "P","subgroupIndex": 2,"trSubtype": "","trType": "t","trm": [ "a:-1/2b+1/2c,a,b;1/4,0,0" ] },{ "det": 1.0,"i": 3,"subgroup": 9,"subgroupHM": "C","subgroupIndex": 2,"trSubtype": "","trType": "t","trm": [ "a:c,b,-a;0,1/4,0" ] },{ "det": 1.0,"i": 4,"subgroup": 29,"subgroupHM": "P","subgroupIndex": 2,"trSubtype": "ct","trType": "k","trm": [ "a:a,b,c;0,1/4,0" ] },{ "det": 1.0,"i": 5,"subgroup": 30,"subgroupHM": "P","subgroupIndex": 2,"trSubtype": "ct","trType": "k","trm": [ "a:-b,a,c" ] },{ "det": 1.0,"i": 6,"subgroup": 32,"subgroupHM": "P","subgroupIndex": 2,"trSubtype": "ct","trType": "k","trm": [ "a:a,b,c" ] },{ "det": 1.0,"i": 7,"subgroup": 33,"subgroupHM": "P","subgroupIndex": 2,"trSubtype": "ct","trType": "k","trm": [ "a:-b,a,c;0,1/4,0" ] },{ "det": 3.0,"i": 8,"subgroup": 41,"subgroupHM": "A","subgroupIndex": 3,"trSubtype": "eu","trType": "k","trm": [ "a:a,3b,c","a:a,3b,c;0,1,0","a:a,3b,c;0,2,0","b:3a,b,c","b:3a,b,c;1,0,0","b:3a,b,c;2,0,0","c:a,b,3c" ] } ] }