{ "HM": "P2","created": "Wed Mar 27 16:23:52 CDT 2024","nSettings": 28,"nSubgroups": 5,"sg": 3,"subgroups": [ { "det": 1.0,"i": 1,"subgroup": 1,"subgroupHM": "P1","subgroupIndex": 2,"trSubtype": "","trType": "t","trm": [ "a:a,b,c" ] },{ "det": 2.0,"i": 2,"subgroup": 3,"subgroupHM": "P2","subgroupIndex": 2,"trSubtype": "eu","trType": "k","trm": [ "a:a-c,b,2c;0,0,1/2","b:a-c,b,2c","c:2a,b,c;1/2,0,0","d:2a,b,c","e:a,b,2c;0,0,1/2","f:a,b,2c","g:a,2b,c" ] },{ "det": 3.0,"i": 3,"subgroup": 3,"subgroupHM": "P2","subgroupIndex": 3,"trSubtype": "eu","trType": "k","trm": [ "a:3a,b,c","a:3a,b,c;1,0,0","a:3a,b,c;2,0,0","b:a-2c,b,3c","b:a-2c,b,3c;0,0,1","b:a-2c,b,3c;0,0,2","c:a-c,b,3c","c:a-c,b,3c;0,0,1","c:a-c,b,3c;0,0,2","d:a,b,3c","d:a,b,3c;0,0,1","d:a,b,3c;0,0,2","e:a,3b,c" ] },{ "det": 2.0,"i": 4,"subgroup": 4,"subgroupHM": "P21","subgroupIndex": 2,"trSubtype": "eu","trType": "k","trm": [ "a:a,2b,c" ] },{ "det": 4.0,"i": 5,"subgroup": 5,"subgroupHM": "C2","subgroupIndex": 2,"trSubtype": "eu","trType": "k","trm": [ "a:2a,2b,-a+c;1/2,0,0","b:2a,2b,-a+c","c:2c,2b,-a-2c;0,0,1/2","d:2c,2b,-a-2c","e:2a,2b,c;1/2,0,0","f:2a,2b,c" ] } ] }