{ "HM": "C2221","created": "Wed Mar 27 16:23:55 CDT 2024","nSettings": 16,"nSubgroups": 6,"sg": 20,"subgroups": [ { "det": 0.5,"i": 1,"subgroup": 4,"subgroupHM": "P21","subgroupIndex": 2,"trSubtype": "","trType": "t","trm": [ "a:1/2a+1/2b,c,1/2a-1/2b" ] },{ "det": 1.0,"i": 2,"subgroup": 5,"subgroupHM": "C2","subgroupIndex": 2,"trSubtype": "","trType": "t","trm": [ "a:-b,a,c","b:a,b,c;0,0,1/4" ] },{ "det": 1.0,"i": 3,"subgroup": 17,"subgroupHM": "P2221","subgroupIndex": 2,"trSubtype": "ct","trType": "k","trm": [ "a:a,b,c" ] },{ "det": 1.0,"i": 4,"subgroup": 18,"subgroupHM": "P21212","subgroupIndex": 2,"trSubtype": "ct","trType": "k","trm": [ "a:b,c,a;1/4,0,0","b:c,a,b;0,1/4,1/4" ] },{ "det": 1.0,"i": 5,"subgroup": 19,"subgroupHM": "P212121","subgroupIndex": 2,"trSubtype": "ct","trType": "k","trm": [ "a:a,b,c;1/4,0,0" ] },{ "det": 3.0,"i": 6,"subgroup": 20,"subgroupHM": "C2221","subgroupIndex": 3,"trSubtype": "eu","trType": "k","trm": [ "a:a,b,3c","a:a,b,3c;0,0,1","a:a,b,3c;0,0,2","b:a,3b,c","b:a,3b,c;0,1,0","b:a,3b,c;0,2,0","c:3a,b,c","c:3a,b,c;1,0,0","c:3a,b,c;2,0,0" ] } ] }