{ "HM": "R3","created": "Wed Mar 27 16:25:07 CDT 2024","nSettings": 9,"nSubgroups": 6,"sg": 146,"subgroups": [ { "det": 0.3333333333333333,"i": 1,"subgroup": 1,"subgroupHM": "P1","subgroupIndex": 3,"trSubtype": "","trType": "t","trm": [ "a:a,b,-1/3a-2/3b+1/3c" ] },{ "det": 1.0,"i": 2,"subgroup": 143,"subgroupHM": "P3","subgroupIndex": 3,"trSubtype": "ct","trType": "k","trm": [ "a:a,b,c" ] },{ "det": 1.0,"i": 3,"subgroup": 144,"subgroupHM": "P31","subgroupIndex": 3,"trSubtype": "ct","trType": "k","trm": [ "a:a,b,c;1/3,1/3,0" ] },{ "det": 1.0,"i": 4,"subgroup": 145,"subgroupHM": "P32","subgroupIndex": 3,"trSubtype": "ct","trType": "k","trm": [ "a:a,b,c;0,1/3,0" ] },{ "det": 2.0,"i": 5,"subgroup": 146,"subgroupHM": "R3","subgroupIndex": 2,"trSubtype": "eu","trType": "k","trm": [ "a:-b,a+b,2c" ] },{ "det": 4.0,"i": 6,"subgroup": 146,"subgroupHM": "R3","subgroupIndex": 4,"trSubtype": "eu","trType": "k","trm": [ "a:-2b,2a+2b,c","a:-2b,2a+2b,c;1,0,0","a:-2b,2a+2b,c;0,1,0","a:-2b,2a+2b,c;1,1,0" ] } ] }