{ "HM": "Fm-3","created": "Wed Mar 27 16:25:39 CDT 2024","nSettings": 22,"nSubgroups": 6,"sg": 202,"subgroups": [ { "det": 1.0,"i": 1,"subgroup": 69,"subgroupHM": "F","subgroupIndex": 3,"trSubtype": "","trType": "t","trm": [ "a:a,b,c" ] },{ "det": 0.75,"i": 2,"subgroup": 148,"subgroupHM": "R-3","subgroupIndex": 4,"trSubtype": "","trType": "t","trm": [ "a:-1/2a+1/2b,-1/2b+1/2c,a+b+c","a:1/2a+1/2b,-1/2b-1/2c,-a+b-c","a:-1/2a-1/2b,1/2b-1/2c,a-b-c","a:1/2a-1/2b,1/2b+1/2c,-a-b+c" ] },{ "det": 1.0,"i": 3,"subgroup": 196,"subgroupHM": "F23","subgroupIndex": 2,"trSubtype": "","trType": "t","trm": [ "a:a,b,c" ] },{ "det": 1.0,"i": 4,"subgroup": 200,"subgroupHM": "P","subgroupIndex": 4,"trSubtype": "ct","trType": "k","trm": [ "a:a,b,c","a:a,b,c;1/2,0,1/2","a:a,b,c;1/2,1/2,0","a:a,b,c;0,1/2,1/2" ] },{ "det": 1.0,"i": 5,"subgroup": 201,"subgroupHM": "P","subgroupIndex": 4,"trSubtype": "ct","trType": "k","trm": [ "a:a,b,c","a:a,b,c;0,1/2,1/2","a:a,b,c;1/2,1/2,0","a:a,b,c;1/2,0,1/2" ] },{ "det": 1.0,"i": 6,"subgroup": 205,"subgroupHM": "P","subgroupIndex": 4,"trSubtype": "ct","trType": "k","trm": [ "a:a,b,c","a:a,b,c;1/2,1/2,0","a:a,b,c;1/2,0,1/2","a:a,b,c;0,1/2,1/2","b:-b,a,c;1/2,1/2,0","b:-b,a,c;0,1/2,1/2","b:-b,a,c;1/2,0,1/2","b:-b,a,c" ] } ] }