{ "HM": "I41md","created": "Wed Mar 27 16:24:42 CDT 2024","nSettings": 4,"nSubgroups": 4,"sg": 109,"subgroups": [ { "det": 2.0,"i": 1,"subgroup": 43,"subgroupHM": "F","subgroupIndex": 2,"trSubtype": "","trType": "t","trm": [ "a:a-b,a+b,c;0,1/2,0" ] },{ "det": 1.0,"i": 2,"subgroup": 44,"subgroupHM": "I","subgroupIndex": 2,"trSubtype": "","trType": "t","trm": [ "a:a,b,c" ] },{ "det": 1.0,"i": 3,"subgroup": 80,"subgroupHM": "I41","subgroupIndex": 2,"trSubtype": "","trType": "t","trm": [ "a:a,b,c" ] },{ "det": 3.0,"i": 4,"subgroup": 109,"subgroupHM": "I41","subgroupIndex": 3,"trSubtype": "eu","trType": "k","trm": [ "a:a,b,3c;1/2,0,0" ] } ] }