{ "HM": "P-62c","created": "Wed Mar 27 16:25:33 CDT 2024","nSettings": 14,"nSubgroups": 7,"sg": 190,"subgroups": [ { "det": 2.0,"i": 1,"subgroup": 40,"subgroupHM": "A","subgroupIndex": 3,"trSubtype": "","trType": "t","trm": [ "a:c,-a+b,-a-b","a:c,-a-2b,a","a:c,2a+b,b" ] },{ "det": 1.0,"i": 2,"subgroup": 150,"subgroupHM": "P321","subgroupIndex": 2,"trSubtype": "","trType": "t","trm": [ "a:a,b,c" ] },{ "det": 1.0,"i": 3,"subgroup": 159,"subgroupHM": "P31","subgroupIndex": 2,"trSubtype": "","trType": "t","trm": [ "a:a,b,c" ] },{ "det": 1.0,"i": 4,"subgroup": 174,"subgroupHM": "P-6","subgroupIndex": 2,"trSubtype": "","trType": "t","trm": [ "a:a,b,c;0,0,1/4" ] },{ "det": 3.0,"i": 5,"subgroup": 188,"subgroupHM": "P-6","subgroupIndex": 3,"trSubtype": "eu","trType": "k","trm": [ "a:a-b,a+2b,c" ] },{ "det": 3.0,"i": 6,"subgroup": 190,"subgroupHM": "P-62","subgroupIndex": 3,"trSubtype": "eu","trType": "k","trm": [ "a:a,b,3c","a:a,b,3c;0,0,1","a:a,b,3c;0,0,2" ] },{ "det": 4.0,"i": 7,"subgroup": 190,"subgroupHM": "P-62","subgroupIndex": 4,"trSubtype": "eu","trType": "k","trm": [ "a:2a,2b,c","a:2a,2b,c;1,0,0","a:2a,2b,c;0,1,0","a:2a,2b,c;1,1,0" ] } ] }