{ "HM": "Pm-3","created": "Wed Mar 27 16:25:39 CDT 2024","nSettings": 24,"nSubgroups": 6,"sg": 200,"subgroups": [ { "det": 1.0,"i": 1,"subgroup": 47,"subgroupHM": "P","subgroupIndex": 3,"trSubtype": "","trType": "t","trm": [ "a:a,b,c" ] },{ "det": 3.0,"i": 2,"subgroup": 148,"subgroupHM": "R-3","subgroupIndex": 4,"trSubtype": "","trType": "t","trm": [ "a:a-b,b-c,a+b+c","a:-a-b,b+c,-a+b-c","a:a+b,-b+c,a-b-c","a:-a+b,-b-c,-a-b+c" ] },{ "det": 1.0,"i": 3,"subgroup": 195,"subgroupHM": "P23","subgroupIndex": 2,"trSubtype": "","trType": "t","trm": [ "a:a,b,c" ] },{ "det": 8.0,"i": 4,"subgroup": 202,"subgroupHM": "F","subgroupIndex": 2,"trSubtype": "eu","trType": "k","trm": [ "a:2a,2b,2c;1/2,1/2,1/2","b:2a,2b,2c" ] },{ "det": 8.0,"i": 5,"subgroup": 204,"subgroupHM": "I","subgroupIndex": 4,"trSubtype": "eu","trType": "k","trm": [ "a:2a,2b,2c;1/2,1/2,1/2","a:2a,2b,2c;3/2,1/2,1/2","a:2a,2b,2c;1/2,3/2,1/2","a:2a,2b,2c;3/2,3/2,1/2","b:2a,2b,2c","b:2a,2b,2c;1,0,0","b:2a,2b,2c;0,1,0","b:2a,2b,2c;0,0,1" ] },{ "det": 8.0,"i": 6,"subgroup": 206,"subgroupHM": "I","subgroupIndex": 4,"trSubtype": "eu","trType": "k","trm": [ "a:2a,2b,2c;1/2,1/2,1/2","a:2a,2b,2c;3/2,1/2,1/2","a:2a,2b,2c;1/2,3/2,1/2","a:2a,2b,2c;3/2,3/2,1/2","b:2a,2b,2c","b:2a,2b,2c;1,0,0","b:2a,2b,2c;0,1,0","b:2a,2b,2c;1,1,0" ] } ] }