{ "HM": "I-4","created": "Wed Mar 27 16:24:28 CDT 2024","nSettings": 6,"nSubgroups": 3,"sg": 82,"subgroups": [ { "det": 1.0,"i": 1,"subgroup": 5,"subgroupHM": "C2","subgroupIndex": 2,"trSubtype": "","trType": "t","trm": [ "a:-a-b,c,b" ] },{ "det": 1.0,"i": 2,"subgroup": 81,"subgroupHM": "P-4","subgroupIndex": 2,"trSubtype": "ct","trType": "k","trm": [ "a:a,b,c;1/2,0,1/4","b:a,b,c" ] },{ "det": 3.0,"i": 3,"subgroup": 82,"subgroupHM": "I-4","subgroupIndex": 3,"trSubtype": "eu","trType": "k","trm": [ "a:a,b,3c","a:a,b,3c;0,0,1","a:a,b,3c;0,0,2" ] } ] }