{ "HM": "Fd-3","created": "Wed Mar 27 16:25:40 CDT 2024","nSettings": 6,"nSubgroups": 3,"sg": 203,"subgroups": [ { "det": 1.0,"i": 1,"subgroup": 70,"subgroupHM": "F","subgroupIndex": 3,"trSubtype": "","trType": "t","trm": [ "a:a,b,c" ] },{ "det": 0.75,"i": 2,"subgroup": 148,"subgroupHM": "R-3","subgroupIndex": 4,"trSubtype": "","trType": "t","trm": [ "a:-1/2a+1/2b,-1/2b+1/2c,a+b+c","a:1/2a+1/2b,-1/2b-1/2c,-a+b-c;1/4,0,1/4","a:-1/2a-1/2b,1/2b-1/2c,a-b-c;0,1/4,1/4","a:1/2a-1/2b,1/2b+1/2c,-a-b+c;1/4,1/4,0" ] },{ "det": 1.0,"i": 3,"subgroup": 196,"subgroupHM": "F23","subgroupIndex": 2,"trSubtype": "","trType": "t","trm": [ "a:a,b,c;1/8,1/8,1/8" ] } ] }