{ "HM": "C222","created": "Wed Mar 27 16:23:56 CDT 2024","nSettings": 24,"nSubgroups": 10,"sg": 21,"subgroups": [ { "det": 0.5,"i": 1,"subgroup": 3,"subgroupHM": "P2","subgroupIndex": 2,"trSubtype": "","trType": "t","trm": [ "a:1/2a+1/2b,c,1/2a-1/2b" ] },{ "det": 1.0,"i": 2,"subgroup": 5,"subgroupHM": "C2","subgroupIndex": 2,"trSubtype": "","trType": "t","trm": [ "a:-b,a,c","b:a,b,c" ] },{ "det": 1.0,"i": 3,"subgroup": 16,"subgroupHM": "P222","subgroupIndex": 2,"trSubtype": "ct","trType": "k","trm": [ "a:a,b,c" ] },{ "det": 1.0,"i": 4,"subgroup": 17,"subgroupHM": "P2221","subgroupIndex": 2,"trSubtype": "ct","trType": "k","trm": [ "a:c,a,b;1/4,1/4,0","b:b,c,a;0,1/4,0" ] },{ "det": 1.0,"i": 5,"subgroup": 18,"subgroupHM": "P21212","subgroupIndex": 2,"trSubtype": "ct","trType": "k","trm": [ "a:a,b,c" ] },{ "det": 2.0,"i": 6,"subgroup": 20,"subgroupHM": "C2221","subgroupIndex": 2,"trSubtype": "eu","trType": "k","trm": [ "a:a,b,2c","b:a,b,2c;0,0,1/2" ] },{ "det": 2.0,"i": 7,"subgroup": 21,"subgroupHM": "C222","subgroupIndex": 2,"trSubtype": "eu","trType": "k","trm": [ "a:a,b,2c;0,0,1/2","b:a,b,2c" ] },{ "det": 3.0,"i": 8,"subgroup": 21,"subgroupHM": "C222","subgroupIndex": 3,"trSubtype": "eu","trType": "k","trm": [ "a:a,b,3c","a:a,b,3c;0,0,1","a:a,b,3c;0,0,2","b:a,3b,c","b:a,3b,c;0,1,0","b:a,3b,c;0,2,0","c:3a,b,c","c:3a,b,c;1,0,0","c:3a,b,c;2,0,0" ] },{ "det": 2.0,"i": 9,"subgroup": 23,"subgroupHM": "I222","subgroupIndex": 2,"trSubtype": "eu","trType": "k","trm": [ "a:a,b,2c;0,0,1/2","b:a,b,2c" ] },{ "det": 2.0,"i": 10,"subgroup": 24,"subgroupHM": "I212121","subgroupIndex": 2,"trSubtype": "eu","trType": "k","trm": [ "a:a,b,2c;3/4,0,1/2","b:a,b,2c;3/4,0,0" ] } ] }