{ "HM": "Pmmm","created": "Wed Mar 27 16:24:05 CDT 2024","nSettings": 72,"nSubgroups": 10,"sg": 47,"subgroups": [ { "det": 1.0,"i": 1,"subgroup": 10,"subgroupHM": "P2","subgroupIndex": 2,"trSubtype": "","trType": "t","trm": [ "a:c,a,b","b:a,b,c","c:b,c,a" ] },{ "det": 1.0,"i": 2,"subgroup": 16,"subgroupHM": "P222","subgroupIndex": 2,"trSubtype": "","trType": "t","trm": [ "a:a,b,c" ] },{ "det": 1.0,"i": 3,"subgroup": 25,"subgroupHM": "P","subgroupIndex": 2,"trSubtype": "","trType": "t","trm": [ "a:b,c,a","b:c,a,b","c:a,b,c" ] },{ "det": 2.0,"i": 4,"subgroup": 47,"subgroupHM": "P","subgroupIndex": 2,"trSubtype": "eu","trType": "k","trm": [ "a:a,b,2c;0,0,1/2","b:a,b,2c","c:a,2b,c;0,1/2,0","d:a,2b,c","e:2a,b,c;1/2,0,0","f:2a,b,c" ] },{ "det": 3.0,"i": 5,"subgroup": 47,"subgroupHM": "P","subgroupIndex": 3,"trSubtype": "eu","trType": "k","trm": [ "a:a,b,3c","a:a,b,3c;0,0,1","a:a,b,3c;0,0,2","b:a,3b,c","b:a,3b,c;0,1,0","b:a,3b,c;0,2,0","c:3a,b,c","c:3a,b,c;1,0,0","c:3a,b,c;2,0,0" ] },{ "det": 2.0,"i": 6,"subgroup": 49,"subgroupHM": "P","subgroupIndex": 2,"trSubtype": "eu","trType": "k","trm": [ "a:a,b,2c;0,0,1/2","b:a,b,2c","c:c,a,2b;0,1/2,0","d:c,a,2b","e:b,c,2a;1/2,0,0","f:b,c,2a" ] },{ "det": 2.0,"i": 7,"subgroup": 51,"subgroupHM": "P","subgroupIndex": 2,"trSubtype": "eu","trType": "k","trm": [ "a:2c,b,-a;0,0,1/2","b:2c,b,-a","c:-2b,a,c;0,1/2,0","d:-2b,a,c","e:2b,c,a;0,1/2,0","f:2b,c,a","g:2a,-c,b;1/2,0,0","h:2a,-c,b","i:2c,a,b;0,0,1/2","j:2c,a,b","k:2a,b,c;1/2,0,0","l:2a,b,c" ] },{ "det": 4.0,"i": 8,"subgroup": 65,"subgroupHM": "C","subgroupIndex": 2,"trSubtype": "eu","trType": "k","trm": [ "a:2a,2b,c;1/2,0,0","b:2a,2b,c","c:2c,2a,b;0,0,1/2","d:2c,2a,b;1/2,0,1/2","e:2c,2a,b;1/2,0,0","f:2c,2a,b","g:2b,2c,a;0,1/2,0","h:2b,2c,a;0,1/2,1/2","i:2a,2b,c;0,1/2,0","j:2a,2b,c;1/2,1/2,0","k:2b,2c,a;0,0,1/2","l:2b,2c,a" ] },{ "det": 4.0,"i": 9,"subgroup": 67,"subgroupHM": "C","subgroupIndex": 2,"trSubtype": "eu","trType": "k","trm": [ "a:2a,2b,c;0,1/2,0","b:2a,2b,c;1/2,1/2,0","c:2c,2a,b;0,0,1/2","d:2c,2a,b;1/2,0,1/2","e:2c,2a,b;1/2,0,0","f:2c,2a,b","g:2b,2c,a;0,1/2,0","h:2b,2c,a;0,1/2,1/2","i:2a,2b,c;1/2,0,0","j:2a,2b,c","k:2b,2c,a;0,0,1/2","l:2b,2c,a" ] },{ "det": 8.0,"i": 10,"subgroup": 69,"subgroupHM": "F","subgroupIndex": 2,"trSubtype": "eu","trType": "k","trm": [ "a:2a,2b,2c;1/2,1/2,1/2","b:2a,2b,2c;0,1/2,1/2","c:2a,2b,2c;0,1/2,0","d:2a,2b,2c;1/2,1/2,0","e:2a,2b,2c;0,0,1/2","f:2a,2b,2c;1/2,0,1/2","g:2a,2b,2c;1/2,0,0","h:2a,2b,2c" ] } ] }