{ "HM": "F23","created": "Wed Mar 27 16:25:38 CDT 2024","nSettings": 21,"nSubgroups": 4,"sg": 196,"subgroups": [ { "det": 1.0,"i": 1,"subgroup": 22,"subgroupHM": "F222","subgroupIndex": 3,"trSubtype": "","trType": "t","trm": [ "a:a,b,c" ] },{ "det": 0.75,"i": 2,"subgroup": 146,"subgroupHM": "R3","subgroupIndex": 4,"trSubtype": "","trType": "t","trm": [ "a:-1/2a+1/2b,-1/2b+1/2c,a+b+c","a:1/2a+1/2b,-1/2b-1/2c,-a+b-c","a:-1/2a-1/2b,1/2b-1/2c,a-b-c","a:1/2a-1/2b,1/2b+1/2c,-a-b+c" ] },{ "det": 1.0,"i": 3,"subgroup": 195,"subgroupHM": "P23","subgroupIndex": 4,"trSubtype": "ct","trType": "k","trm": [ "a:a,b,c;1/4,1/4,1/4","a:a,b,c;1/4,3/4,3/4","a:a,b,c;3/4,3/4,1/4","a:a,b,c;3/4,1/4,3/4","b:a,b,c","b:a,b,c;1/2,0,1/2","b:a,b,c;1/2,1/2,0","b:a,b,c;0,1/2,1/2" ] },{ "det": 1.0,"i": 4,"subgroup": 198,"subgroupHM": "P213","subgroupIndex": 4,"trSubtype": "ct","trType": "k","trm": [ "a:a,b,c","a:a,b,c;1/2,1/2,0","a:a,b,c;1/2,0,1/2","a:a,b,c;0,1/2,1/2","b:a,b,c;1/4,1/4,1/4","b:a,b,c;3/4,1/4,3/4","b:a,b,c;1/4,3/4,3/4","b:a,b,c;3/4,3/4,1/4" ] } ] }