{ "HM": "R3c","created": "Wed Mar 27 16:25:16 CDT 2024","nSettings": 9,"nSubgroups": 4,"sg": 161,"subgroups": [ { "det": 0.6666666666666666,"i": 1,"subgroup": 9,"subgroupHM": "C","subgroupIndex": 3,"trSubtype": "","trType": "t","trm": [ "a:-1/3a+1/3b-2/3c,-a-b,c","a:-1/3a-2/3b-2/3c,a,c","a:2/3a+1/3b-2/3c,b,c" ] },{ "det": 1.0,"i": 2,"subgroup": 146,"subgroupHM": "R3","subgroupIndex": 2,"trSubtype": "","trType": "t","trm": [ "a:a,b,c" ] },{ "det": 1.0,"i": 3,"subgroup": 158,"subgroupHM": "P3","subgroupIndex": 3,"trSubtype": "ct","trType": "k","trm": [ "a:a,b,c" ] },{ "det": 4.0,"i": 4,"subgroup": 161,"subgroupHM": "R3","subgroupIndex": 4,"trSubtype": "eu","trType": "k","trm": [ "a:-2b,2a+2b,c","a:-2b,2a+2b,c;1,0,0","a:-2b,2a+2b,c;0,1,0","a:-2b,2a+2b,c;1,1,0" ] } ] }