{ "HM": "P6322","created": "Wed Mar 27 16:25:27 CDT 2024","nSettings": 22,"nSubgroups": 8,"sg": 182,"subgroups": [ { "det": 2.0,"i": 1,"subgroup": 20,"subgroupHM": "C2221","subgroupIndex": 3,"trSubtype": "","trType": "t","trm": [ "a:-a+b,-a-b,c;0,0,1/4","a:-a-2b,a,c;0,0,1/4","a:2a+b,b,c;0,0,1/4" ] },{ "det": 1.0,"i": 2,"subgroup": 149,"subgroupHM": "P312","subgroupIndex": 2,"trSubtype": "","trType": "t","trm": [ "a:a,b,c;0,0,1/4" ] },{ "det": 1.0,"i": 3,"subgroup": 150,"subgroupHM": "P321","subgroupIndex": 2,"trSubtype": "","trType": "t","trm": [ "a:a,b,c" ] },{ "det": 1.0,"i": 4,"subgroup": 173,"subgroupHM": "P63","subgroupIndex": 2,"trSubtype": "","trType": "t","trm": [ "a:a,b,c" ] },{ "det": 3.0,"i": 5,"subgroup": 178,"subgroupHM": "P6122","subgroupIndex": 3,"trSubtype": "eu","trType": "k","trm": [ "a:a,b,3c","a:a,b,3c;0,0,1","a:a,b,3c;0,0,2" ] },{ "det": 3.0,"i": 6,"subgroup": 179,"subgroupHM": "P6522","subgroupIndex": 3,"trSubtype": "eu","trType": "k","trm": [ "a:a,b,3c","a:a,b,3c;0,0,1","a:a,b,3c;0,0,2" ] },{ "det": 3.0,"i": 7,"subgroup": 182,"subgroupHM": "P6322","subgroupIndex": 3,"trSubtype": "eu","trType": "k","trm": [ "a:a-b,a+2b,c;0,0,1/4","a:a-b,a+2b,c;1,0,1/4","a:a-b,a+2b,c;2,0,1/4","b:a,b,3c","b:a,b,3c;0,0,1","b:a,b,3c;0,0,2" ] },{ "det": 4.0,"i": 8,"subgroup": 182,"subgroupHM": "P6322","subgroupIndex": 4,"trSubtype": "eu","trType": "k","trm": [ "a:2a,2b,c","a:2a,2b,c;1,0,0","a:2a,2b,c;0,1,0","a:2a,2b,c;1,1,0" ] } ] }