{ "HM": "P4222","created": "Wed Mar 27 16:24:34 CDT 2024","nSettings": 18,"nSubgroups": 9,"sg": 93,"subgroups": [ { "det": 1.0,"i": 1,"subgroup": 16,"subgroupHM": "P222","subgroupIndex": 2,"trSubtype": "","trType": "t","trm": [ "a:a,b,c" ] },{ "det": 2.0,"i": 2,"subgroup": 21,"subgroupHM": "C222","subgroupIndex": 2,"trSubtype": "","trType": "t","trm": [ "a:a-b,a+b,c;0,0,1/4" ] },{ "det": 1.0,"i": 3,"subgroup": 77,"subgroupHM": "P42","subgroupIndex": 2,"trSubtype": "","trType": "t","trm": [ "a:a,b,c" ] },{ "det": 2.0,"i": 4,"subgroup": 91,"subgroupHM": "P4122","subgroupIndex": 2,"trSubtype": "eu","trType": "k","trm": [ "a:a,b,2c;0,0,1/2","b:a,b,2c" ] },{ "det": 2.0,"i": 5,"subgroup": 93,"subgroupHM": "P4222","subgroupIndex": 2,"trSubtype": "eu","trType": "k","trm": [ "a:a-b,a+b,c;1/2,1/2,1/4","b:a-b,a+b,c;0,0,1/4" ] },{ "det": 3.0,"i": 6,"subgroup": 93,"subgroupHM": "P4222","subgroupIndex": 3,"trSubtype": "eu","trType": "k","trm": [ "a:a,b,3c","a:a,b,3c;0,0,1","a:a,b,3c;0,0,2" ] },{ "det": 2.0,"i": 7,"subgroup": 94,"subgroupHM": "P42212","subgroupIndex": 2,"trSubtype": "eu","trType": "k","trm": [ "a:a-b,a+b,c;1/2,1/2,0","b:a-b,a+b,c" ] },{ "det": 2.0,"i": 8,"subgroup": 95,"subgroupHM": "P4322","subgroupIndex": 2,"trSubtype": "eu","trType": "k","trm": [ "a:a,b,2c;0,0,1/2","b:a,b,2c" ] },{ "det": 4.0,"i": 9,"subgroup": 98,"subgroupHM": "I4122","subgroupIndex": 2,"trSubtype": "eu","trType": "k","trm": [ "a:a-b,a+b,2c;1/2,0,1/2","b:a-b,a+b,2c;1/2,0,0","c:a-b,a+b,2c;0,1/2,1/2","d:a-b,a+b,2c;0,1/2,0" ] } ] }