{ "HM": "Fdd2","created": "Wed Mar 27 16:24:03 CDT 2024","nSettings": 10,"nSubgroups": 3,"sg": 43,"subgroups": [ { "det": 0.5,"i": 1,"subgroup": 5,"subgroupHM": "C2","subgroupIndex": 2,"trSubtype": "","trType": "t","trm": [ "a:b,c,1/2a-1/2b" ] },{ "det": 0.5,"i": 2,"subgroup": 9,"subgroupHM": "C","subgroupIndex": 2,"trSubtype": "","trType": "t","trm": [ "a:-b,a,1/2b+1/2c;1/8,1/2,1/2","b:-c,b,1/2a+1/2c;1/2,1/8,1/2" ] },{ "det": 3.0,"i": 3,"subgroup": 43,"subgroupHM": "F","subgroupIndex": 3,"trSubtype": "eu","trType": "k","trm": [ "a:a,3b,c;1/4,1/4,0","a:a,3b,c;1/4,5/4,0","a:a,3b,c;1/4,9/4,0","b:3a,b,c;1/4,1/4,0","b:3a,b,c;5/4,1/4,0","b:3a,b,c;9/4,1/4,0","c:a,b,3c;1/4,1/4,0" ] } ] }