{ "HM": "Pmm2","created": "Wed Mar 27 16:23:57 CDT 2024","nSettings": 38,"nSubgroups": 11,"sg": 25,"subgroups": [ { "det": 1.0,"i": 1,"subgroup": 3,"subgroupHM": "P2","subgroupIndex": 2,"trSubtype": "","trType": "t","trm": [ "a:b,c,a" ] },{ "det": 1.0,"i": 2,"subgroup": 6,"subgroupHM": "P","subgroupIndex": 2,"trSubtype": "","trType": "t","trm": [ "a:c,a,b","b:a,b,c" ] },{ "det": 2.0,"i": 3,"subgroup": 25,"subgroupHM": "P","subgroupIndex": 2,"trSubtype": "eu","trType": "k","trm": [ "a:a,b,2c","b:a,2b,c;0,1/2,0","c:a,2b,c","d:2a,b,c;1/2,0,0","e:2a,b,c" ] },{ "det": 3.0,"i": 4,"subgroup": 25,"subgroupHM": "P","subgroupIndex": 3,"trSubtype": "eu","trType": "k","trm": [ "a:a,3b,c","a:a,3b,c;0,1,0","a:a,3b,c;0,2,0","b:3a,b,c","b:3a,b,c;1,0,0","b:3a,b,c;2,0,0","c:a,b,3c" ] },{ "det": 2.0,"i": 5,"subgroup": 26,"subgroupHM": "P","subgroupIndex": 2,"trSubtype": "eu","trType": "k","trm": [ "a:-b,a,2c","b:a,b,2c" ] },{ "det": 2.0,"i": 6,"subgroup": 27,"subgroupHM": "P","subgroupIndex": 2,"trSubtype": "eu","trType": "k","trm": [ "a:a,b,2c" ] },{ "det": 2.0,"i": 7,"subgroup": 28,"subgroupHM": "P","subgroupIndex": 2,"trSubtype": "eu","trType": "k","trm": [ "a:-2b,a,c;0,1/2,0","b:-2b,a,c","c:2a,b,c;1/2,0,0","d:2a,b,c" ] },{ "det": 4.0,"i": 8,"subgroup": 35,"subgroupHM": "C","subgroupIndex": 2,"trSubtype": "eu","trType": "k","trm": [ "a:2a,2b,c;1/2,1/2,0","b:2a,2b,c;0,1/2,0","c:2a,2b,c;1/2,0,0","d:2a,2b,c" ] },{ "det": 4.0,"i": 9,"subgroup": 38,"subgroupHM": "A","subgroupIndex": 2,"trSubtype": "eu","trType": "k","trm": [ "a:-b,2a,2c;1/2,0,0","b:-b,2a,2c","c:a,2b,2c;0,1/2,0","d:a,2b,2c" ] },{ "det": 4.0,"i": 10,"subgroup": 39,"subgroupHM": "A","subgroupIndex": 2,"trSubtype": "eu","trType": "k","trm": [ "a:-b,2a,2c;1/2,0,0","b:-b,2a,2c","c:a,2b,2c;0,1/2,0","d:a,2b,2c" ] },{ "det": 8.0,"i": 11,"subgroup": 42,"subgroupHM": "F","subgroupIndex": 2,"trSubtype": "eu","trType": "k","trm": [ "a:2a,2b,2c;1/2,1/2,0","b:2a,2b,2c;0,1/2,0","c:2a,2b,2c;1/2,0,0","d:2a,2b,2c" ] } ] }