{ "HM": "I222","created": "Wed Mar 27 16:23:56 CDT 2024","nSettings": 16,"nSubgroups": 4,"sg": 23,"subgroups": [ { "det": 1.0,"i": 1,"subgroup": 5,"subgroupHM": "C2","subgroupIndex": 2,"trSubtype": "","trType": "t","trm": [ "a:-b-c,a,c","b:-a-c,b,a","c:-a-b,c,b" ] },{ "det": 1.0,"i": 2,"subgroup": 16,"subgroupHM": "P222","subgroupIndex": 2,"trSubtype": "ct","trType": "k","trm": [ "a:a,b,c" ] },{ "det": 1.0,"i": 3,"subgroup": 18,"subgroupHM": "P21212","subgroupIndex": 2,"trSubtype": "ct","trType": "k","trm": [ "a:b,c,a;1/4,0,0","b:c,a,b;0,1/4,0","c:a,b,c;0,0,1/4" ] },{ "det": 3.0,"i": 4,"subgroup": 23,"subgroupHM": "I222","subgroupIndex": 3,"trSubtype": "eu","trType": "k","trm": [ "a:a,b,3c","a:a,b,3c;0,0,1","a:a,b,3c;0,0,2","b:a,3b,c","b:a,3b,c;0,1,0","b:a,3b,c;0,2,0","c:3a,b,c","c:3a,b,c;1,0,0","c:3a,b,c;2,0,0" ] } ] }