{ "HM": "P63/m","created": "Wed Mar 27 16:25:23 CDT 2024","nSettings": 14,"nSubgroups": 6,"sg": 176,"subgroups": [ { "det": 1.0,"i": 1,"subgroup": 11,"subgroupHM": "P21","subgroupIndex": 3,"trSubtype": "","trType": "t","trm": [ "a:b,c,a" ] },{ "det": 1.0,"i": 2,"subgroup": 147,"subgroupHM": "P-3","subgroupIndex": 2,"trSubtype": "","trType": "t","trm": [ "a:a,b,c" ] },{ "det": 1.0,"i": 3,"subgroup": 173,"subgroupHM": "P63","subgroupIndex": 2,"trSubtype": "","trType": "t","trm": [ "a:a,b,c" ] },{ "det": 1.0,"i": 4,"subgroup": 174,"subgroupHM": "P-6","subgroupIndex": 2,"trSubtype": "","trType": "t","trm": [ "a:a,b,c;0,0,1/4" ] },{ "det": 3.0,"i": 5,"subgroup": 176,"subgroupHM": "P63","subgroupIndex": 3,"trSubtype": "eu","trType": "k","trm": [ "a:a-b,a+2b,c","a:a-b,a+2b,c;1,0,0","a:a-b,a+2b,c;2,0,0","b:a,b,3c","b:a,b,3c;0,0,1","b:a,b,3c;0,0,2" ] },{ "det": 4.0,"i": 6,"subgroup": 176,"subgroupHM": "P63","subgroupIndex": 4,"trSubtype": "eu","trType": "k","trm": [ "a:2a,2b,c","a:2a,2b,c;1,0,0","a:2a,2b,c;0,1,0","a:2a,2b,c;1,1,0" ] } ] }