{ "HM": "I-42d","created": "Wed Mar 27 16:24:49 CDT 2024","nSettings": 6,"nSubgroups": 4,"sg": 122,"subgroups": [ { "det": 1.0,"i": 1,"subgroup": 24,"subgroupHM": "I212121","subgroupIndex": 2,"trSubtype": "","trType": "t","trm": [ "a:a,b,c;0,1/4,3/8" ] },{ "det": 2.0,"i": 2,"subgroup": 43,"subgroupHM": "F","subgroupIndex": 2,"trSubtype": "","trType": "t","trm": [ "a:a-b,a+b,c;0,1/2,0" ] },{ "det": 1.0,"i": 3,"subgroup": 82,"subgroupHM": "I-4","subgroupIndex": 2,"trSubtype": "","trType": "t","trm": [ "a:a,b,c" ] },{ "det": 3.0,"i": 4,"subgroup": 122,"subgroupHM": "I-42","subgroupIndex": 3,"trSubtype": "eu","trType": "k","trm": [ "a:a,b,3c;1/2,0,1/4","a:a,b,3c;1/2,0,5/4","a:a,b,3c;1/2,0,9/4" ] } ] }