{ "HM": "P6522","created": "Wed Mar 27 16:25:25 CDT 2024","nSettings": 13,"nSubgroups": 6,"sg": 179,"subgroups": [ { "det": 2.0,"i": 1,"subgroup": 20,"subgroupHM": "C2221","subgroupIndex": 3,"trSubtype": "","trType": "t","trm": [ "a:-a+b,-a-b,c;0,0,1/12","a:-a-2b,a,c;0,0,3/4","a:2a+b,b,c;0,0,5/12" ] },{ "det": 1.0,"i": 2,"subgroup": 153,"subgroupHM": "P3212","subgroupIndex": 2,"trSubtype": "","trType": "t","trm": [ "a:a,b,c;0,0,5/12" ] },{ "det": 1.0,"i": 3,"subgroup": 154,"subgroupHM": "P3221","subgroupIndex": 2,"trSubtype": "","trType": "t","trm": [ "a:a,b,c;0,0,1/3" ] },{ "det": 1.0,"i": 4,"subgroup": 170,"subgroupHM": "P65","subgroupIndex": 2,"trSubtype": "","trType": "t","trm": [ "a:a,b,c" ] },{ "det": 3.0,"i": 5,"subgroup": 179,"subgroupHM": "P6522","subgroupIndex": 3,"trSubtype": "eu","trType": "k","trm": [ "a:a-b,a+2b,c;0,0,7/12","a:a-b,a+2b,c;0,0,7/12","a:a-b,a+2b,c;0,0,7/12" ] },{ "det": 4.0,"i": 6,"subgroup": 179,"subgroupHM": "P6522","subgroupIndex": 4,"trSubtype": "eu","trType": "k","trm": [ "a:2a,2b,c","a:2a,2b,c;1,0,0","a:2a,2b,c;0,1,0","a:2a,2b,c;1,1,0" ] } ] }