{ "HM": "Fmmm","created": "Wed Mar 27 16:24:22 CDT 2024","nSettings": 40,"nSubgroups": 10,"sg": 69,"subgroups": [ { "det": 0.5,"i": 1,"subgroup": 12,"subgroupHM": "C2","subgroupIndex": 2,"trSubtype": "","trType": "t","trm": [ "a:-b,a,1/2b+1/2c","b:a,b,-1/2a+1/2c","c:b,c,1/2a-1/2b" ] },{ "det": 1.0,"i": 2,"subgroup": 22,"subgroupHM": "F222","subgroupIndex": 2,"trSubtype": "","trType": "t","trm": [ "a:a,b,c" ] },{ "det": 1.0,"i": 3,"subgroup": 42,"subgroupHM": "F","subgroupIndex": 2,"trSubtype": "","trType": "t","trm": [ "a:b,c,a","b:c,a,b","c:a,b,c" ] },{ "det": 1.0,"i": 4,"subgroup": 63,"subgroupHM": "C","subgroupIndex": 2,"trSubtype": "ct","trType": "k","trm": [ "a:-b,a,c;1/4,0,1/4","b:a,b,c;0,1/4,1/4","c:c,a,b;1/4,1/4,0","d:a,-c,b;0,1/4,1/4","e:b,c,a;1/4,0,1/4","f:c,b,-a;1/4,1/4,0" ] },{ "det": 1.0,"i": 5,"subgroup": 64,"subgroupHM": "C","subgroupIndex": 2,"trSubtype": "ct","trType": "k","trm": [ "a:a,b,c","b:a,-c,b","c:-b,a,c","d:b,c,a","e:c,a,b","f:c,b,-a" ] },{ "det": 1.0,"i": 6,"subgroup": 65,"subgroupHM": "C","subgroupIndex": 2,"trSubtype": "ct","trType": "k","trm": [ "a:a,b,c","b:c,a,b","c:b,c,a" ] },{ "det": 1.0,"i": 7,"subgroup": 66,"subgroupHM": "C","subgroupIndex": 2,"trSubtype": "ct","trType": "k","trm": [ "a:b,c,a;0,1/4,1/4","b:c,a,b;1/4,0,1/4","c:a,b,c;1/4,1/4,0" ] },{ "det": 1.0,"i": 8,"subgroup": 67,"subgroupHM": "C","subgroupIndex": 2,"trSubtype": "ct","trType": "k","trm": [ "a:b,c,a;1/4,0,1/4","b:c,a,b;1/4,1/4,0","c:a,b,c;0,1/4,1/4" ] },{ "det": 1.0,"i": 9,"subgroup": 68,"subgroupHM": "C","subgroupIndex": 2,"trSubtype": "ct","trType": "k","trm": [ "a:a,b,c;0,1/4,1/4","b:c,a,b;1/4,1/4,0","c:c,b,-a;1/4,1/4,0" ] },{ "det": 3.0,"i": 10,"subgroup": 69,"subgroupHM": "F","subgroupIndex": 3,"trSubtype": "eu","trType": "k","trm": [ "a:a,b,3c","a:a,b,3c;0,0,1","a:a,b,3c;0,0,2","b:a,3b,c","b:a,3b,c;0,1,0","b:a,3b,c;0,2,0","c:3a,b,c","c:3a,b,c;1,0,0","c:3a,b,c;2,0,0" ] } ] }