{ "HM": "P-4","created": "Wed Mar 27 16:24:28 CDT 2024","nSettings": 10,"nSubgroups": 4,"sg": 81,"subgroups": [ { "det": 1.0,"i": 1,"subgroup": 3,"subgroupHM": "P2","subgroupIndex": 2,"trSubtype": "","trType": "t","trm": [ "a:b,c,a" ] },{ "det": 2.0,"i": 2,"subgroup": 81,"subgroupHM": "P-4","subgroupIndex": 2,"trSubtype": "eu","trType": "k","trm": [ "a:a-b,a+b,c;1/2,1/2,0","b:a-b,a+b,c","c:a,b,2c;0,0,1/2","d:a,b,2c" ] },{ "det": 3.0,"i": 3,"subgroup": 81,"subgroupHM": "P-4","subgroupIndex": 3,"trSubtype": "eu","trType": "k","trm": [ "a:a,b,3c","a:a,b,3c;0,0,1","a:a,b,3c;0,0,2" ] },{ "det": 4.0,"i": 4,"subgroup": 82,"subgroupHM": "I-4","subgroupIndex": 2,"trSubtype": "eu","trType": "k","trm": [ "a:a-b,a+b,2c;0,0,1/2","b:a-b,a+b,2c" ] } ] }