{ "HM": "Pmc21","created": "Wed Mar 27 16:23:57 CDT 2024","nSettings": 22,"nSubgroups": 8,"sg": 26,"subgroups": [ { "det": 1.0,"i": 1,"subgroup": 4,"subgroupHM": "P21","subgroupIndex": 2,"trSubtype": "","trType": "t","trm": [ "a:b,c,a" ] },{ "det": 1.0,"i": 2,"subgroup": 6,"subgroupHM": "P","subgroupIndex": 2,"trSubtype": "","trType": "t","trm": [ "a:c,a,b" ] },{ "det": 1.0,"i": 3,"subgroup": 7,"subgroupHM": "P","subgroupIndex": 2,"trSubtype": "","trType": "t","trm": [ "a:a,b,c" ] },{ "det": 2.0,"i": 4,"subgroup": 26,"subgroupHM": "P","subgroupIndex": 2,"trSubtype": "eu","trType": "k","trm": [ "a:a,2b,c;0,1/2,0","b:a,2b,c","c:2a,b,c;1/2,0,0","d:2a,b,c" ] },{ "det": 3.0,"i": 5,"subgroup": 26,"subgroupHM": "P","subgroupIndex": 3,"trSubtype": "eu","trType": "k","trm": [ "a:a,3b,c","a:a,3b,c;0,1,0","a:a,3b,c;0,2,0","b:3a,b,c","b:3a,b,c;1,0,0","b:3a,b,c;2,0,0","c:a,b,3c" ] },{ "det": 2.0,"i": 6,"subgroup": 29,"subgroupHM": "P","subgroupIndex": 2,"trSubtype": "eu","trType": "k","trm": [ "a:-2b,a,c;0,1/2,0","b:-2b,a,c" ] },{ "det": 2.0,"i": 7,"subgroup": 31,"subgroupHM": "P","subgroupIndex": 2,"trSubtype": "eu","trType": "k","trm": [ "a:2a,b,c","b:2a,b,c;1/2,0,0" ] },{ "det": 4.0,"i": 8,"subgroup": 36,"subgroupHM": "C","subgroupIndex": 2,"trSubtype": "eu","trType": "k","trm": [ "a:2a,2b,c;1/2,1/2,0","b:2a,2b,c;0,1/2,0","c:2a,2b,c;1/2,0,0","d:2a,2b,c" ] } ] }