{ "HM": "I422","created": "Wed Mar 27 16:24:36 CDT 2024","nSettings": 10,"nSubgroups": 8,"sg": 97,"subgroups": [ { "det": 2.0,"i": 1,"subgroup": 22,"subgroupHM": "F222","subgroupIndex": 2,"trSubtype": "","trType": "t","trm": [ "a:a-b,a+b,c" ] },{ "det": 1.0,"i": 2,"subgroup": 23,"subgroupHM": "I222","subgroupIndex": 2,"trSubtype": "","trType": "t","trm": [ "a:a,b,c" ] },{ "det": 1.0,"i": 3,"subgroup": 79,"subgroupHM": "I4","subgroupIndex": 2,"trSubtype": "","trType": "t","trm": [ "a:a,b,c" ] },{ "det": 1.0,"i": 4,"subgroup": 89,"subgroupHM": "P422","subgroupIndex": 2,"trSubtype": "ct","trType": "k","trm": [ "a:a,b,c" ] },{ "det": 1.0,"i": 5,"subgroup": 90,"subgroupHM": "P4212","subgroupIndex": 2,"trSubtype": "ct","trType": "k","trm": [ "a:a,b,c;0,1/2,1/4" ] },{ "det": 1.0,"i": 6,"subgroup": 93,"subgroupHM": "P4222","subgroupIndex": 2,"trSubtype": "ct","trType": "k","trm": [ "a:a,b,c;0,1/2,0" ] },{ "det": 1.0,"i": 7,"subgroup": 94,"subgroupHM": "P42212","subgroupIndex": 2,"trSubtype": "ct","trType": "k","trm": [ "a:a,b,c" ] },{ "det": 3.0,"i": 8,"subgroup": 97,"subgroupHM": "I422","subgroupIndex": 3,"trSubtype": "eu","trType": "k","trm": [ "a:a,b,3c","a:a,b,3c;0,0,1","a:a,b,3c;0,0,2" ] } ] }