{ "HM": "Pban","created": "Wed Mar 27 16:24:07 CDT 2024","nSettings": 24,"nSubgroups": 8,"sg": 50,"subgroups": [ { "det": 1.0,"i": 1,"subgroup": 13,"subgroupHM": "P2","subgroupIndex": 2,"trSubtype": "","trType": "t","trm": [ "a:c,a,b","b:-a-c,b,a","c:a,c,-a-b" ] },{ "det": 1.0,"i": 2,"subgroup": 16,"subgroupHM": "P222","subgroupIndex": 2,"trSubtype": "","trType": "t","trm": [ "a:a,b,c;1/4,1/4,0" ] },{ "det": 1.0,"i": 3,"subgroup": 30,"subgroupHM": "P","subgroupIndex": 2,"trSubtype": "","trType": "t","trm": [ "a:c,b,-a;1/4,1/4,0","b:c,a,b;1/4,1/4,0" ] },{ "det": 1.0,"i": 4,"subgroup": 32,"subgroupHM": "P","subgroupIndex": 2,"trSubtype": "","trType": "t","trm": [ "a:a,b,c;1/4,1/4,0" ] },{ "det": 2.0,"i": 5,"subgroup": 48,"subgroupHM": "P","subgroupIndex": 2,"trSubtype": "eu","trType": "k","trm": [ "a:a,b,2c;0,0,1/2","b:a,b,2c" ] },{ "det": 2.0,"i": 6,"subgroup": 50,"subgroupHM": "P","subgroupIndex": 2,"trSubtype": "eu","trType": "k","trm": [ "a:a,b,2c;0,0,1/2","b:a,b,2c" ] },{ "det": 3.0,"i": 7,"subgroup": 50,"subgroupHM": "P","subgroupIndex": 3,"trSubtype": "eu","trType": "k","trm": [ "a:a,b,3c","a:a,b,3c;0,0,1","a:a,b,3c;0,0,2","b:a,3b,c","b:a,3b,c;0,1,0","b:a,3b,c;0,2,0","c:3a,b,c","c:3a,b,c;1,0,0","c:3a,b,c;2,0,0" ] },{ "det": 2.0,"i": 8,"subgroup": 52,"subgroupHM": "P","subgroupIndex": 2,"trSubtype": "eu","trType": "k","trm": [ "a:b,2c,a;0,0,1/2","b:b,2c,a","c:a,-2c,b;0,0,1/2","d:a,-2c,b" ] } ] }