{ "HM": "P42nm","created": "Wed Mar 27 16:24:39 CDT 2024","nSettings": 8,"nSubgroups": 6,"sg": 102,"subgroups": [ { "det": 1.0,"i": 1,"subgroup": 34,"subgroupHM": "P","subgroupIndex": 2,"trSubtype": "","trType": "t","trm": [ "a:a,b,c" ] },{ "det": 2.0,"i": 2,"subgroup": 35,"subgroupHM": "C","subgroupIndex": 2,"trSubtype": "","trType": "t","trm": [ "a:a-b,a+b,c" ] },{ "det": 1.0,"i": 3,"subgroup": 77,"subgroupHM": "P42","subgroupIndex": 2,"trSubtype": "","trType": "t","trm": [ "a:a,b,c;0,1/2,0" ] },{ "det": 3.0,"i": 4,"subgroup": 102,"subgroupHM": "P42","subgroupIndex": 3,"trSubtype": "eu","trType": "k","trm": [ "a:a,b,3c" ] },{ "det": 4.0,"i": 5,"subgroup": 109,"subgroupHM": "I41","subgroupIndex": 2,"trSubtype": "eu","trType": "k","trm": [ "a:a-b,a+b,2c;1/2,1/2,0","b:a-b,a+b,2c" ] },{ "det": 4.0,"i": 6,"subgroup": 110,"subgroupHM": "I41","subgroupIndex": 2,"trSubtype": "eu","trType": "k","trm": [ "a:a-b,a+b,2c;1/2,1/2,0","b:a-b,a+b,2c" ] } ] }