{ "HM": "I41/acd","created": "Wed Mar 27 16:25:06 CDT 2024","nSettings": 10,"nSubgroups": 8,"sg": 142,"subgroups": [ { "det": 2.0,"i": 1,"subgroup": 70,"subgroupHM": "F","subgroupIndex": 2,"trSubtype": "","trType": "t","trm": [ "a:a-b,a+b,c;1/4,1/4,1/4" ] },{ "det": 1.0,"i": 2,"subgroup": 73,"subgroupHM": "I","subgroupIndex": 2,"trSubtype": "","trType": "t","trm": [ "a:a,b,c" ] },{ "det": 1.0,"i": 3,"subgroup": 88,"subgroupHM": "I41","subgroupIndex": 2,"trSubtype": "","trType": "t","trm": [ "a:a,b,c;0,1/2,0" ] },{ "det": 1.0,"i": 4,"subgroup": 98,"subgroupHM": "I4122","subgroupIndex": 2,"trSubtype": "","trType": "t","trm": [ "a:a,b,c;0,1/4,1/8" ] },{ "det": 1.0,"i": 5,"subgroup": 110,"subgroupHM": "I41","subgroupIndex": 2,"trSubtype": "","trType": "t","trm": [ "a:a,b,c;0,1/4,0" ] },{ "det": 1.0,"i": 6,"subgroup": 120,"subgroupHM": "I-4","subgroupIndex": 2,"trSubtype": "","trType": "t","trm": [ "a:a,b,c;0,1/4,3/8" ] },{ "det": 1.0,"i": 7,"subgroup": 122,"subgroupHM": "I-42","subgroupIndex": 2,"trSubtype": "","trType": "t","trm": [ "a:a,b,c;0,3/4,1/8" ] },{ "det": 3.0,"i": 8,"subgroup": 142,"subgroupHM": "I41","subgroupIndex": 3,"trSubtype": "eu","trType": "k","trm": [ "a:a,b,3c;1/2,0,0","a:a,b,3c;1/2,0,1","a:a,b,3c;1/2,0,2" ] } ] }