{ "HM": "P212121","created": "Wed Mar 27 16:23:55 CDT 2024","nSettings": 12,"nSubgroups": 2,"sg": 19,"subgroups": [ { "det": 1.0,"i": 1,"subgroup": 4,"subgroupHM": "P21","subgroupIndex": 2,"trSubtype": "","trType": "t","trm": [ "a:c,a,b;0,1/4,0","b:a,b,c;0,0,1/4","c:b,c,a;1/4,0,0" ] },{ "det": 3.0,"i": 2,"subgroup": 19,"subgroupHM": "P212121","subgroupIndex": 3,"trSubtype": "eu","trType": "k","trm": [ "a:a,b,3c","a:a,b,3c;0,0,1","a:a,b,3c;0,0,2","b:a,3b,c","b:a,3b,c;0,1,0","b:a,3b,c;0,2,0","c:3a,b,c","c:3a,b,c;1,0,0","c:3a,b,c;2,0,0" ] } ] }