{ "HM": "P42212","created": "Wed Mar 27 16:24:34 CDT 2024","nSettings": 10,"nSubgroups": 6,"sg": 94,"subgroups": [ { "det": 1.0,"i": 1,"subgroup": 18,"subgroupHM": "P21212","subgroupIndex": 2,"trSubtype": "","trType": "t","trm": [ "a:a,b,c;0,0,1/4" ] },{ "det": 2.0,"i": 2,"subgroup": 21,"subgroupHM": "C222","subgroupIndex": 2,"trSubtype": "","trType": "t","trm": [ "a:a-b,a+b,c" ] },{ "det": 1.0,"i": 3,"subgroup": 77,"subgroupHM": "P42","subgroupIndex": 2,"trSubtype": "","trType": "t","trm": [ "a:a,b,c;0,1/2,0" ] },{ "det": 2.0,"i": 4,"subgroup": 92,"subgroupHM": "P41212","subgroupIndex": 2,"trSubtype": "eu","trType": "k","trm": [ "a:a,b,2c;0,0,1/2","b:a,b,2c" ] },{ "det": 3.0,"i": 5,"subgroup": 94,"subgroupHM": "P42212","subgroupIndex": 3,"trSubtype": "eu","trType": "k","trm": [ "a:a,b,3c","a:a,b,3c;0,0,1","a:a,b,3c;0,0,2" ] },{ "det": 2.0,"i": 6,"subgroup": 96,"subgroupHM": "P43212","subgroupIndex": 2,"trSubtype": "eu","trType": "k","trm": [ "a:a,b,2c","b:a,b,2c;0,0,1/2" ] } ] }