{ "HM": "P42","created": "Wed Mar 27 16:24:26 CDT 2024","nSettings": 8,"nSubgroups": 6,"sg": 77,"subgroups": [ { "det": 1.0,"i": 1,"subgroup": 3,"subgroupHM": "P2","subgroupIndex": 2,"trSubtype": "","trType": "t","trm": [ "a:b,c,a" ] },{ "det": 2.0,"i": 2,"subgroup": 76,"subgroupHM": "P41","subgroupIndex": 2,"trSubtype": "eu","trType": "k","trm": [ "a:a,b,2c" ] },{ "det": 2.0,"i": 3,"subgroup": 77,"subgroupHM": "P42","subgroupIndex": 2,"trSubtype": "eu","trType": "k","trm": [ "a:a-b,a+b,c;1/2,1/2,0","b:a-b,a+b,c" ] },{ "det": 3.0,"i": 4,"subgroup": 77,"subgroupHM": "P42","subgroupIndex": 3,"trSubtype": "eu","trType": "k","trm": [ "a:a,b,3c" ] },{ "det": 2.0,"i": 5,"subgroup": 78,"subgroupHM": "P43","subgroupIndex": 2,"trSubtype": "eu","trType": "k","trm": [ "a:a,b,2c" ] },{ "det": 4.0,"i": 6,"subgroup": 80,"subgroupHM": "I41","subgroupIndex": 2,"trSubtype": "eu","trType": "k","trm": [ "a:a-b,a+b,2c;1/2,0,0","b:a-b,a+b,2c;0,1/2,0" ] } ] }