{ "HM": "Cmme","created": "Wed Mar 27 16:24:20 CDT 2024","nSettings": 40,"nSubgroups": 16,"sg": 67,"subgroups": [ { "det": 1.0,"i": 1,"subgroup": 12,"subgroupHM": "C2","subgroupIndex": 2,"trSubtype": "","trType": "t","trm": [ "a:-b,a,c","b:a,b,c;1/4,1/4,0" ] },{ "det": 0.5,"i": 2,"subgroup": 13,"subgroupHM": "P2","subgroupIndex": 2,"trSubtype": "","trType": "t","trm": [ "a:-1/2a+1/2b,c,a" ] },{ "det": 1.0,"i": 3,"subgroup": 21,"subgroupHM": "C222","subgroupIndex": 2,"trSubtype": "","trType": "t","trm": [ "a:a,b,c;1/4,0,0" ] },{ "det": 1.0,"i": 4,"subgroup": 35,"subgroupHM": "C","subgroupIndex": 2,"trSubtype": "","trType": "t","trm": [ "a:a,b,c;0,1/4,0" ] },{ "det": 1.0,"i": 5,"subgroup": 39,"subgroupHM": "A","subgroupIndex": 2,"trSubtype": "","trType": "t","trm": [ "a:c,b,-a","b:c,a,b;1/4,0,0" ] },{ "det": 1.0,"i": 6,"subgroup": 49,"subgroupHM": "P","subgroupIndex": 2,"trSubtype": "ct","trType": "k","trm": [ "a:c,a,b;1/4,1/4,0","b:b,c,a" ] },{ "det": 1.0,"i": 7,"subgroup": 51,"subgroupHM": "P","subgroupIndex": 2,"trSubtype": "ct","trType": "k","trm": [ "a:a,b,c;1/4,1/4,0","b:-b,a,c" ] },{ "det": 1.0,"i": 8,"subgroup": 54,"subgroupHM": "P","subgroupIndex": 2,"trSubtype": "ct","trType": "k","trm": [ "a:a,-c,b","b:b,c,a;1/4,1/4,0" ] },{ "det": 1.0,"i": 9,"subgroup": 57,"subgroupHM": "P","subgroupIndex": 2,"trSubtype": "ct","trType": "k","trm": [ "a:c,b,-a;1/4,1/4,0","b:c,a,b" ] },{ "det": 2.0,"i": 10,"subgroup": 64,"subgroupHM": "C","subgroupIndex": 2,"trSubtype": "eu","trType": "k","trm": [ "a:a,b,2c;0,0,1/2","b:a,b,2c","c:-b,a,2c;1/4,1/4,1/2","d:-b,a,2c;1/4,1/4,0" ] },{ "det": 2.0,"i": 11,"subgroup": 67,"subgroupHM": "C","subgroupIndex": 2,"trSubtype": "eu","trType": "k","trm": [ "a:a,b,2c;0,0,1/2","b:a,b,2c" ] },{ "det": 3.0,"i": 12,"subgroup": 67,"subgroupHM": "C","subgroupIndex": 3,"trSubtype": "eu","trType": "k","trm": [ "a:a,b,3c","a:a,b,3c;0,0,1","a:a,b,3c;0,0,2","b:a,3b,c","b:a,3b,c;0,1,0","b:a,3b,c;0,2,0","c:3a,b,c","c:3a,b,c;1,0,0","c:3a,b,c;2,0,0" ] },{ "det": 2.0,"i": 13,"subgroup": 68,"subgroupHM": "C","subgroupIndex": 2,"trSubtype": "eu","trType": "k","trm": [ "a:a,b,2c;1/4,1/4,1/2","b:a,b,2c;1/4,1/4,0" ] },{ "det": 2.0,"i": 14,"subgroup": 72,"subgroupHM": "I","subgroupIndex": 2,"trSubtype": "eu","trType": "k","trm": [ "a:b,2c,a;0,0,1/2","b:b,2c,a","c:2c,a,b;1/4,1/4,0","d:2c,a,b;1/4,1/4,1/2" ] },{ "det": 2.0,"i": 15,"subgroup": 73,"subgroupHM": "I","subgroupIndex": 2,"trSubtype": "eu","trType": "k","trm": [ "a:a,b,2c;0,0,1/2","b:a,b,2c" ] },{ "det": 2.0,"i": 16,"subgroup": 74,"subgroupHM": "I","subgroupIndex": 2,"trSubtype": "eu","trType": "k","trm": [ "a:a,b,2c;0,0,1/2","b:a,b,2c" ] } ] }