{ "HM": "P2/c","created": "Wed Mar 27 16:23:54 CDT 2024","nSettings": 30,"nSubgroups": 7,"sg": 13,"subgroups": [ { "det": 1.0,"i": 1,"subgroup": 2,"subgroupHM": "P-1","subgroupIndex": 2,"trSubtype": "","trType": "t","trm": [ "a:a,b,c" ] },{ "det": 1.0,"i": 2,"subgroup": 3,"subgroupHM": "P2","subgroupIndex": 2,"trSubtype": "","trType": "t","trm": [ "a:a,b,c;0,0,1/4" ] },{ "det": 1.0,"i": 3,"subgroup": 7,"subgroupHM": "P","subgroupIndex": 2,"trSubtype": "","trType": "t","trm": [ "a:a,b,c" ] },{ "det": 2.0,"i": 4,"subgroup": 13,"subgroupHM": "P2","subgroupIndex": 2,"trSubtype": "eu","trType": "k","trm": [ "a:2a,b,-2a+c;1/2,0,0","b:2a,b,-2a+c","c:2a,b,c;1/2,0,0","d:2a,b,c","e:a,2b,c;0,1/2,0","f:a,2b,c" ] },{ "det": 3.0,"i": 5,"subgroup": 13,"subgroupHM": "P2","subgroupIndex": 3,"trSubtype": "eu","trType": "k","trm": [ "a:3a,b,-4a+c","a:3a,b,-4a+c;1,0,0","a:3a,b,-4a+c;2,0,0","b:3a,b,-2a+c","b:3a,b,-2a+c;1,0,0","b:3a,b,-2a+c;2,0,0","c:3a,b,c","c:3a,b,c;1,0,0","c:3a,b,c;2,0,0","d:a,b,3c","d:a,b,3c;0,0,1","d:a,b,3c;0,0,2","e:a,3b,c","e:a,3b,c;0,1,0","e:a,3b,c;0,2,0" ] },{ "det": 2.0,"i": 6,"subgroup": 14,"subgroupHM": "P21","subgroupIndex": 2,"trSubtype": "eu","trType": "k","trm": [ "a:a,2b,c;0,1/2,0","b:a,2b,c" ] },{ "det": 4.0,"i": 7,"subgroup": 15,"subgroupHM": "C2","subgroupIndex": 2,"trSubtype": "eu","trType": "k","trm": [ "a:2a,2b,c;1/2,1/2,0","b:2a,2b,c;1/2,0,0","c:2a,2b,c;0,1/2,0","d:2a,2b,c" ] } ] }