{ "HM": "I4132","created": "Wed Mar 27 16:25:44 CDT 2024","nSettings": 10,"nSubgroups": 5,"sg": 214,"subgroups": [ { "det": 1.0,"i": 1,"subgroup": 98,"subgroupHM": "I4122","subgroupIndex": 3,"trSubtype": "","trType": "t","trm": [ "a:a,b,c;0,1/4,1/8","a:b,c,a;1/8,0,1/4","a:c,a,b;1/4,1/8,0" ] },{ "det": 1.5,"i": 2,"subgroup": 155,"subgroupHM": "R32","subgroupIndex": 4,"trSubtype": "","trType": "t","trm": [ "a:-a+b,-b+c,1/2a+1/2b+1/2c;1/8,1/8,1/8","a:a+b,-b-c,-1/2a+1/2b-1/2c;7/8,5/8,3/8","a:-a-b,b-c,1/2a-1/2b-1/2c;5/8,3/8,7/8","a:a-b,b+c,-1/2a-1/2b+1/2c;3/8,7/8,5/8" ] },{ "det": 1.0,"i": 3,"subgroup": 199,"subgroupHM": "I213","subgroupIndex": 2,"trSubtype": "","trType": "t","trm": [ "a:a,b,c" ] },{ "det": 1.0,"i": 4,"subgroup": 212,"subgroupHM": "P4332","subgroupIndex": 2,"trSubtype": "ct","trType": "k","trm": [ "a:a,b,c" ] },{ "det": 1.0,"i": 5,"subgroup": 213,"subgroupHM": "P4132","subgroupIndex": 2,"trSubtype": "ct","trType": "k","trm": [ "a:a,b,c" ] } ] }