{ "HM": "Ibca","created": "Wed Mar 27 16:24:25 CDT 2024","nSettings": 24,"nSubgroups": 6,"sg": 73,"subgroups": [ { "det": 1.0,"i": 1,"subgroup": 15,"subgroupHM": "C2","subgroupIndex": 2,"trSubtype": "","trType": "t","trm": [ "a:-b-c,a,c","b:-a-c,b,a","c:-a-b,c,b" ] },{ "det": 1.0,"i": 2,"subgroup": 24,"subgroupHM": "I212121","subgroupIndex": 2,"trSubtype": "","trType": "t","trm": [ "a:a,b,c" ] },{ "det": 1.0,"i": 3,"subgroup": 45,"subgroupHM": "I","subgroupIndex": 2,"trSubtype": "","trType": "t","trm": [ "a:b,c,a;0,0,1/4","b:c,a,b;1/4,0,0","c:a,b,c;0,1/4,0" ] },{ "det": 1.0,"i": 4,"subgroup": 54,"subgroupHM": "P","subgroupIndex": 2,"trSubtype": "ct","trType": "k","trm": [ "a:a,b,c;1/4,1/4,1/4","b:b,c,a;1/4,1/4,1/4","c:c,a,b;1/4,1/4,1/4","d:a,-c,b","e:-b,a,c","f:c,b,-a" ] },{ "det": 1.0,"i": 5,"subgroup": 61,"subgroupHM": "P","subgroupIndex": 2,"trSubtype": "ct","trType": "k","trm": [ "a:-b,a,c;1/4,1/4,1/4","b:a,b,c" ] },{ "det": 3.0,"i": 6,"subgroup": 73,"subgroupHM": "I","subgroupIndex": 3,"trSubtype": "eu","trType": "k","trm": [ "a:a,b,3c","a:a,b,3c;0,0,1","a:a,b,3c;0,0,2","b:a,3b,c","b:a,3b,c;0,1,0","b:a,3b,c;0,2,0","c:3a,b,c","c:3a,b,c;1,0,0","c:3a,b,c;2,0,0" ] } ] }