{ "HM": "P42/m","created": "Wed Mar 27 16:24:29 CDT 2024","nSettings": 10,"nSubgroups": 6,"sg": 84,"subgroups": [ { "det": 1.0,"i": 1,"subgroup": 10,"subgroupHM": "P2","subgroupIndex": 2,"trSubtype": "","trType": "t","trm": [ "a:b,c,a" ] },{ "det": 1.0,"i": 2,"subgroup": 77,"subgroupHM": "P42","subgroupIndex": 2,"trSubtype": "","trType": "t","trm": [ "a:a,b,c" ] },{ "det": 1.0,"i": 3,"subgroup": 81,"subgroupHM": "P-4","subgroupIndex": 2,"trSubtype": "","trType": "t","trm": [ "a:a,b,c;0,0,1/4" ] },{ "det": 2.0,"i": 4,"subgroup": 84,"subgroupHM": "P42","subgroupIndex": 2,"trSubtype": "eu","trType": "k","trm": [ "a:a-b,a+b,c;1/2,1/2,0","b:a-b,a+b,c" ] },{ "det": 3.0,"i": 5,"subgroup": 84,"subgroupHM": "P42","subgroupIndex": 3,"trSubtype": "eu","trType": "k","trm": [ "a:a,b,3c","a:a,b,3c;0,0,1","a:a,b,3c;0,0,2" ] },{ "det": 2.0,"i": 6,"subgroup": 86,"subgroupHM": "P42","subgroupIndex": 2,"trSubtype": "eu","trType": "k","trm": [ "a:a-b,a+b,c;1/2,0,0","b:a-b,a+b,c;0,1/2,0" ] } ] }