{ "HM": "P422","created": "Wed Mar 27 16:24:32 CDT 2024","nSettings": 18,"nSubgroups": 8,"sg": 89,"subgroups": [ { "det": 1.0,"i": 1,"subgroup": 16,"subgroupHM": "P222","subgroupIndex": 2,"trSubtype": "","trType": "t","trm": [ "a:a,b,c" ] },{ "det": 2.0,"i": 2,"subgroup": 21,"subgroupHM": "C222","subgroupIndex": 2,"trSubtype": "","trType": "t","trm": [ "a:a-b,a+b,c" ] },{ "det": 1.0,"i": 3,"subgroup": 75,"subgroupHM": "P4","subgroupIndex": 2,"trSubtype": "","trType": "t","trm": [ "a:a,b,c" ] },{ "det": 2.0,"i": 4,"subgroup": 89,"subgroupHM": "P422","subgroupIndex": 2,"trSubtype": "eu","trType": "k","trm": [ "a:a-b,a+b,c;1/2,1/2,0","b:a-b,a+b,c","c:a,b,2c;0,0,1/2","d:a,b,2c" ] },{ "det": 3.0,"i": 5,"subgroup": 89,"subgroupHM": "P422","subgroupIndex": 3,"trSubtype": "eu","trType": "k","trm": [ "a:a,b,3c","a:a,b,3c;0,0,1","a:a,b,3c;0,0,2" ] },{ "det": 2.0,"i": 6,"subgroup": 90,"subgroupHM": "P4212","subgroupIndex": 2,"trSubtype": "eu","trType": "k","trm": [ "a:a-b,a+b,c","b:a-b,a+b,c;1/2,1/2,0" ] },{ "det": 2.0,"i": 7,"subgroup": 93,"subgroupHM": "P4222","subgroupIndex": 2,"trSubtype": "eu","trType": "k","trm": [ "a:a,b,2c;0,0,1/2","b:a,b,2c" ] },{ "det": 4.0,"i": 8,"subgroup": 97,"subgroupHM": "I422","subgroupIndex": 2,"trSubtype": "eu","trType": "k","trm": [ "a:a-b,a+b,2c;1/2,1/2,1/2","b:a-b,a+b,2c;1/2,1/2,0","c:a-b,a+b,2c;0,0,1/2","d:a-b,a+b,2c" ] } ] }