{ "HM": "C2/m","created": "Wed Mar 27 16:23:54 CDT 2024","nSettings": 30,"nSubgroups": 10,"sg": 12,"subgroups": [ { "det": 0.5,"i": 1,"subgroup": 2,"subgroupHM": "P-1","subgroupIndex": 2,"trSubtype": "","trType": "t","trm": [ "a:1/2a-1/2b,1/2a+1/2b,c" ] },{ "det": 1.0,"i": 2,"subgroup": 5,"subgroupHM": "C2","subgroupIndex": 2,"trSubtype": "","trType": "t","trm": [ "a:a,b,c" ] },{ "det": 1.0,"i": 3,"subgroup": 8,"subgroupHM": "C","subgroupIndex": 2,"trSubtype": "","trType": "t","trm": [ "a:a,b,c" ] },{ "det": 1.0,"i": 4,"subgroup": 10,"subgroupHM": "P2","subgroupIndex": 2,"trSubtype": "ct","trType": "k","trm": [ "a:a,b,c" ] },{ "det": 1.0,"i": 5,"subgroup": 11,"subgroupHM": "P21","subgroupIndex": 2,"trSubtype": "ct","trType": "k","trm": [ "a:c,b,-a;1/4,1/4,0" ] },{ "det": 2.0,"i": 6,"subgroup": 12,"subgroupHM": "C2","subgroupIndex": 2,"trSubtype": "eu","trType": "k","trm": [ "a:a-2c,b,2c;0,0,1/2","b:a-2c,b,2c","c:a,b,2c;0,0,1/2","d:a,b,2c" ] },{ "det": 3.0,"i": 7,"subgroup": 12,"subgroupHM": "C2","subgroupIndex": 3,"trSubtype": "eu","trType": "k","trm": [ "a:3a,b,c","a:3a,b,c;1,0,0","a:3a,b,c;2,0,0","b:a-4c,b,3c","b:a-4c,b,3c;0,0,1","b:a-4c,b,3c;0,0,2","c:a-2c,b,3c","c:a-2c,b,3c;0,0,1","c:a-2c,b,3c;0,0,2","d:a,b,3c","d:a,b,3c;0,0,1","d:a,b,3c;0,0,2","e:a,3b,c","e:a,3b,c;0,1,0","e:a,3b,c;0,2,0" ] },{ "det": 1.0,"i": 8,"subgroup": 13,"subgroupHM": "P2","subgroupIndex": 2,"trSubtype": "ct","trType": "k","trm": [ "a:c,b,-a;1/4,1/4,0" ] },{ "det": 1.0,"i": 9,"subgroup": 14,"subgroupHM": "P21","subgroupIndex": 2,"trSubtype": "ct","trType": "k","trm": [ "a:c,b,-a" ] },{ "det": 2.0,"i": 10,"subgroup": 15,"subgroupHM": "C2","subgroupIndex": 2,"trSubtype": "eu","trType": "k","trm": [ "a:a-2c,b,2c;0,0,1/2","b:a-2c,b,2c","c:a,b,2c;0,0,1/2","d:a,b,2c" ] } ] }