{ "HM": "Pna21","created": "Wed Mar 27 16:23:59 CDT 2024","nSettings": 10,"nSubgroups": 3,"sg": 33,"subgroups": [ { "det": 1.0,"i": 1,"subgroup": 4,"subgroupHM": "P21","subgroupIndex": 2,"trSubtype": "","trType": "t","trm": [ "a:b,c,a" ] },{ "det": 1.0,"i": 2,"subgroup": 7,"subgroupHM": "P","subgroupIndex": 2,"trSubtype": "","trType": "t","trm": [ "a:b,a,-b-c;1/4,0,0","b:-a-c,b,a;0,1/4,0" ] },{ "det": 3.0,"i": 3,"subgroup": 33,"subgroupHM": "P","subgroupIndex": 3,"trSubtype": "eu","trType": "k","trm": [ "a:a,3b,c","a:a,3b,c;0,1,0","a:a,3b,c;0,2,0","b:3a,b,c","b:3a,b,c;1,0,0","b:3a,b,c;2,0,0","c:a,b,3c" ] } ] }