{ "HM": "Pnnn","created": "Wed Mar 27 16:24:05 CDT 2024","nSettings": 24,"nSubgroups": 5,"sg": 48,"subgroups": [ { "det": 1.0,"i": 1,"subgroup": 13,"subgroupHM": "P2","subgroupIndex": 2,"trSubtype": "","trType": "t","trm": [ "a:-b,a,b+c","b:c,b,-a-c","c:a,c,-a-b" ] },{ "det": 1.0,"i": 2,"subgroup": 16,"subgroupHM": "P222","subgroupIndex": 2,"trSubtype": "","trType": "t","trm": [ "a:a,b,c;1/4,1/4,1/4" ] },{ "det": 1.0,"i": 3,"subgroup": 34,"subgroupHM": "P","subgroupIndex": 2,"trSubtype": "","trType": "t","trm": [ "a:b,c,a;1/4,1/4,1/4","b:c,a,b;1/4,1/4,1/4","c:a,b,c;1/4,1/4,1/4" ] },{ "det": 3.0,"i": 4,"subgroup": 48,"subgroupHM": "P","subgroupIndex": 3,"trSubtype": "eu","trType": "k","trm": [ "a:a,b,3c","a:a,b,3c;0,0,1","a:a,b,3c;0,0,2","b:a,3b,c","b:a,3b,c;0,1,0","b:a,3b,c;0,2,0","c:3a,b,c","c:3a,b,c;1,0,0","c:3a,b,c;2,0,0" ] },{ "det": 8.0,"i": 5,"subgroup": 70,"subgroupHM": "F","subgroupIndex": 2,"trSubtype": "eu","trType": "k","trm": [ "a:2a,2b,2c;1/2,1/2,1/2","b:2a,2b,2c;0,1/2,1/2","c:2a,2b,2c;1/2,0,1/2","d:2a,2b,2c;1/2,1/2,0","e:2a,2b,2c;0,1/2,0","f:2a,2b,2c;1/2,0,0","g:2a,2b,2c;0,0,1/2","h:2a,2b,2c" ] } ] }