{ "HM": "Fd-3m","created": "Wed Mar 27 16:25:51 CDT 2024","nSettings": 10,"nSubgroups": 5,"sg": 227,"subgroups": [ { "det": 0.5,"i": 1,"subgroup": 141,"subgroupHM": "I41","subgroupIndex": 3,"trSubtype": "","trType": "t","trm": [ "a:1/2a-1/2b,1/2a+1/2b,c;1/4,1/4,0","a:1/2b-1/2c,1/2b+1/2c,a;0,1/4,1/4","a:-1/2a+1/2c,1/2a+1/2c,b;1/4,0,1/4" ] },{ "det": 0.75,"i": 2,"subgroup": 166,"subgroupHM": "R-3","subgroupIndex": 4,"trSubtype": "","trType": "t","trm": [ "a:-1/2a+1/2b,-1/2b+1/2c,a+b+c","a:1/2a+1/2b,-1/2b-1/2c,-a+b-c;1/4,0,1/4","a:-1/2a-1/2b,1/2b-1/2c,a-b-c;0,1/4,1/4","a:1/2a-1/2b,1/2b+1/2c,-a-b+c;1/4,1/4,0" ] },{ "det": 1.0,"i": 3,"subgroup": 203,"subgroupHM": "F","subgroupIndex": 2,"trSubtype": "","trType": "t","trm": [ "a:a,b,c" ] },{ "det": 1.0,"i": 4,"subgroup": 210,"subgroupHM": "F4132","subgroupIndex": 2,"trSubtype": "","trType": "t","trm": [ "a:a,b,c;3/8,3/8,3/8" ] },{ "det": 1.0,"i": 5,"subgroup": 216,"subgroupHM": "F-43","subgroupIndex": 2,"trSubtype": "","trType": "t","trm": [ "a:a,b,c;1/8,1/8,1/8" ] } ] }