{ "HM": "P-4m2","created": "Wed Mar 27 16:24:45 CDT 2024","nSettings": 18,"nSubgroups": 9,"sg": 115,"subgroups": [ { "det": 2.0,"i": 1,"subgroup": 21,"subgroupHM": "C222","subgroupIndex": 2,"trSubtype": "","trType": "t","trm": [ "a:a-b,a+b,c" ] },{ "det": 1.0,"i": 2,"subgroup": 25,"subgroupHM": "P","subgroupIndex": 2,"trSubtype": "","trType": "t","trm": [ "a:a,b,c" ] },{ "det": 1.0,"i": 3,"subgroup": 81,"subgroupHM": "P-4","subgroupIndex": 2,"trSubtype": "","trType": "t","trm": [ "a:a,b,c" ] },{ "det": 2.0,"i": 4,"subgroup": 111,"subgroupHM": "P-42","subgroupIndex": 2,"trSubtype": "eu","trType": "k","trm": [ "a:a-b,a+b,c;1/2,1/2,0","b:a-b,a+b,c" ] },{ "det": 2.0,"i": 5,"subgroup": 113,"subgroupHM": "P-421","subgroupIndex": 2,"trSubtype": "eu","trType": "k","trm": [ "a:a-b,a+b,c;1/2,1/2,0","b:a-b,a+b,c" ] },{ "det": 2.0,"i": 6,"subgroup": 115,"subgroupHM": "P-4","subgroupIndex": 2,"trSubtype": "eu","trType": "k","trm": [ "a:a,b,2c;0,0,1/2","b:a,b,2c" ] },{ "det": 3.0,"i": 7,"subgroup": 115,"subgroupHM": "P-4","subgroupIndex": 3,"trSubtype": "eu","trType": "k","trm": [ "a:a,b,3c","a:a,b,3c;0,0,1","a:a,b,3c;0,0,2" ] },{ "det": 2.0,"i": 8,"subgroup": 116,"subgroupHM": "P-4","subgroupIndex": 2,"trSubtype": "eu","trType": "k","trm": [ "a:a,b,2c;0,0,1/2","b:a,b,2c" ] },{ "det": 4.0,"i": 9,"subgroup": 121,"subgroupHM": "I-42","subgroupIndex": 2,"trSubtype": "eu","trType": "k","trm": [ "a:a-b,a+b,2c;1/2,1/2,1/2","b:a-b,a+b,2c;1/2,1/2,0","c:a-b,a+b,2c;0,0,1/2","d:a-b,a+b,2c" ] } ] }