{ "HM": "Im-3m","created": "Wed Mar 27 16:25:52 CDT 2024","nSettings": 14,"nSubgroups": 9,"sg": 229,"subgroups": [ { "det": 1.0,"i": 1,"subgroup": 139,"subgroupHM": "I4","subgroupIndex": 3,"trSubtype": "","trType": "t","trm": [ "a:a,b,c","a:b,c,a","a:c,a,b" ] },{ "det": 1.5,"i": 2,"subgroup": 166,"subgroupHM": "R-3","subgroupIndex": 4,"trSubtype": "","trType": "t","trm": [ "a:-a+b,-b+c,1/2a+1/2b+1/2c","a:a+b,-b-c,-1/2a+1/2b-1/2c","a:-a-b,b-c,1/2a-1/2b-1/2c","a:a-b,b+c,-1/2a-1/2b+1/2c" ] },{ "det": 1.0,"i": 3,"subgroup": 204,"subgroupHM": "I","subgroupIndex": 2,"trSubtype": "","trType": "t","trm": [ "a:a,b,c" ] },{ "det": 1.0,"i": 4,"subgroup": 211,"subgroupHM": "I432","subgroupIndex": 2,"trSubtype": "","trType": "t","trm": [ "a:a,b,c" ] },{ "det": 1.0,"i": 5,"subgroup": 217,"subgroupHM": "I-43","subgroupIndex": 2,"trSubtype": "","trType": "t","trm": [ "a:a,b,c" ] },{ "det": 1.0,"i": 6,"subgroup": 221,"subgroupHM": "P","subgroupIndex": 2,"trSubtype": "ct","trType": "k","trm": [ "a:a,b,c" ] },{ "det": 1.0,"i": 7,"subgroup": 222,"subgroupHM": "P","subgroupIndex": 2,"trSubtype": "ct","trType": "k","trm": [ "a:a,b,c;1/4,1/4,1/4" ] },{ "det": 1.0,"i": 8,"subgroup": 223,"subgroupHM": "P","subgroupIndex": 2,"trSubtype": "ct","trType": "k","trm": [ "a:a,b,c" ] },{ "det": 1.0,"i": 9,"subgroup": 224,"subgroupHM": "P","subgroupIndex": 2,"trSubtype": "ct","trType": "k","trm": [ "a:a,b,c;1/4,1/4,1/4" ] } ] }