{ "HM": "P4232","created": "Wed Mar 27 16:25:42 CDT 2024","nSettings": 18,"nSubgroups": 5,"sg": 208,"subgroups": [ { "det": 1.0,"i": 1,"subgroup": 93,"subgroupHM": "P4222","subgroupIndex": 3,"trSubtype": "","trType": "t","trm": [ "a:a,b,c;0,1/2,0","a:b,c,a;0,0,1/2","a:c,a,b;1/2,0,0" ] },{ "det": 3.0,"i": 2,"subgroup": 155,"subgroupHM": "R32","subgroupIndex": 4,"trSubtype": "","trType": "t","trm": [ "a:a-b,b-c,a+b+c;1/4,1/4,1/4","a:-a-b,b+c,-a+b-c;-1/4,1/4,-1/4","a:a+b,-b+c,a-b-c;1/4,-1/4,-1/4","a:-a+b,-b-c,-a-b+c;-1/4,-1/4,1/4" ] },{ "det": 1.0,"i": 3,"subgroup": 195,"subgroupHM": "P23","subgroupIndex": 2,"trSubtype": "","trType": "t","trm": [ "a:a,b,c" ] },{ "det": 8.0,"i": 4,"subgroup": 210,"subgroupHM": "F4132","subgroupIndex": 2,"trSubtype": "eu","trType": "k","trm": [ "a:2a,2b,2c;1/2,1/2,1/2","b:2a,2b,2c" ] },{ "det": 8.0,"i": 5,"subgroup": 214,"subgroupHM": "I4132","subgroupIndex": 4,"trSubtype": "eu","trType": "k","trm": [ "a:2a,2b,2c;1/2,1/2,1/2","a:2a,2b,2c;3/2,3/2,1/2","a:2a,2b,2c;3/2,1/2,1/2","a:2a,2b,2c;1/2,3/2,1/2","b:2a,2b,2c","b:2a,2b,2c;1,1,0","b:2a,2b,2c;1,0,0","b:2a,2b,2c;0,1,0" ] } ] }