{ "its": [ { "cleg": "47","det": 1.0,"gen": [ "x,y,z","-x,-y,z","-x,y,-z","-x,-y,-z" ],"gp": [ "x,y,z","-x,-y,z","-x,y,-z","x,-y,-z","-x,-y,-z","x,y,-z","x,-y,z","-x,y,z" ],"hall": "-P 2 2","hm": "P m m m","id": "P_m_m_m","jmolId": "47","set": 1,"sg": 47,"tm": "a,b,c","trm": "a,b,c","wpos": { "pos": [ { "desc": "1","geom": "general","label": "A","mult": 8 },{ "coord": [ "x,y,1/2","-x,-y,1/2","-x,y,1/2","x,-y,1/2" ],"desc": "..m","geom": "plane","label": "z","mult": 4 },{ "coord": [ "x,y,0","-x,-y,0","-x,y,0","x,-y,0" ],"desc": "..m","geom": "plane","label": "y","mult": 4 },{ "coord": [ "x,1/2,z","-x,1/2,z","-x,1/2,-z","x,1/2,-z" ],"desc": ".m.","geom": "plane","label": "x","mult": 4 },{ "coord": [ "x,0,z","-x,0,z","-x,0,-z","x,0,-z" ],"desc": ".m.","geom": "plane","label": "w","mult": 4 },{ "coord": [ "1/2,y,z","1/2,-y,z","1/2,y,-z","1/2,-y,-z" ],"desc": "m..","geom": "plane","label": "v","mult": 4 },{ "coord": [ "0,y,z","0,-y,z","0,y,-z","0,-y,-z" ],"desc": "m..","geom": "plane","label": "u","mult": 4 },{ "coord": [ "1/2,1/2,z","1/2,1/2,-z" ],"desc": "mm2","geom": "line","label": "t","mult": 2 },{ "coord": [ "1/2,0,z","1/2,0,-z" ],"desc": "mm2","geom": "line","label": "s","mult": 2 },{ "coord": [ "0,1/2,z","0,1/2,-z" ],"desc": "mm2","geom": "line","label": "r","mult": 2 },{ "coord": [ "0,0,z","0,0,-z" ],"desc": "mm2","geom": "line","label": "q","mult": 2 },{ "coord": [ "1/2,y,1/2","1/2,-y,1/2" ],"desc": "m2m","geom": "line","label": "p","mult": 2 },{ "coord": [ "1/2,y,0","1/2,-y,0" ],"desc": "m2m","geom": "line","label": "o","mult": 2 },{ "coord": [ "0,y,1/2","0,-y,1/2" ],"desc": "m2m","geom": "line","label": "n","mult": 2 },{ "coord": [ "0,y,0","0,-y,0" ],"desc": "m2m","geom": "line","label": "m","mult": 2 },{ "coord": [ "x,1/2,1/2","-x,1/2,1/2" ],"desc": "2mm","geom": "line","label": "l","mult": 2 },{ "coord": [ "x,1/2,0","-x,1/2,0" ],"desc": "2mm","geom": "line","label": "k","mult": 2 },{ "coord": [ "x,0,1/2","-x,0,1/2" ],"desc": "2mm","geom": "line","label": "j","mult": 2 },{ "coord": [ "x,0,0","-x,0,0" ],"desc": "2mm","geom": "line","label": "i","mult": 2 },{ "coord": [ "1/2,1/2,1/2" ],"desc": "mmm","geom": "point","label": "h","mult": 1 },{ "coord": [ "0,1/2,1/2" ],"desc": "mmm","geom": "point","label": "g","mult": 1 },{ "coord": [ "1/2,1/2,0" ],"desc": "mmm","geom": "point","label": "f","mult": 1 },{ "coord": [ "0,1/2,0" ],"desc": "mmm","geom": "point","label": "e","mult": 1 },{ "coord": [ "1/2,0,1/2" ],"desc": "mmm","geom": "point","label": "d","mult": 1 },{ "coord": [ "0,0,1/2" ],"desc": "mmm","geom": "point","label": "c","mult": 1 },{ "coord": [ "1/2,0,0" ],"desc": "mmm","geom": "point","label": "b","mult": 1 },{ "coord": [ "0,0,0" ],"desc": "mmm","geom": "point","label": "a","mult": 1 } ] } } ],"n": 1,"sg": 47 }