{ "its": [ { "cleg": "106","det": 1.0,"gen": [ "x,y,z","-x,-y,z","-y,x,z+1/2","x+1/2,-y+1/2,z" ],"gp": [ "x,y,z","-x,-y,z","-y,x,z+1/2","y,-x,z+1/2","x+1/2,-y+1/2,z","-x+1/2,y+1/2,z","-y+1/2,-x+1/2,z+1/2","y+1/2,x+1/2,z+1/2" ],"hall": "P 4c -2ab","hm": "P 42 b c","id": "P_42_b_c","jmolId": "106","set": 1,"sg": 106,"tm": "a,b,c","trm": "a,b,c","wpos": { "pos": [ { "desc": "1","geom": "general","label": "c","mult": 8 },{ "coord": [ "0,1/2,z","1/2,0,z+1/2","1/2,0,z","0,1/2,z+1/2" ],"desc": "2..","geom": "line","label": "b","mult": 4 },{ "coord": [ "0,0,z","0,0,z+1/2","1/2,1/2,z","1/2,1/2,z+1/2" ],"desc": "2..","geom": "line","label": "a","mult": 4 } ] } },{ "cleg": "106:a-b,a+b,c","det": 2.0,"gen": [ "x,y,z","-x,-y,z","-y,x,z+1/2","y,x+1/2,z","x+1/2,y+1/2,z","-x+1/2,-y+1/2,z","-y+1/2,x+1/2,z+1/2","y+1/2,x,z" ],"gp": [ "x,y,z","-x,-y,z","-y,x,z+1/2","y,-x,z+1/2","y,x+1/2,z","-y,-x+1/2,z","x,-y+1/2,z+1/2","-x,y+1/2,z+1/2","x+1/2,y+1/2,z","-x+1/2,-y+1/2,z","-y+1/2,x+1/2,z+1/2","y+1/2,-x+1/2,z+1/2","y+1/2,x,z","-y+1/2,-x,z","x+1/2,-y,z+1/2","-x+1/2,y,z+1/2" ],"hall": "?","hm": "C 42 c g1","id": "C_42_c_g1","jmolId": "106:c","set": 2,"sg": 106,"tm": "a-b,a+b,c","trm": "a-b,a+b,c","wpos": { "pos": [ { "desc": "1","geom": "general","label": "c","mult": 8 },{ "coord": [ "3/4,1/4,z","1/4,1/4,z+1/2","1/4,1/4,z","3/4,1/4,z+1/2" ],"desc": "2..","geom": "line","label": "b","mult": 4 },{ "coord": [ "0,0,z","0,0,z+1/2","0,1/2,z","0,1/2,z+1/2" ],"desc": "2..","geom": "line","label": "a","mult": 4 } ] } } ],"n": 2,"sg": 106 }