{ "its": [ { "cleg": "22","det": 1.0,"gen": [ "x,y,z","-x,-y,z","-x,y,-z","x,y+1/2,z+1/2","x+1/2,y,z+1/2" ],"gp": [ "x,y,z","-x,-y,z","-x,y,-z","x,-y,-z","x,y+1/2,z+1/2","-x,-y+1/2,z+1/2","-x,y+1/2,-z+1/2","x,-y+1/2,-z+1/2","x+1/2,y,z+1/2","-x+1/2,-y,z+1/2","-x+1/2,y,-z+1/2","x+1/2,-y,-z+1/2","x+1/2,y+1/2,z","-x+1/2,-y+1/2,z","-x+1/2,y+1/2,-z","x+1/2,-y+1/2,-z" ],"hall": "F 2 2","hm": "F 2 2 2","id": "F_2_2_2","jmolId": "22","set": 1,"sg": 22,"tm": "a,b,c","trm": "a,b,c","wpos": { "cent": [ "0,1/2,1/2","1/2,0,1/2","1/2,1/2,0" ],"pos": [ { "desc": "1","geom": "general","label": "k","mult": 16 },{ "coord": [ "x,1/4,1/4","-x,3/4,1/4" ],"desc": "2..","geom": "line","label": "j","mult": 8 },{ "coord": [ "1/4,y,1/4","3/4,-y,1/4" ],"desc": ".2.","geom": "line","label": "i","mult": 8 },{ "coord": [ "1/4,1/4,z","3/4,1/4,-z" ],"desc": "..2","geom": "line","label": "h","mult": 8 },{ "coord": [ "0,0,z","0,0,-z" ],"desc": "..2","geom": "line","label": "g","mult": 8 },{ "coord": [ "0,y,0","0,-y,0" ],"desc": ".2.","geom": "line","label": "f","mult": 8 },{ "coord": [ "x,0,0","-x,0,0" ],"desc": "2..","geom": "line","label": "e","mult": 8 },{ "coord": [ "1/4,1/4,3/4" ],"desc": "222","geom": "point","label": "d","mult": 4 },{ "coord": [ "1/4,1/4,1/4" ],"desc": "222","geom": "point","label": "c","mult": 4 },{ "coord": [ "0,0,1/2" ],"desc": "222","geom": "point","label": "b","mult": 4 },{ "coord": [ "0,0,0" ],"desc": "222","geom": "point","label": "a","mult": 4 } ] } } ],"n": 1,"sg": 22 }