{ "its": [ { "cleg": "63","det": 1.0,"gen": [ "x,y,z","-x,-y,z+1/2","-x,y,-z+1/2","-x,-y,-z","x+1/2,y+1/2,z" ],"gp": [ "x,y,z","-x,-y,z+1/2","-x,y,-z+1/2","x,-y,-z","-x,-y,-z","x,y,-z+1/2","x,-y,z+1/2","-x,y,z","x+1/2,y+1/2,z","-x+1/2,-y+1/2,z+1/2","-x+1/2,y+1/2,-z+1/2","x+1/2,-y+1/2,-z","-x+1/2,-y+1/2,-z","x+1/2,y+1/2,-z+1/2","x+1/2,-y+1/2,z+1/2","-x+1/2,y+1/2,z" ],"hall": "-C 2c 2","hm": "C m c m","id": "C_m_c_m","jmolId": "63","set": 1,"sg": 63,"tm": "a,b,c","trm": "a,b,c","wpos": { "cent": [ "1/2,1/2,0" ],"pos": [ { "desc": "1","geom": "general","label": "h","mult": 16 },{ "coord": [ "x,y,1/4","-x,-y,3/4","-x,y,1/4","x,-y,3/4" ],"desc": "..m","geom": "plane","label": "g","mult": 8 },{ "coord": [ "0,y,z","0,-y,z+1/2","0,y,-z+1/2","0,-y,-z" ],"desc": "m..","geom": "plane","label": "f","mult": 8 },{ "coord": [ "x,0,0","-x,0,1/2","-x,0,0","x,0,1/2" ],"desc": "2..","geom": "line","label": "e","mult": 8 },{ "coord": [ "1/4,1/4,0","3/4,3/4,1/2","3/4,1/4,1/2","1/4,3/4,0" ],"desc": "-1","geom": "point","label": "d","mult": 8 },{ "coord": [ "0,y,1/4","0,-y,3/4" ],"desc": "m2m","geom": "line","label": "c","mult": 4 },{ "coord": [ "0,1/2,0","0,1/2,1/2" ],"desc": "2/m..","geom": "point","label": "b","mult": 4 },{ "coord": [ "0,0,0","0,0,1/2" ],"desc": "2/m..","geom": "point","label": "a","mult": 4 } ] } },{ "cleg": "63:b,a,-c","det": 1.0,"gen": [ "x,y,z","-x,-y,z+1/2","x,-y,-z+1/2","-x,-y,-z","x+1/2,y+1/2,z" ],"gp": [ "x,y,z","-x,-y,z+1/2","x,-y,-z+1/2","-x,y,-z","-x,-y,-z","x,y,-z+1/2","-x,y,z+1/2","x,-y,z","x+1/2,y+1/2,z","-x+1/2,-y+1/2,z+1/2","x+1/2,-y+1/2,-z+1/2","-x+1/2,y+1/2,-z","-x+1/2,-y+1/2,-z","x+1/2,y+1/2,-z+1/2","-x+1/2,y+1/2,z+1/2","x+1/2,-y+1/2,z" ],"hall": "-C 2c 2c","hm": "C c m m","id": "C_c_m_m","jmolId": "63:ba-c","set": 2,"sg": 63,"tm": "b,a,-c","trm": "b,a,-c","wpos": { "cent": [ "1/2,1/2,0" ],"pos": [ { "desc": "1","geom": "general","label": "h","mult": 16 },{ "coord": [ "y,x,3/4","-y,-x,1/4","y,-x,3/4","-y,x,1/4" ],"desc": "..m","geom": "plane","label": "g","mult": 8 },{ "coord": [ "y,0,-z","-y,0,-z+1/2","y,0,z+1/2","-y,0,z" ],"desc": "m..","geom": "plane","label": "f","mult": 8 },{ "coord": [ "0,x,0","0,-x,1/2","0,-x,0","0,x,1/2" ],"desc": "2..","geom": "line","label": "e","mult": 8 },{ "coord": [ "1/4,1/4,0","3/4,3/4,1/2","1/4,3/4,1/2","3/4,1/4,0" ],"desc": "-1","geom": "point","label": "d","mult": 8 },{ "coord": [ "y,0,3/4","-y,0,1/4" ],"desc": "m2m","geom": "line","label": "c","mult": 4 },{ "coord": [ "1/2,0,0","1/2,0,1/2" ],"desc": "2/m..","geom": "point","label": "b","mult": 4 },{ "coord": [ "0,0,0","0,0,1/2" ],"desc": "2/m..","geom": "point","label": "a","mult": 4 } ] } },{ "cleg": "63:c,a,b","det": 1.0,"gen": [ "x,y,z","x+1/2,-y,-z","-x+1/2,-y,z","-x,-y,-z","x,y+1/2,z+1/2" ],"gp": [ "x,y,z","x+1/2,-y,-z","-x+1/2,-y,z","-x,y,-z","-x,-y,-z","-x+1/2,y,z","x+1/2,y,-z","x,-y,z","x,y+1/2,z+1/2","x+1/2,-y+1/2,-z+1/2","-x+1/2,-y+1/2,z+1/2","-x,y+1/2,-z+1/2","-x,-y+1/2,-z+1/2","-x+1/2,y+1/2,z+1/2","x+1/2,y+1/2,-z+1/2","x,-y+1/2,z+1/2" ],"hall": "-A 2a 2a","hm": "A m m a","id": "A_m_m_a","jmolId": "63:cab","set": 3,"sg": 63,"tm": "c,a,b","trm": "c,a,b","wpos": { "cent": [ "0,1/2,1/2" ],"pos": [ { "desc": "1","geom": "general","label": "h","mult": 16 },{ "coord": [ "1/4,x,y","3/4,-x,-y","1/4,-x,y","3/4,x,-y" ],"desc": "..m","geom": "plane","label": "g","mult": 8 },{ "coord": [ "z,0,y","z+1/2,0,-y","-z+1/2,0,y","-z,0,-y" ],"desc": "m..","geom": "plane","label": "f","mult": 8 },{ "coord": [ "0,x,0","1/2,-x,0","0,-x,0","1/2,x,0" ],"desc": "2..","geom": "line","label": "e","mult": 8 },{ "coord": [ "0,1/4,1/4","1/2,3/4,3/4","1/2,3/4,1/4","0,1/4,3/4" ],"desc": "-1","geom": "point","label": "d","mult": 8 },{ "coord": [ "1/4,0,y","3/4,0,-y" ],"desc": "m2m","geom": "line","label": "c","mult": 4 },{ "coord": [ "0,0,1/2","1/2,0,1/2" ],"desc": "2/m..","geom": "point","label": "b","mult": 4 },{ "coord": [ "0,0,0","1/2,0,0" ],"desc": "2/m..","geom": "point","label": "a","mult": 4 } ] } },{ "cleg": "63:-c,b,a","det": 1.0,"gen": [ "x,y,z","x+1/2,-y,-z","-x+1/2,y,-z","-x,-y,-z","x,y+1/2,z+1/2" ],"gp": [ "x,y,z","x+1/2,-y,-z","-x+1/2,y,-z","-x,-y,z","-x,-y,-z","-x+1/2,y,z","x+1/2,-y,z","x,y,-z","x,y+1/2,z+1/2","x+1/2,-y+1/2,-z+1/2","-x+1/2,y+1/2,-z+1/2","-x,-y+1/2,z+1/2","-x,-y+1/2,-z+1/2","-x+1/2,y+1/2,z+1/2","x+1/2,-y+1/2,z+1/2","x,y+1/2,-z+1/2" ],"hall": "-A 2 2a","hm": "A m a m","id": "A_m_a_m","jmolId": "63:-cba","set": 4,"sg": 63,"tm": "-c,b,a","trm": "-c,b,a","wpos": { "cent": [ "0,1/2,1/2" ],"pos": [ { "desc": "1","geom": "general","label": "h","mult": 16 },{ "coord": [ "3/4,y,x","1/4,-y,-x","3/4,y,-x","1/4,-y,x" ],"desc": "..m","geom": "plane","label": "g","mult": 8 },{ "coord": [ "-z,y,0","-z+1/2,-y,0","z+1/2,y,0","z,-y,0" ],"desc": "m..","geom": "plane","label": "f","mult": 8 },{ "coord": [ "0,0,x","1/2,0,-x","0,0,-x","1/2,0,x" ],"desc": "2..","geom": "line","label": "e","mult": 8 },{ "coord": [ "0,1/4,1/4","1/2,3/4,3/4","1/2,1/4,3/4","0,3/4,1/4" ],"desc": "-1","geom": "point","label": "d","mult": 8 },{ "coord": [ "3/4,y,0","1/4,-y,0" ],"desc": "m2m","geom": "line","label": "c","mult": 4 },{ "coord": [ "0,1/2,0","1/2,1/2,0" ],"desc": "2/m..","geom": "point","label": "b","mult": 4 },{ "coord": [ "0,0,0","1/2,0,0" ],"desc": "2/m..","geom": "point","label": "a","mult": 4 } ] } },{ "cleg": "63:b,c,a","det": 1.0,"gen": [ "x,y,z","-x,y+1/2,-z","x,-y+1/2,-z","-x,-y,-z","x+1/2,y,z+1/2" ],"gp": [ "x,y,z","-x,y+1/2,-z","x,-y+1/2,-z","-x,-y,z","-x,-y,-z","x,-y+1/2,z","-x,y+1/2,z","x,y,-z","x+1/2,y,z+1/2","-x+1/2,y+1/2,-z+1/2","x+1/2,-y+1/2,-z+1/2","-x+1/2,-y,z+1/2","-x+1/2,-y,-z+1/2","x+1/2,-y+1/2,z+1/2","-x+1/2,y+1/2,z+1/2","x+1/2,y,-z+1/2" ],"hall": "-B 2 2b","hm": "B b m m","id": "B_b_m_m","jmolId": "63:bca","set": 5,"sg": 63,"tm": "b,c,a","trm": "b,c,a","wpos": { "cent": [ "1/2,0,1/2" ],"pos": [ { "desc": "1","geom": "general","label": "h","mult": 16 },{ "coord": [ "y,1/4,x","-y,3/4,-x","y,1/4,-x","-y,3/4,x" ],"desc": "..m","geom": "plane","label": "g","mult": 8 },{ "coord": [ "y,z,0","-y,z+1/2,0","y,-z+1/2,0","-y,-z,0" ],"desc": "m..","geom": "plane","label": "f","mult": 8 },{ "coord": [ "0,0,x","0,1/2,-x","0,0,-x","0,1/2,x" ],"desc": "2..","geom": "line","label": "e","mult": 8 },{ "coord": [ "1/4,0,1/4","3/4,1/2,3/4","1/4,1/2,3/4","3/4,0,1/4" ],"desc": "-1","geom": "point","label": "d","mult": 8 },{ "coord": [ "y,1/4,0","-y,3/4,0" ],"desc": "m2m","geom": "line","label": "c","mult": 4 },{ "coord": [ "1/2,0,0","1/2,1/2,0" ],"desc": "2/m..","geom": "point","label": "b","mult": 4 },{ "coord": [ "0,0,0","0,1/2,0" ],"desc": "2/m..","geom": "point","label": "a","mult": 4 } ] } },{ "cleg": "63:a,-c,b","det": 1.0,"gen": [ "x,y,z","-x,y+1/2,-z","-x,-y+1/2,z","-x,-y,-z","x+1/2,y,z+1/2" ],"gp": [ "x,y,z","-x,y+1/2,-z","-x,-y+1/2,z","x,-y,-z","-x,-y,-z","x,-y+1/2,z","x,y+1/2,-z","-x,y,z","x+1/2,y,z+1/2","-x+1/2,y+1/2,-z+1/2","-x+1/2,-y+1/2,z+1/2","x+1/2,-y,-z+1/2","-x+1/2,-y,-z+1/2","x+1/2,-y+1/2,z+1/2","x+1/2,y+1/2,-z+1/2","-x+1/2,y,z+1/2" ],"hall": "-B 2b 2","hm": "B m m b","id": "B_m_m_b","jmolId": "63:a-cb","set": 6,"sg": 63,"tm": "a,-c,b","trm": "a,-c,b","wpos": { "cent": [ "1/2,0,1/2" ],"pos": [ { "desc": "1","geom": "general","label": "h","mult": 16 },{ "coord": [ "x,3/4,y","-x,1/4,-y","-x,3/4,y","x,1/4,-y" ],"desc": "..m","geom": "plane","label": "g","mult": 8 },{ "coord": [ "0,-z,y","0,-z+1/2,-y","0,z+1/2,y","0,z,-y" ],"desc": "m..","geom": "plane","label": "f","mult": 8 },{ "coord": [ "x,0,0","-x,1/2,0","-x,0,0","x,1/2,0" ],"desc": "2..","geom": "line","label": "e","mult": 8 },{ "coord": [ "1/4,0,1/4","3/4,1/2,3/4","3/4,1/2,1/4","1/4,0,3/4" ],"desc": "-1","geom": "point","label": "d","mult": 8 },{ "coord": [ "0,3/4,y","0,1/4,-y" ],"desc": "m2m","geom": "line","label": "c","mult": 4 },{ "coord": [ "0,0,1/2","0,1/2,1/2" ],"desc": "2/m..","geom": "point","label": "b","mult": 4 },{ "coord": [ "0,0,0","0,1/2,0" ],"desc": "2/m..","geom": "point","label": "a","mult": 4 } ] } } ],"n": 6,"sg": 63 }