{ "its": [ { "cleg": "49","det": 1.0,"gen": [ "x,y,z","-x,-y,z","-x,y,-z+1/2","-x,-y,-z" ],"gp": [ "x,y,z","-x,-y,z","-x,y,-z+1/2","x,-y,-z+1/2","-x,-y,-z","x,y,-z","x,-y,z+1/2","-x,y,z+1/2" ],"hall": "-P 2 2c","hm": "P c c m","id": "P_c_c_m","jmolId": "49","set": 1,"sg": 49,"tm": "a,b,c","trm": "a,b,c","wpos": { "pos": [ { "desc": "1","geom": "general","label": "r","mult": 8 },{ "coord": [ "x,y,0","-x,-y,0","-x,y,1/2","x,-y,1/2" ],"desc": "..m","geom": "plane","label": "q","mult": 4 },{ "coord": [ "1/2,0,z","1/2,0,-z+1/2","1/2,0,-z","1/2,0,z+1/2" ],"desc": "..2","geom": "line","label": "p","mult": 4 },{ "coord": [ "0,1/2,z","0,1/2,-z+1/2","0,1/2,-z","0,1/2,z+1/2" ],"desc": "..2","geom": "line","label": "o","mult": 4 },{ "coord": [ "1/2,1/2,z","1/2,1/2,-z+1/2","1/2,1/2,-z","1/2,1/2,z+1/2" ],"desc": "..2","geom": "line","label": "n","mult": 4 },{ "coord": [ "0,0,z","0,0,-z+1/2","0,0,-z","0,0,z+1/2" ],"desc": "..2","geom": "line","label": "m","mult": 4 },{ "coord": [ "1/2,y,1/4","1/2,-y,1/4","1/2,-y,3/4","1/2,y,3/4" ],"desc": ".2.","geom": "line","label": "l","mult": 4 },{ "coord": [ "0,y,1/4","0,-y,1/4","0,-y,3/4","0,y,3/4" ],"desc": ".2.","geom": "line","label": "k","mult": 4 },{ "coord": [ "x,1/2,1/4","-x,1/2,1/4","-x,1/2,3/4","x,1/2,3/4" ],"desc": "2..","geom": "line","label": "j","mult": 4 },{ "coord": [ "x,0,1/4","-x,0,1/4","-x,0,3/4","x,0,3/4" ],"desc": "2..","geom": "line","label": "i","mult": 4 },{ "coord": [ "1/2,1/2,1/4","1/2,1/2,3/4" ],"desc": "222","geom": "point","label": "h","mult": 2 },{ "coord": [ "0,1/2,1/4","0,1/2,3/4" ],"desc": "222","geom": "point","label": "g","mult": 2 },{ "coord": [ "1/2,0,1/4","1/2,0,3/4" ],"desc": "222","geom": "point","label": "f","mult": 2 },{ "coord": [ "0,0,1/4","0,0,3/4" ],"desc": "222","geom": "point","label": "e","mult": 2 },{ "coord": [ "1/2,0,0","1/2,0,1/2" ],"desc": "..2/m","geom": "point","label": "d","mult": 2 },{ "coord": [ "0,1/2,0","0,1/2,1/2" ],"desc": "..2/m","geom": "point","label": "c","mult": 2 },{ "coord": [ "1/2,1/2,0","1/2,1/2,1/2" ],"desc": "..2/m","geom": "point","label": "b","mult": 2 },{ "coord": [ "0,0,0","0,0,1/2" ],"desc": "..2/m","geom": "point","label": "a","mult": 2 } ] } },{ "cleg": "49:c,a,b","det": 1.0,"gen": [ "x,y,z","x,-y,-z","-x+1/2,-y,z","-x,-y,-z" ],"gp": [ "x,y,z","x,-y,-z","-x+1/2,-y,z","-x+1/2,y,-z","-x,-y,-z","-x,y,z","x+1/2,y,-z","x+1/2,-y,z" ],"hall": "-P 2a 2","hm": "P m a a","id": "P_m_a_a","jmolId": "49:cab","set": 2,"sg": 49,"tm": "c,a,b","trm": "c,a,b","wpos": { "pos": [ { "desc": "1","geom": "general","label": "r","mult": 8 },{ "coord": [ "0,x,y","0,-x,-y","1/2,-x,y","1/2,x,-y" ],"desc": "..m","geom": "plane","label": "q","mult": 4 },{ "coord": [ "z,1/2,0","-z+1/2,1/2,0","-z,1/2,0","z+1/2,1/2,0" ],"desc": "..2","geom": "line","label": "p","mult": 4 },{ "coord": [ "z,0,1/2","-z+1/2,0,1/2","-z,0,1/2","z+1/2,0,1/2" ],"desc": "..2","geom": "line","label": "o","mult": 4 },{ "coord": [ "z,1/2,1/2","-z+1/2,1/2,1/2","-z,1/2,1/2","z+1/2,1/2,1/2" ],"desc": "..2","geom": "line","label": "n","mult": 4 },{ "coord": [ "z,0,0","-z+1/2,0,0","-z,0,0","z+1/2,0,0" ],"desc": "..2","geom": "line","label": "m","mult": 4 },{ "coord": [ "1/4,1/2,y","1/4,1/2,-y","3/4,1/2,-y","3/4,1/2,y" ],"desc": ".2.","geom": "line","label": "l","mult": 4 },{ "coord": [ "1/4,0,y","1/4,0,-y","3/4,0,-y","3/4,0,y" ],"desc": ".2.","geom": "line","label": "k","mult": 4 },{ "coord": [ "1/4,x,1/2","1/4,-x,1/2","3/4,-x,1/2","3/4,x,1/2" ],"desc": "2..","geom": "line","label": "j","mult": 4 },{ "coord": [ "1/4,x,0","1/4,-x,0","3/4,-x,0","3/4,x,0" ],"desc": "2..","geom": "line","label": "i","mult": 4 },{ "coord": [ "1/4,1/2,1/2","3/4,1/2,1/2" ],"desc": "222","geom": "point","label": "h","mult": 2 },{ "coord": [ "1/4,0,1/2","3/4,0,1/2" ],"desc": "222","geom": "point","label": "g","mult": 2 },{ "coord": [ "1/4,1/2,0","3/4,1/2,0" ],"desc": "222","geom": "point","label": "f","mult": 2 },{ "coord": [ "1/4,0,0","3/4,0,0" ],"desc": "222","geom": "point","label": "e","mult": 2 },{ "coord": [ "0,1/2,0","1/2,1/2,0" ],"desc": "..2/m","geom": "point","label": "d","mult": 2 },{ "coord": [ "0,0,1/2","1/2,0,1/2" ],"desc": "..2/m","geom": "point","label": "c","mult": 2 },{ "coord": [ "0,1/2,1/2","1/2,1/2,1/2" ],"desc": "..2/m","geom": "point","label": "b","mult": 2 },{ "coord": [ "0,0,0","1/2,0,0" ],"desc": "..2/m","geom": "point","label": "a","mult": 2 } ] } },{ "cleg": "49:b,c,a","det": 1.0,"gen": [ "x,y,z","-x,y,-z","x,-y+1/2,-z","-x,-y,-z" ],"gp": [ "x,y,z","-x,y,-z","x,-y+1/2,-z","-x,-y+1/2,z","-x,-y,-z","x,-y,z","-x,y+1/2,z","x,y+1/2,-z" ],"hall": "-P 2b 2b","hm": "P b m b","id": "P_b_m_b","jmolId": "49:bca","set": 3,"sg": 49,"tm": "b,c,a","trm": "b,c,a","wpos": { "pos": [ { "desc": "1","geom": "general","label": "r","mult": 8 },{ "coord": [ "y,0,x","-y,0,-x","y,1/2,-x","-y,1/2,x" ],"desc": "..m","geom": "plane","label": "q","mult": 4 },{ "coord": [ "0,z,1/2","0,-z+1/2,1/2","0,-z,1/2","0,z+1/2,1/2" ],"desc": "..2","geom": "line","label": "p","mult": 4 },{ "coord": [ "1/2,z,0","1/2,-z+1/2,0","1/2,-z,0","1/2,z+1/2,0" ],"desc": "..2","geom": "line","label": "o","mult": 4 },{ "coord": [ "1/2,z,1/2","1/2,-z+1/2,1/2","1/2,-z,1/2","1/2,z+1/2,1/2" ],"desc": "..2","geom": "line","label": "n","mult": 4 },{ "coord": [ "0,z,0","0,-z+1/2,0","0,-z,0","0,z+1/2,0" ],"desc": "..2","geom": "line","label": "m","mult": 4 },{ "coord": [ "y,1/4,1/2","-y,1/4,1/2","-y,3/4,1/2","y,3/4,1/2" ],"desc": ".2.","geom": "line","label": "l","mult": 4 },{ "coord": [ "y,1/4,0","-y,1/4,0","-y,3/4,0","y,3/4,0" ],"desc": ".2.","geom": "line","label": "k","mult": 4 },{ "coord": [ "1/2,1/4,x","1/2,1/4,-x","1/2,3/4,-x","1/2,3/4,x" ],"desc": "2..","geom": "line","label": "j","mult": 4 },{ "coord": [ "0,1/4,x","0,1/4,-x","0,3/4,-x","0,3/4,x" ],"desc": "2..","geom": "line","label": "i","mult": 4 },{ "coord": [ "1/2,1/4,1/2","1/2,3/4,1/2" ],"desc": "222","geom": "point","label": "h","mult": 2 },{ "coord": [ "1/2,1/4,0","1/2,3/4,0" ],"desc": "222","geom": "point","label": "g","mult": 2 },{ "coord": [ "0,1/4,1/2","0,3/4,1/2" ],"desc": "222","geom": "point","label": "f","mult": 2 },{ "coord": [ "0,1/4,0","0,3/4,0" ],"desc": "222","geom": "point","label": "e","mult": 2 },{ "coord": [ "0,0,1/2","0,1/2,1/2" ],"desc": "..2/m","geom": "point","label": "d","mult": 2 },{ "coord": [ "1/2,0,0","1/2,1/2,0" ],"desc": "..2/m","geom": "point","label": "c","mult": 2 },{ "coord": [ "1/2,0,1/2","1/2,1/2,1/2" ],"desc": "..2/m","geom": "point","label": "b","mult": 2 },{ "coord": [ "0,0,0","0,1/2,0" ],"desc": "..2/m","geom": "point","label": "a","mult": 2 } ] } } ],"n": 3,"sg": 49 }