{ "its": [ { "cleg": "216","det": 1.0,"gen": [ "x,y,z","-x,-y,z","-x,y,-z","z,x,y","y,x,z","x,y+1/2,z+1/2","x+1/2,y,z+1/2" ],"gp": [ "x,y,z","-x,-y,z","-x,y,-z","x,-y,-z","z,x,y","z,-x,-y","-z,-x,y","-z,x,-y","y,z,x","-y,z,-x","y,-z,-x","-y,-z,x","y,x,z","-y,-x,z","y,-x,-z","-y,x,-z","x,z,y","-x,z,-y","-x,-z,y","x,-z,-y","z,y,x","z,-y,-x","-z,y,-x","-z,-y,x","x,y+1/2,z+1/2","-x,-y+1/2,z+1/2","-x,y+1/2,-z+1/2","x,-y+1/2,-z+1/2","z,x+1/2,y+1/2","z,-x+1/2,-y+1/2","-z,-x+1/2,y+1/2","-z,x+1/2,-y+1/2","y,z+1/2,x+1/2","-y,z+1/2,-x+1/2","y,-z+1/2,-x+1/2","-y,-z+1/2,x+1/2","y,x+1/2,z+1/2","-y,-x+1/2,z+1/2","y,-x+1/2,-z+1/2","-y,x+1/2,-z+1/2","x,z+1/2,y+1/2","-x,z+1/2,-y+1/2","-x,-z+1/2,y+1/2","x,-z+1/2,-y+1/2","z,y+1/2,x+1/2","z,-y+1/2,-x+1/2","-z,y+1/2,-x+1/2","-z,-y+1/2,x+1/2","x+1/2,y,z+1/2","-x+1/2,-y,z+1/2","-x+1/2,y,-z+1/2","x+1/2,-y,-z+1/2","z+1/2,x,y+1/2","z+1/2,-x,-y+1/2","-z+1/2,-x,y+1/2","-z+1/2,x,-y+1/2","y+1/2,z,x+1/2","-y+1/2,z,-x+1/2","y+1/2,-z,-x+1/2","-y+1/2,-z,x+1/2","y+1/2,x,z+1/2","-y+1/2,-x,z+1/2","y+1/2,-x,-z+1/2","-y+1/2,x,-z+1/2","x+1/2,z,y+1/2","-x+1/2,z,-y+1/2","-x+1/2,-z,y+1/2","x+1/2,-z,-y+1/2","z+1/2,y,x+1/2","z+1/2,-y,-x+1/2","-z+1/2,y,-x+1/2","-z+1/2,-y,x+1/2","x+1/2,y+1/2,z","-x+1/2,-y+1/2,z","-x+1/2,y+1/2,-z","x+1/2,-y+1/2,-z","z+1/2,x+1/2,y","z+1/2,-x+1/2,-y","-z+1/2,-x+1/2,y","-z+1/2,x+1/2,-y","y+1/2,z+1/2,x","-y+1/2,z+1/2,-x","y+1/2,-z+1/2,-x","-y+1/2,-z+1/2,x","y+1/2,x+1/2,z","-y+1/2,-x+1/2,z","y+1/2,-x+1/2,-z","-y+1/2,x+1/2,-z","x+1/2,z+1/2,y","-x+1/2,z+1/2,-y","-x+1/2,-z+1/2,y","x+1/2,-z+1/2,-y","z+1/2,y+1/2,x","z+1/2,-y+1/2,-x","-z+1/2,y+1/2,-x","-z+1/2,-y+1/2,x" ],"hall": "F -4 2 3","hm": "F -4 3 m","id": "F_-4_3_m","jmolId": "216","set": 1,"sg": 216,"tm": "a,b,c","trm": "a,b,c","wpos": { "cent": [ "0,1/2,1/2","1/2,0,1/2","1/2,1/2,0" ],"pos": [ { "desc": "1","geom": "general","label": "i","mult": 96 },{ "coord": [ "x,x,z","-x,-x,z","-x,x,-z","x,-x,-z","z,x,x","z,-x,-x","-z,-x,x","-z,x,-x","x,z,x","-x,z,-x","x,-z,-x","-x,-z,x" ],"desc": "..m","geom": "plane","label": "h","mult": 48 },{ "coord": [ "x,1/4,1/4","-x,3/4,1/4","1/4,x,1/4","1/4,-x,3/4","1/4,1/4,x","3/4,1/4,-x" ],"desc": "2.m m","geom": "line","label": "g","mult": 24 },{ "coord": [ "x,0,0","-x,0,0","0,x,0","0,-x,0","0,0,x","0,0,-x" ],"desc": "2.m m","geom": "line","label": "f","mult": 24 },{ "coord": [ "x,x,x","-x,-x,x","-x,x,-x","x,-x,-x" ],"desc": ".3m","geom": "line","label": "e","mult": 16 },{ "coord": [ "3/4,3/4,3/4" ],"desc": "-43m","geom": "point","label": "d","mult": 4 },{ "coord": [ "1/4,1/4,1/4" ],"desc": "-43m","geom": "point","label": "c","mult": 4 },{ "coord": [ "1/2,1/2,1/2" ],"desc": "-43m","geom": "point","label": "b","mult": 4 },{ "coord": [ "0,0,0" ],"desc": "-43m","geom": "point","label": "a","mult": 4 } ] } } ],"n": 1,"sg": 216 }