{ "its": [ { "cleg": "128","det": 1.0,"gen": [ "x,y,z","-x,-y,z","-y,x,z","-x+1/2,y+1/2,-z+1/2","-x,-y,-z" ],"gp": [ "x,y,z","-x,-y,z","-y,x,z","y,-x,z","-x+1/2,y+1/2,-z+1/2","x+1/2,-y+1/2,-z+1/2","y+1/2,x+1/2,-z+1/2","-y+1/2,-x+1/2,-z+1/2","-x,-y,-z","x,y,-z","y,-x,-z","-y,x,-z","x+1/2,-y+1/2,z+1/2","-x+1/2,y+1/2,z+1/2","-y+1/2,-x+1/2,z+1/2","y+1/2,x+1/2,z+1/2" ],"hall": "-P 4 2n","hm": "P 4/m n c","id": "P_4/m_n_c","jmolId": "128","set": 1,"sg": 128,"tm": "a,b,c","trm": "a,b,c","wpos": { "pos": [ { "desc": "1","geom": "general","label": "i","mult": 16 },{ "coord": [ "x,y,0","-x,-y,0","-y,x,0","y,-x,0","-x+1/2,y+1/2,1/2","x+1/2,-y+1/2,1/2","y+1/2,x+1/2,1/2","-y+1/2,-x+1/2,1/2" ],"desc": "m..","geom": "plane","label": "h","mult": 8 },{ "coord": [ "x,x+1/2,1/4","-x,-x+1/2,1/4","-x+1/2,x,1/4","x+1/2,-x,1/4","-x,-x+1/2,3/4","x,x+1/2,3/4","x+1/2,-x,3/4","-x+1/2,x,3/4" ],"desc": "..2","geom": "line","label": "g","mult": 8 },{ "coord": [ "0,1/2,z","1/2,0,z","1/2,0,-z+1/2","0,1/2,-z+1/2","0,1/2,-z","1/2,0,-z","1/2,0,z+1/2","0,1/2,z+1/2" ],"desc": "2..","geom": "line","label": "f","mult": 8 },{ "coord": [ "0,0,z","1/2,1/2,-z+1/2","0,0,-z","1/2,1/2,z+1/2" ],"desc": "4..","geom": "line","label": "e","mult": 4 },{ "coord": [ "0,1/2,1/4","1/2,0,1/4","0,1/2,3/4","1/2,0,3/4" ],"desc": "2.2 2","geom": "point","label": "d","mult": 4 },{ "coord": [ "0,1/2,0","1/2,0,0","1/2,0,1/2","0,1/2,1/2" ],"desc": "2/m..","geom": "point","label": "c","mult": 4 },{ "coord": [ "0,0,1/2","1/2,1/2,0" ],"desc": "4/m..","geom": "point","label": "b","mult": 2 },{ "coord": [ "0,0,0","1/2,1/2,1/2" ],"desc": "4/m..","geom": "point","label": "a","mult": 2 } ] } },{ "cleg": "128:a+b,-a+b,c","det": 2.0,"gen": [ "x,y,z","-x,-y,z","-y,x,z","y+1/2,x,-z+1/2","-x,-y,-z","x+1/2,y+1/2,z","-x+1/2,-y+1/2,z","-y+1/2,x+1/2,z","y,x+1/2,-z+1/2","-x+1/2,-y+1/2,-z" ],"gp": [ "x,y,z","-x,-y,z","-y,x,z","y,-x,z","y+1/2,x,-z+1/2","-y+1/2,-x,-z+1/2","x+1/2,-y,-z+1/2","-x+1/2,y,-z+1/2","-x,-y,-z","x,y,-z","y,-x,-z","-y,x,-z","-y+1/2,-x,z+1/2","y+1/2,x,z+1/2","-x+1/2,y,z+1/2","x+1/2,-y,z+1/2","x+1/2,y+1/2,z","-x+1/2,-y+1/2,z","-y+1/2,x+1/2,z","y+1/2,-x+1/2,z","y,x+1/2,-z+1/2","-y,-x+1/2,-z+1/2","x,-y+1/2,-z+1/2","-x,y+1/2,-z+1/2","-x+1/2,-y+1/2,-z","x+1/2,y+1/2,-z","y+1/2,-x+1/2,-z","-y+1/2,x+1/2,-z","-y,-x+1/2,z+1/2","y,x+1/2,z+1/2","-x,y+1/2,z+1/2","x,-y+1/2,z+1/2" ],"hall": "?","hm": "C 4/m c g2","id": "C_4/m_c_g2","jmolId": "128:c","set": 2,"sg": 128,"tm": "a+b,-a+b,c","trm": "a+b,-a+b,c","wpos": { "pos": [ { "desc": "1","geom": "general","label": "i","mult": 16 },{ "coord": [ "1/2x+1/2y,-1/2x+1/2y,0","-1/2x-1/2y,1/2x-1/2y,0","1/2x-1/2y,1/2x+1/2y,0","-1/2x+1/2y,-1/2x-1/2y,0","-1/2x+1/2y+1/2,1/2x+1/2y,1/2","1/2x-1/2y+1/2,-1/2x-1/2y,1/2","1/2x+1/2y+1/2,1/2x-1/2y,1/2","-1/2x-1/2y+1/2,-1/2x+1/2y,1/2" ],"desc": "m..","geom": "plane","label": "h","mult": 8 },{ "coord": [ "x+1/4,1/4,1/4","-x+1/4,1/4,1/4","1/4,x+3/4,1/4","1/4,-x+3/4,1/4","-x+1/4,1/4,3/4","x+1/4,1/4,3/4","1/4,-x+3/4,3/4","1/4,x+3/4,3/4" ],"desc": "..2","geom": "line","label": "g","mult": 8 },{ "coord": [ "1/4,1/4,z","1/4,3/4,z","1/4,3/4,-z+1/2","1/4,1/4,-z+1/2","1/4,1/4,-z","1/4,3/4,-z","1/4,3/4,z+1/2","1/4,1/4,z+1/2" ],"desc": "2..","geom": "line","label": "f","mult": 8 },{ "coord": [ "0,0,z","1/2,0,-z+1/2","0,0,-z","1/2,0,z+1/2" ],"desc": "4..","geom": "line","label": "e","mult": 4 },{ "coord": [ "1/4,1/4,1/4","1/4,3/4,1/4","1/4,1/4,3/4","1/4,3/4,3/4" ],"desc": "2.2 2","geom": "point","label": "d","mult": 4 },{ "coord": [ "1/4,1/4,0","1/4,3/4,0","1/4,3/4,1/2","1/4,1/4,1/2" ],"desc": "2/m..","geom": "point","label": "c","mult": 4 },{ "coord": [ "0,0,1/2","1/2,0,0" ],"desc": "4/m..","geom": "point","label": "b","mult": 2 },{ "coord": [ "0,0,0","1/2,0,1/2" ],"desc": "4/m..","geom": "point","label": "a","mult": 2 } ] } } ],"n": 2,"sg": 128 }