{ "its": [ { "cleg": "17","det": 1.0,"gen": [ "x,y,z","-x,-y,z+1/2","-x,y,-z+1/2" ],"gp": [ "x,y,z","-x,-y,z+1/2","-x,y,-z+1/2","x,-y,-z" ],"hall": "P 2c 2","hm": "P 2 2 21","id": "P_2_2_21","jmolId": "17","set": 1,"sg": 17,"tm": "a,b,c","trm": "a,b,c","wpos": { "pos": [ { "desc": "1","geom": "general","label": "e","mult": 4 },{ "coord": [ "1/2,y,1/4","1/2,-y,3/4" ],"desc": ".2.","geom": "line","label": "d","mult": 2 },{ "coord": [ "0,y,1/4","0,-y,3/4" ],"desc": ".2.","geom": "line","label": "c","mult": 2 },{ "coord": [ "x,1/2,0","-x,1/2,1/2" ],"desc": "2..","geom": "line","label": "b","mult": 2 },{ "coord": [ "x,0,0","-x,0,1/2" ],"desc": "2..","geom": "line","label": "a","mult": 2 } ] } },{ "cleg": "17:c,a,b","det": 1.0,"gen": [ "x,y,z","x+1/2,-y,-z","-x+1/2,-y,z" ],"gp": [ "x,y,z","x+1/2,-y,-z","-x+1/2,-y,z","-x,y,-z" ],"hall": "P 2a 2a","hm": "P 21 2 2","id": "P_21_2_2","jmolId": "17:cab","set": 2,"sg": 17,"tm": "c,a,b","trm": "c,a,b","wpos": { "pos": [ { "desc": "1","geom": "general","label": "e","mult": 4 },{ "coord": [ "1/4,1/2,y","3/4,1/2,-y" ],"desc": ".2.","geom": "line","label": "d","mult": 2 },{ "coord": [ "1/4,0,y","3/4,0,-y" ],"desc": ".2.","geom": "line","label": "c","mult": 2 },{ "coord": [ "0,x,1/2","1/2,-x,1/2" ],"desc": "2..","geom": "line","label": "b","mult": 2 },{ "coord": [ "0,x,0","1/2,-x,0" ],"desc": "2..","geom": "line","label": "a","mult": 2 } ] } },{ "cleg": "17:b,c,a","det": 1.0,"gen": [ "x,y,z","-x,y+1/2,-z","x,-y+1/2,-z" ],"gp": [ "x,y,z","-x,y+1/2,-z","x,-y+1/2,-z","-x,-y,z" ],"hall": "P 2 2b","hm": "P 2 21 2","id": "P_2_21_2","jmolId": "17:bca","set": 3,"sg": 17,"tm": "b,c,a","trm": "b,c,a","wpos": { "pos": [ { "desc": "1","geom": "general","label": "e","mult": 4 },{ "coord": [ "y,1/4,1/2","-y,3/4,1/2" ],"desc": ".2.","geom": "line","label": "d","mult": 2 },{ "coord": [ "y,1/4,0","-y,3/4,0" ],"desc": ".2.","geom": "line","label": "c","mult": 2 },{ "coord": [ "1/2,0,x","1/2,1/2,-x" ],"desc": "2..","geom": "line","label": "b","mult": 2 },{ "coord": [ "0,0,x","0,1/2,-x" ],"desc": "2..","geom": "line","label": "a","mult": 2 } ] } } ],"n": 3,"sg": 17 }