{ "its": [ { "cleg": "150","det": 1.0,"gen": [ "x,y,z","-y,x-y,z","y,x,-z" ],"gp": [ "x,y,z","-y,x-y,z","-x+y,-x,z","y,x,-z","x-y,-y,-z","-x,-x+y,-z" ],"hall": "P 3 2\"","hm": "P 3 2 1","id": "P_3_2_1","jmolId": "150","set": 1,"sg": 150,"tm": "a,b,c","trm": "a,b,c","wpos": { "pos": [ { "desc": "1","geom": "general","label": "g","mult": 6 },{ "coord": [ "x,0,1/2","0,x,1/2","-x,-x,1/2" ],"desc": ".2.","geom": "line","label": "f","mult": 3 },{ "coord": [ "x,0,0","0,x,0","-x,-x,0" ],"desc": ".2.","geom": "line","label": "e","mult": 3 },{ "coord": [ "1/3,2/3,z","2/3,1/3,-z" ],"desc": "3..","geom": "line","label": "d","mult": 2 },{ "coord": [ "0,0,z","0,0,-z" ],"desc": "3..","geom": "line","label": "c","mult": 2 },{ "coord": [ "0,0,1/2" ],"desc": "32.","geom": "point","label": "b","mult": 1 },{ "coord": [ "0,0,0" ],"desc": "32.","geom": "point","label": "a","mult": 1 } ] } } ],"n": 1,"sg": 150 }