{ "its": [ { "cleg": "45","det": 1.0,"gen": [ "x,y,z","-x,-y,z","x+1/2,-y+1/2,z","x+1/2,y+1/2,z+1/2" ],"gp": [ "x,y,z","-x,-y,z","x+1/2,-y+1/2,z","-x+1/2,y+1/2,z","x+1/2,y+1/2,z+1/2","-x+1/2,-y+1/2,z+1/2","x,-y,z+1/2","-x,y,z+1/2" ],"hall": "I 2 -2c","hm": "I b a 2","id": "I_b_a_2","jmolId": "45","set": 1,"sg": 45,"tm": "a,b,c","trm": "a,b,c","wpos": { "cent": [ "1/2,1/2,1/2" ],"pos": [ { "desc": "1","geom": "general","label": "c","mult": 8 },{ "coord": [ "0,1/2,z","1/2,0,z" ],"desc": "..2","geom": "line","label": "b","mult": 4 },{ "coord": [ "0,0,z","1/2,1/2,z" ],"desc": "..2","geom": "line","label": "a","mult": 4 } ] } },{ "cleg": "45:c,a,b","det": 1.0,"gen": [ "x,y,z","x,-y,-z","x,y+1/2,-z+1/2","x+1/2,y+1/2,z+1/2" ],"gp": [ "x,y,z","x,-y,-z","x,y+1/2,-z+1/2","x,-y+1/2,z+1/2","x+1/2,y+1/2,z+1/2","x+1/2,-y+1/2,-z+1/2","x+1/2,y,-z","x+1/2,-y,z" ],"hall": "I -2a 2","hm": "I 2 c b","id": "I_2_c_b","jmolId": "45:cab","set": 2,"sg": 45,"tm": "c,a,b","trm": "c,a,b","wpos": { "cent": [ "1/2,1/2,1/2" ],"pos": [ { "desc": "1","geom": "general","label": "c","mult": 8 },{ "coord": [ "z,0,1/2","z,1/2,0" ],"desc": "..2","geom": "line","label": "b","mult": 4 },{ "coord": [ "z,0,0","z,1/2,1/2" ],"desc": "..2","geom": "line","label": "a","mult": 4 } ] } },{ "cleg": "45:b,c,a","det": 1.0,"gen": [ "x,y,z","-x,y,-z","-x+1/2,y,z+1/2","x+1/2,y+1/2,z+1/2" ],"gp": [ "x,y,z","-x,y,-z","-x+1/2,y,z+1/2","x+1/2,y,-z+1/2","x+1/2,y+1/2,z+1/2","-x+1/2,y+1/2,-z+1/2","-x,y+1/2,z","x,y+1/2,-z" ],"hall": "I -2b -2b","hm": "I c 2 a","id": "I_c_2_a","jmolId": "45:bca","set": 3,"sg": 45,"tm": "b,c,a","trm": "b,c,a","wpos": { "cent": [ "1/2,1/2,1/2" ],"pos": [ { "desc": "1","geom": "general","label": "c","mult": 8 },{ "coord": [ "1/2,z,0","0,z,1/2" ],"desc": "..2","geom": "line","label": "b","mult": 4 },{ "coord": [ "0,z,0","1/2,z,1/2" ],"desc": "..2","geom": "line","label": "a","mult": 4 } ] } } ],"n": 3,"sg": 45 }