{ "its": [ { "cleg": "132","det": 1.0,"gen": [ "x,y,z","-x,-y,z","-y,x,z+1/2","-x,y,-z+1/2","-x,-y,-z" ],"gp": [ "x,y,z","-x,-y,z","-y,x,z+1/2","y,-x,z+1/2","-x,y,-z+1/2","x,-y,-z+1/2","y,x,-z","-y,-x,-z","-x,-y,-z","x,y,-z","y,-x,-z+1/2","-y,x,-z+1/2","x,-y,z+1/2","-x,y,z+1/2","-y,-x,z","y,x,z" ],"hall": "-P 4c 2c","hm": "P 42/m c m","id": "P_42/m_c_m","jmolId": "132","set": 1,"sg": 132,"tm": "a,b,c","trm": "a,b,c","wpos": { "pos": [ { "desc": "1","geom": "general","label": "p","mult": 16 },{ "coord": [ "x,x,z","-x,-x,z","-x,x,z+1/2","x,-x,z+1/2","-x,x,-z+1/2","x,-x,-z+1/2","x,x,-z","-x,-x,-z" ],"desc": "..m","geom": "plane","label": "o","mult": 8 },{ "coord": [ "x,y,0","-x,-y,0","-y,x,1/2","y,-x,1/2","-x,y,1/2","x,-y,1/2","y,x,0","-y,-x,0" ],"desc": "m..","geom": "plane","label": "n","mult": 8 },{ "coord": [ "x,1/2,1/4","-x,1/2,1/4","1/2,x,3/4","1/2,-x,3/4","-x,1/2,3/4","x,1/2,3/4","1/2,-x,1/4","1/2,x,1/4" ],"desc": ".2.","geom": "line","label": "m","mult": 8 },{ "coord": [ "x,0,1/4","-x,0,1/4","0,x,3/4","0,-x,3/4","-x,0,3/4","x,0,3/4","0,-x,1/4","0,x,1/4" ],"desc": ".2.","geom": "line","label": "l","mult": 8 },{ "coord": [ "0,1/2,z","1/2,0,z+1/2","0,1/2,-z+1/2","1/2,0,-z","0,1/2,-z","1/2,0,-z+1/2","0,1/2,z+1/2","1/2,0,z" ],"desc": "2..","geom": "line","label": "k","mult": 8 },{ "coord": [ "x,x,1/2","-x,-x,1/2","-x,x,0","x,-x,0" ],"desc": "m.2 m","geom": "line","label": "j","mult": 4 },{ "coord": [ "x,x,0","-x,-x,0","-x,x,1/2","x,-x,1/2" ],"desc": "m.2 m","geom": "line","label": "i","mult": 4 },{ "coord": [ "1/2,1/2,z","1/2,1/2,z+1/2","1/2,1/2,-z+1/2","1/2,1/2,-z" ],"desc": "2.m m","geom": "line","label": "h","mult": 4 },{ "coord": [ "0,0,z","0,0,z+1/2","0,0,-z+1/2","0,0,-z" ],"desc": "2.m m","geom": "line","label": "g","mult": 4 },{ "coord": [ "0,1/2,0","1/2,0,1/2","0,1/2,1/2","1/2,0,0" ],"desc": "2/m..","geom": "point","label": "f","mult": 4 },{ "coord": [ "0,1/2,1/4","1/2,0,3/4","0,1/2,3/4","1/2,0,1/4" ],"desc": "222 .","geom": "point","label": "e","mult": 4 },{ "coord": [ "1/2,1/2,1/4","1/2,1/2,3/4" ],"desc": "-42m","geom": "point","label": "d","mult": 2 },{ "coord": [ "1/2,1/2,0","1/2,1/2,1/2" ],"desc": "m.m m","geom": "point","label": "c","mult": 2 },{ "coord": [ "0,0,1/4","0,0,3/4" ],"desc": "-42m","geom": "point","label": "b","mult": 2 },{ "coord": [ "0,0,0","0,0,1/2" ],"desc": "m.m m","geom": "point","label": "a","mult": 2 } ] } },{ "cleg": "132:a-b,a+b,c","det": 2.0,"gen": [ "x,y,z","-x,-y,z","-y,x,z+1/2","-y,-x,-z+1/2","-x,-y,-z","x+1/2,y+1/2,z","-x+1/2,-y+1/2,z","-y+1/2,x+1/2,z+1/2","-y+1/2,-x+1/2,-z+1/2","-x+1/2,-y+1/2,-z" ],"gp": [ "x,y,z","-x,-y,z","-y,x,z+1/2","y,-x,z+1/2","-y,-x,-z+1/2","y,x,-z+1/2","-x,y,-z","x,-y,-z","-x,-y,-z","x,y,-z","y,-x,-z+1/2","-y,x,-z+1/2","y,x,z+1/2","-y,-x,z+1/2","x,-y,z","-x,y,z","x+1/2,y+1/2,z","-x+1/2,-y+1/2,z","-y+1/2,x+1/2,z+1/2","y+1/2,-x+1/2,z+1/2","-y+1/2,-x+1/2,-z+1/2","y+1/2,x+1/2,-z+1/2","-x+1/2,y+1/2,-z","x+1/2,-y+1/2,-z","-x+1/2,-y+1/2,-z","x+1/2,y+1/2,-z","y+1/2,-x+1/2,-z+1/2","-y+1/2,x+1/2,-z+1/2","y+1/2,x+1/2,z+1/2","-y+1/2,-x+1/2,z+1/2","x+1/2,-y+1/2,z","-x+1/2,y+1/2,z" ],"hall": "?","hm": "C 42/m m c","id": "C_42/m_m_c","jmolId": "132:c","set": 2,"sg": 132,"tm": "a-b,a+b,c","trm": "a-b,a+b,c","wpos": { "pos": [ { "desc": "1","geom": "general","label": "p","mult": 16 },{ "coord": [ "0,x,z","0,-x,z","-x,0,z+1/2","x,0,z+1/2","-x,0,-z+1/2","x,0,-z+1/2","0,x,-z","0,-x,-z" ],"desc": "..m","geom": "plane","label": "o","mult": 8 },{ "coord": [ "1/2x-1/2y,1/2x+1/2y,0","-1/2x+1/2y,-1/2x-1/2y,0","-1/2x-1/2y,1/2x-1/2y,1/2","1/2x+1/2y,-1/2x+1/2y,1/2","-1/2x-1/2y,-1/2x+1/2y,1/2","1/2x+1/2y,1/2x-1/2y,1/2","-1/2x+1/2y,1/2x+1/2y,0","1/2x-1/2y,-1/2x-1/2y,0" ],"desc": "m..","geom": "plane","label": "n","mult": 8 },{ "coord": [ "1/2x+3/4,1/2x+1/4,1/4","-1/2x+3/4,-1/2x+1/4,1/4","-1/2x+1/4,1/2x+1/4,3/4","1/2x+1/4,-1/2x+1/4,3/4","-1/2x+3/4,-1/2x+1/4,3/4","1/2x+3/4,1/2x+1/4,3/4","1/2x+1/4,-1/2x+1/4,1/4","-1/2x+1/4,1/2x+1/4,1/4" ],"desc": ".2.","geom": "line","label": "m","mult": 8 },{ "coord": [ "1/2x,1/2x,1/4","-1/2x,-1/2x,1/4","-1/2x,1/2x,3/4","1/2x,-1/2x,3/4","-1/2x,-1/2x,3/4","1/2x,1/2x,3/4","1/2x,-1/2x,1/4","-1/2x,1/2x,1/4" ],"desc": ".2.","geom": "line","label": "l","mult": 8 },{ "coord": [ "3/4,1/4,z","1/4,1/4,z+1/2","3/4,1/4,-z+1/2","1/4,1/4,-z","3/4,1/4,-z","1/4,1/4,-z+1/2","3/4,1/4,z+1/2","1/4,1/4,z" ],"desc": "2..","geom": "line","label": "k","mult": 8 },{ "coord": [ "0,x,1/2","0,-x,1/2","-x,0,0","x,0,0" ],"desc": "m.2 m","geom": "line","label": "j","mult": 4 },{ "coord": [ "0,x,0","0,-x,0","-x,0,1/2","x,0,1/2" ],"desc": "m.2 m","geom": "line","label": "i","mult": 4 },{ "coord": [ "0,1/2,z","0,1/2,z+1/2","0,1/2,-z+1/2","0,1/2,-z" ],"desc": "2.m m","geom": "line","label": "h","mult": 4 },{ "coord": [ "0,0,z","0,0,z+1/2","0,0,-z+1/2","0,0,-z" ],"desc": "2.m m","geom": "line","label": "g","mult": 4 },{ "coord": [ "3/4,1/4,0","1/4,1/4,1/2","3/4,1/4,1/2","1/4,1/4,0" ],"desc": "2/m..","geom": "point","label": "f","mult": 4 },{ "coord": [ "3/4,1/4,1/4","1/4,1/4,3/4","3/4,1/4,3/4","1/4,1/4,1/4" ],"desc": "222 .","geom": "point","label": "e","mult": 4 },{ "coord": [ "0,1/2,1/4","0,1/2,3/4" ],"desc": "-42m","geom": "point","label": "d","mult": 2 },{ "coord": [ "0,1/2,0","0,1/2,1/2" ],"desc": "m.m m","geom": "point","label": "c","mult": 2 },{ "coord": [ "0,0,1/4","0,0,3/4" ],"desc": "-42m","geom": "point","label": "b","mult": 2 },{ "coord": [ "0,0,0","0,0,1/2" ],"desc": "m.m m","geom": "point","label": "a","mult": 2 } ] } } ],"n": 2,"sg": 132 }