{ "its": [ { "cleg": "122","det": 1.0,"gen": [ "x,y,z","-x,-y,z","y,-x,-z","-x+1/2,y,-z+3/4","x+1/2,y+1/2,z+1/2" ],"gp": [ "x,y,z","-x,-y,z","y,-x,-z","-y,x,-z","-x+1/2,y,-z+3/4","x+1/2,-y,-z+3/4","-y+1/2,-x,z+3/4","y+1/2,x,z+3/4","x+1/2,y+1/2,z+1/2","-x+1/2,-y+1/2,z+1/2","y+1/2,-x+1/2,-z+1/2","-y+1/2,x+1/2,-z+1/2","-x,y+1/2,-z+1/4","x,-y+1/2,-z+1/4","-y,-x+1/2,z+1/4","y,x+1/2,z+1/4" ],"hall": "I -4 2bw","hm": "I -4 2 d","id": "I_-4_2_d","jmolId": "122","set": 1,"sg": 122,"tm": "a,b,c","trm": "a,b,c","wpos": { "cent": [ "1/2,1/2,1/2" ],"pos": [ { "desc": "1","geom": "general","label": "e","mult": 16 },{ "coord": [ "x,1/4,1/8","-x,3/4,1/8","1/4,-x,7/8","3/4,x,7/8" ],"desc": ".2.","geom": "line","label": "d","mult": 8 },{ "coord": [ "0,0,z","0,0,-z","1/2,0,-z+3/4","1/2,0,z+3/4" ],"desc": "2..","geom": "line","label": "c","mult": 8 },{ "coord": [ "0,0,1/2","1/2,0,1/4" ],"desc": "-4..","geom": "point","label": "b","mult": 4 },{ "coord": [ "0,0,0","1/2,0,3/4" ],"desc": "-4..","geom": "point","label": "a","mult": 4 } ] } },{ "cleg": "122:a-b,a+b,c","det": 2.0,"gen": [ "x,y,z","-x,-y,z","y,-x,-z","-y+1/4,-x+1/4,-z+3/4","x,y+1/2,z+1/2","x+1/2,y+1/2,z","-x+1/2,-y+1/2,z","y+1/2,-x+1/2,-z","-y+3/4,-x+3/4,-z+3/4","x+1/2,y,z+1/2" ],"gp": [ "x,y,z","-x,-y,z","y,-x,-z","-y,x,-z","-y+1/4,-x+1/4,-z+3/4","y+1/4,x+1/4,-z+3/4","x+1/4,-y+1/4,z+3/4","-x+1/4,y+1/4,z+3/4","x,y+1/2,z+1/2","-x,-y+1/2,z+1/2","y,-x+1/2,-z+1/2","-y,x+1/2,-z+1/2","-y+3/4,-x+1/4,-z+1/4","y+3/4,x+1/4,-z+1/4","x+3/4,-y+1/4,z+1/4","-x+3/4,y+1/4,z+1/4","x+1/2,y+1/2,z","-x+1/2,-y+1/2,z","y+1/2,-x+1/2,-z","-y+1/2,x+1/2,-z","-y+3/4,-x+3/4,-z+3/4","y+3/4,x+3/4,-z+3/4","x+3/4,-y+3/4,z+3/4","-x+3/4,y+3/4,z+3/4","x+1/2,y,z+1/2","-x+1/2,-y,z+1/2","y+1/2,-x,-z+1/2","-y+1/2,x,-z+1/2","-y+1/4,-x+3/4,-z+1/4","y+1/4,x+3/4,-z+1/4","x+1/4,-y+3/4,z+1/4","-x+1/4,y+3/4,z+1/4" ],"hall": "?","hm": "F -4 d 2","id": "F_-4_d_2","jmolId": "122:f","set": 2,"sg": 122,"tm": "a-b,a+b,c","trm": "a-b,a+b,c","wpos": { "cent": [ "0,1/2,1/2" ],"pos": [ { "desc": "1","geom": "general","label": "e","mult": 16 },{ "coord": [ "1/2x+7/8,1/2x+1/8,1/8","-1/2x+5/8,-1/2x+3/8,1/8","1/2x+1/8,-1/2x+1/8,7/8","-1/2x+3/8,1/2x+3/8,7/8" ],"desc": ".2.","geom": "line","label": "d","mult": 8 },{ "coord": [ "0,0,z","0,0,-z","1/4,1/4,-z+3/4","1/4,1/4,z+3/4" ],"desc": "2..","geom": "line","label": "c","mult": 8 },{ "coord": [ "0,0,1/2","1/4,1/4,1/4" ],"desc": "-4..","geom": "point","label": "b","mult": 4 },{ "coord": [ "0,0,0","1/4,1/4,3/4" ],"desc": "-4..","geom": "point","label": "a","mult": 4 } ] } } ],"n": 2,"sg": 122 }