{ "its": [ { "cleg": "71","det": 1.0,"gen": [ "x,y,z","-x,-y,z","-x,y,-z","-x,-y,-z","x+1/2,y+1/2,z+1/2" ],"gp": [ "x,y,z","-x,-y,z","-x,y,-z","x,-y,-z","-x,-y,-z","x,y,-z","x,-y,z","-x,y,z","x+1/2,y+1/2,z+1/2","-x+1/2,-y+1/2,z+1/2","-x+1/2,y+1/2,-z+1/2","x+1/2,-y+1/2,-z+1/2","-x+1/2,-y+1/2,-z+1/2","x+1/2,y+1/2,-z+1/2","x+1/2,-y+1/2,z+1/2","-x+1/2,y+1/2,z+1/2" ],"hall": "-I 2 2","hm": "I m m m","id": "I_m_m_m","jmolId": "71","set": 1,"sg": 71,"tm": "a,b,c","trm": "a,b,c","wpos": { "cent": [ "1/2,1/2,1/2" ],"pos": [ { "desc": "1","geom": "general","label": "o","mult": 16 },{ "coord": [ "x,y,0","-x,-y,0","-x,y,0","x,-y,0" ],"desc": "..m","geom": "plane","label": "n","mult": 8 },{ "coord": [ "x,0,z","-x,0,z","-x,0,-z","x,0,-z" ],"desc": ".m.","geom": "plane","label": "m","mult": 8 },{ "coord": [ "0,y,z","0,-y,z","0,y,-z","0,-y,-z" ],"desc": "m..","geom": "plane","label": "l","mult": 8 },{ "coord": [ "1/4,1/4,1/4","3/4,3/4,1/4","3/4,1/4,3/4","1/4,3/4,3/4" ],"desc": "-1","geom": "point","label": "k","mult": 8 },{ "coord": [ "1/2,0,z","1/2,0,-z" ],"desc": "mm2","geom": "line","label": "j","mult": 4 },{ "coord": [ "0,0,z","0,0,-z" ],"desc": "mm2","geom": "line","label": "i","mult": 4 },{ "coord": [ "0,y,1/2","0,-y,1/2" ],"desc": "m2m","geom": "line","label": "h","mult": 4 },{ "coord": [ "0,y,0","0,-y,0" ],"desc": "m2m","geom": "line","label": "g","mult": 4 },{ "coord": [ "x,1/2,0","-x,1/2,0" ],"desc": "2mm","geom": "line","label": "f","mult": 4 },{ "coord": [ "x,0,0","-x,0,0" ],"desc": "2mm","geom": "line","label": "e","mult": 4 },{ "coord": [ "1/2,0,1/2" ],"desc": "mmm","geom": "point","label": "d","mult": 2 },{ "coord": [ "1/2,1/2,0" ],"desc": "mmm","geom": "point","label": "c","mult": 2 },{ "coord": [ "0,1/2,1/2" ],"desc": "mmm","geom": "point","label": "b","mult": 2 },{ "coord": [ "0,0,0" ],"desc": "mmm","geom": "point","label": "a","mult": 2 } ] } } ],"n": 1,"sg": 71 }