{ "its": [ { "cleg": "48","det": 1.0,"gen": [ "x,y,z","-x+1/2,-y+1/2,z","-x+1/2,y,-z+1/2","-x,-y,-z" ],"gp": [ "x,y,z","-x+1/2,-y+1/2,z","-x+1/2,y,-z+1/2","x,-y+1/2,-z+1/2","-x,-y,-z","x+1/2,y+1/2,-z","x+1/2,-y,z+1/2","-x,y+1/2,z+1/2" ],"hall": "-P 2ab 2bc","hm": "P n n n  :2","id": "P_n_n_n__2","jmolId": "48:2","set": 1,"sg": 48,"tm": "a,b,c","trm": "a,b,c","wpos": { "pos": [ { "desc": "1","geom": "general","label": "m","mult": 8 },{ "coord": [ "1/4,3/4,z","1/4,3/4,-z+1/2","3/4,1/4,-z","3/4,1/4,z+1/2" ],"desc": "..2","geom": "line","label": "l","mult": 4 },{ "coord": [ "1/4,1/4,z","1/4,1/4,-z+1/2","3/4,3/4,-z","3/4,3/4,z+1/2" ],"desc": "..2","geom": "line","label": "k","mult": 4 },{ "coord": [ "3/4,y,1/4","3/4,-y+1/2,1/4","1/4,-y,3/4","1/4,y+1/2,3/4" ],"desc": ".2.","geom": "line","label": "j","mult": 4 },{ "coord": [ "1/4,y,1/4","1/4,-y+1/2,1/4","3/4,-y,3/4","3/4,y+1/2,3/4" ],"desc": ".2.","geom": "line","label": "i","mult": 4 },{ "coord": [ "x,1/4,3/4","-x+1/2,1/4,3/4","-x,3/4,1/4","x+1/2,3/4,1/4" ],"desc": "2..","geom": "line","label": "h","mult": 4 },{ "coord": [ "x,1/4,1/4","-x+1/2,1/4,1/4","-x,3/4,3/4","x+1/2,3/4,3/4" ],"desc": "2..","geom": "line","label": "g","mult": 4 },{ "coord": [ "0,0,0","1/2,1/2,0","1/2,0,1/2","0,1/2,1/2" ],"desc": "-1","geom": "point","label": "f","mult": 4 },{ "coord": [ "1/2,1/2,1/2","0,0,1/2","0,1/2,0","1/2,0,0" ],"desc": "-1","geom": "point","label": "e","mult": 4 },{ "coord": [ "1/4,3/4,1/4","3/4,1/4,3/4" ],"desc": "222","geom": "point","label": "d","mult": 2 },{ "coord": [ "1/4,1/4,3/4","3/4,3/4,1/4" ],"desc": "222","geom": "point","label": "c","mult": 2 },{ "coord": [ "3/4,1/4,1/4","1/4,3/4,3/4" ],"desc": "222","geom": "point","label": "b","mult": 2 },{ "coord": [ "1/4,1/4,1/4","3/4,3/4,3/4" ],"desc": "222","geom": "point","label": "a","mult": 2 } ] } },{ "cleg": "48:a,b,c;1/4,1/4,1/4","det": 1.0,"gen": [ "x,y,z","-x,-y,z","-x,y,-z","-x+1/2,-y+1/2,-z+1/2" ],"gp": [ "x,y,z","-x,-y,z","-x,y,-z","x,-y,-z","-x+1/2,-y+1/2,-z+1/2","x+1/2,y+1/2,-z+1/2","x+1/2,-y+1/2,z+1/2","-x+1/2,y+1/2,z+1/2" ],"hall": "P 2 2 -1n","hm": "P n n n :1","id": "P_n_n_n_1","jmolId": "48:1","set": 2,"sg": 48,"tm": "a+1/4,b+1/4,c+1/4","trm": "a,b,c;1/4,1/4,1/4","wpos": { "pos": [ { "desc": "1","geom": "general","label": "m","mult": 8 },{ "coord": [ "0,1/2,z+3/4","0,1/2,-z+1/4","1/2,0,-z+3/4","1/2,0,z+1/4" ],"desc": "..2","geom": "line","label": "l","mult": 4 },{ "coord": [ "0,0,z+3/4","0,0,-z+1/4","1/2,1/2,-z+3/4","1/2,1/2,z+1/4" ],"desc": "..2","geom": "line","label": "k","mult": 4 },{ "coord": [ "1/2,y+3/4,0","1/2,-y+1/4,0","0,-y+3/4,1/2","0,y+1/4,1/2" ],"desc": ".2.","geom": "line","label": "j","mult": 4 },{ "coord": [ "0,y+3/4,0","0,-y+1/4,0","1/2,-y+3/4,1/2","1/2,y+1/4,1/2" ],"desc": ".2.","geom": "line","label": "i","mult": 4 },{ "coord": [ "x+3/4,0,1/2","-x+1/4,0,1/2","-x+3/4,1/2,0","x+1/4,1/2,0" ],"desc": "2..","geom": "line","label": "h","mult": 4 },{ "coord": [ "x+3/4,0,0","-x+1/4,0,0","-x+3/4,1/2,1/2","x+1/4,1/2,1/2" ],"desc": "2..","geom": "line","label": "g","mult": 4 },{ "coord": [ "3/4,3/4,3/4","1/4,1/4,3/4","1/4,3/4,1/4","3/4,1/4,1/4" ],"desc": "-1","geom": "point","label": "f","mult": 4 },{ "coord": [ "1/4,1/4,1/4","3/4,3/4,1/4","3/4,1/4,3/4","1/4,3/4,3/4" ],"desc": "-1","geom": "point","label": "e","mult": 4 },{ "coord": [ "0,1/2,0","1/2,0,1/2" ],"desc": "222","geom": "point","label": "d","mult": 2 },{ "coord": [ "0,0,1/2","1/2,1/2,0" ],"desc": "222","geom": "point","label": "c","mult": 2 },{ "coord": [ "1/2,0,0","0,1/2,1/2" ],"desc": "222","geom": "point","label": "b","mult": 2 },{ "coord": [ "0,0,0","1/2,1/2,1/2" ],"desc": "222","geom": "point","label": "a","mult": 2 } ] } } ],"n": 2,"sg": 48 }