{ "its": [ { "cleg": "214","det": 1.0,"gen": [ "x,y,z","-x+1/2,-y,z+1/2","-x,y+1/2,-z+1/2","z,x,y","y+3/4,x+1/4,-z+1/4","x+1/2,y+1/2,z+1/2" ],"gp": [ "x,y,z","-x+1/2,-y,z+1/2","-x,y+1/2,-z+1/2","x+1/2,-y+1/2,-z","z,x,y","z+1/2,-x+1/2,-y","-z+1/2,-x,y+1/2","-z,x+1/2,-y+1/2","y,z,x","-y,z+1/2,-x+1/2","y+1/2,-z+1/2,-x","-y+1/2,-z,x+1/2","y+3/4,x+1/4,-z+1/4","-y+3/4,-x+3/4,-z+3/4","y+1/4,-x+1/4,z+3/4","-y+1/4,x+3/4,z+1/4","x+3/4,z+1/4,-y+1/4","-x+1/4,z+3/4,y+1/4","-x+3/4,-z+3/4,-y+3/4","x+1/4,-z+1/4,y+3/4","z+3/4,y+1/4,-x+1/4","z+1/4,-y+1/4,x+3/4","-z+1/4,y+3/4,x+1/4","-z+3/4,-y+3/4,-x+3/4","x+1/2,y+1/2,z+1/2","-x,-y+1/2,z","-x+1/2,y,-z","x,-y,-z+1/2","z+1/2,x+1/2,y+1/2","z,-x,-y+1/2","-z,-x+1/2,y","-z+1/2,x,-y","y+1/2,z+1/2,x+1/2","-y+1/2,z,-x","y,-z,-x+1/2","-y,-z+1/2,x","y+1/4,x+3/4,-z+3/4","-y+1/4,-x+1/4,-z+1/4","y+3/4,-x+3/4,z+1/4","-y+3/4,x+1/4,z+3/4","x+1/4,z+3/4,-y+3/4","-x+3/4,z+1/4,y+3/4","-x+1/4,-z+1/4,-y+1/4","x+3/4,-z+3/4,y+1/4","z+1/4,y+3/4,-x+3/4","z+3/4,-y+3/4,x+1/4","-z+3/4,y+1/4,x+3/4","-z+1/4,-y+1/4,-x+1/4" ],"hall": "I 4bd 2c 3","hm": "I 41 3 2","id": "I_41_3_2","jmolId": "214","set": 1,"sg": 214,"tm": "a,b,c","trm": "a,b,c","wpos": { "cent": [ "1/2,1/2,1/2" ],"pos": [ { "desc": "1","geom": "general","label": "i","mult": 48 },{ "coord": [ "1/8,y,-y+1/4","3/8,-y,-y+3/4","7/8,y+1/2,y+1/4","5/8,-y+1/2,y+3/4","-y+1/4,1/8,y","-y+3/4,3/8,-y","y+1/4,7/8,y+1/2","y+3/4,5/8,-y+1/2","y,-y+1/4,1/8","-y,-y+3/4,3/8","y+1/2,y+1/4,7/8","-y+1/2,y+3/4,5/8" ],"desc": "..2","geom": "line","label": "h","mult": 24 },{ "coord": [ "1/8,y,y+1/4","3/8,-y,y+3/4","7/8,y+1/2,-y+1/4","5/8,-y+1/2,-y+3/4","y+1/4,1/8,y","y+3/4,3/8,-y","-y+1/4,7/8,y+1/2","-y+3/4,5/8,-y+1/2","y,y+1/4,1/8","-y,y+3/4,3/8","y+1/2,-y+1/4,7/8","-y+1/2,-y+3/4,5/8" ],"desc": "..2","geom": "line","label": "g","mult": 24 },{ "coord": [ "x,0,1/4","-x+1/2,0,3/4","1/4,x,0","3/4,-x+1/2,0","0,1/4,x","0,3/4,-x+1/2","3/4,x+1/4,0","3/4,-x+3/4,1/2","x+3/4,1/2,1/4","-x+1/4,0,1/4","0,1/4,-x+1/4","1/2,1/4,x+3/4" ],"desc": "2..","geom": "line","label": "f","mult": 24 },{ "coord": [ "x,x,x","-x+1/2,-x,x+1/2","-x,x+1/2,-x+1/2","x+1/2,-x+1/2,-x","x+3/4,x+1/4,-x+1/4","-x+3/4,-x+3/4,-x+3/4","x+1/4,-x+1/4,x+3/4","-x+1/4,x+3/4,x+1/4" ],"desc": ".3.","geom": "line","label": "e","mult": 16 },{ "coord": [ "5/8,0,1/4","7/8,0,3/4","1/4,5/8,0","3/4,7/8,0","0,1/4,5/8","0,3/4,7/8" ],"desc": "2.2 2","geom": "point","label": "d","mult": 12 },{ "coord": [ "1/8,0,1/4","3/8,0,3/4","1/4,1/8,0","3/4,3/8,0","0,1/4,1/8","0,3/4,3/8" ],"desc": "2.2 2","geom": "point","label": "c","mult": 12 },{ "coord": [ "7/8,7/8,7/8","5/8,1/8,3/8","1/8,3/8,5/8","3/8,5/8,1/8" ],"desc": ".32","geom": "point","label": "b","mult": 8 },{ "coord": [ "1/8,1/8,1/8","3/8,7/8,5/8","7/8,5/8,3/8","5/8,3/8,7/8" ],"desc": ".32","geom": "point","label": "a","mult": 8 } ] } } ],"n": 1,"sg": 214 }