{ "its": [ { "cleg": "199","det": 1.0,"gen": [ "x,y,z","-x+1/2,-y,z+1/2","-x,y+1/2,-z+1/2","z,x,y","x+1/2,y+1/2,z+1/2" ],"gp": [ "x,y,z","-x+1/2,-y,z+1/2","-x,y+1/2,-z+1/2","x+1/2,-y+1/2,-z","z,x,y","z+1/2,-x+1/2,-y","-z+1/2,-x,y+1/2","-z,x+1/2,-y+1/2","y,z,x","-y,z+1/2,-x+1/2","y+1/2,-z+1/2,-x","-y+1/2,-z,x+1/2","x+1/2,y+1/2,z+1/2","-x,-y+1/2,z","-x+1/2,y,-z","x,-y,-z+1/2","z+1/2,x+1/2,y+1/2","z,-x,-y+1/2","-z,-x+1/2,y","-z+1/2,x,-y","y+1/2,z+1/2,x+1/2","-y+1/2,z,-x","y,-z,-x+1/2","-y,-z+1/2,x" ],"hall": "I 2b 2c 3","hm": "I 21 3","id": "I_21_3","jmolId": "199","set": 1,"sg": 199,"tm": "a,b,c","trm": "a,b,c","wpos": { "cent": [ "1/2,1/2,1/2" ],"pos": [ { "desc": "1","geom": "general","label": "c","mult": 24 },{ "coord": [ "x,0,1/4","-x+1/2,0,3/4","1/4,x,0","3/4,-x+1/2,0","0,1/4,x","0,3/4,-x+1/2" ],"desc": "2..","geom": "line","label": "b","mult": 12 },{ "coord": [ "x,x,x","-x+1/2,-x,x+1/2","-x,x+1/2,-x+1/2","x+1/2,-x+1/2,-x" ],"desc": ".3.","geom": "line","label": "a","mult": 8 } ] } } ],"n": 1,"sg": 199 }