{ "its": [ { "cleg": "113","det": 1.0,"gen": [ "x,y,z","-x,-y,z","y,-x,-z","-x+1/2,y+1/2,-z" ],"gp": [ "x,y,z","-x,-y,z","y,-x,-z","-y,x,-z","-x+1/2,y+1/2,-z","x+1/2,-y+1/2,-z","-y+1/2,-x+1/2,z","y+1/2,x+1/2,z" ],"hall": "P -4 2ab","hm": "P -4 21 m","id": "P_-4_21_m","jmolId": "113","set": 1,"sg": 113,"tm": "a,b,c","trm": "a,b,c","wpos": { "pos": [ { "desc": "1","geom": "general","label": "f","mult": 8 },{ "coord": [ "x,x+1/2,z","-x,-x+1/2,z","x+1/2,-x,-z","-x+1/2,x,-z" ],"desc": "..m","geom": "plane","label": "e","mult": 4 },{ "coord": [ "0,0,z","0,0,-z","1/2,1/2,-z","1/2,1/2,z" ],"desc": "2..","geom": "line","label": "d","mult": 4 },{ "coord": [ "0,1/2,z","1/2,0,-z" ],"desc": "2.m m","geom": "line","label": "c","mult": 2 },{ "coord": [ "0,0,1/2","1/2,1/2,1/2" ],"desc": "-4..","geom": "point","label": "b","mult": 2 },{ "coord": [ "0,0,0","1/2,1/2,0" ],"desc": "-4..","geom": "point","label": "a","mult": 2 } ] } },{ "cleg": "113:a-b,a+b,c","det": 2.0,"gen": [ "x,y,z","-x,-y,z","y,-x,-z","-y,-x+1/2,-z","x+1/2,y+1/2,z","-x+1/2,-y+1/2,z","y+1/2,-x+1/2,-z","-y+1/2,-x,-z" ],"gp": [ "x,y,z","-x,-y,z","y,-x,-z","-y,x,-z","-y,-x+1/2,-z","y,x+1/2,-z","x,-y+1/2,z","-x,y+1/2,z","x+1/2,y+1/2,z","-x+1/2,-y+1/2,z","y+1/2,-x+1/2,-z","-y+1/2,x+1/2,-z","-y+1/2,-x,-z","y+1/2,x,-z","x+1/2,-y,z","-x+1/2,y,z" ],"hall": "?","hm": "C -4 m 21","id": "C_-4_m_21","jmolId": "113:c","set": 2,"sg": 113,"tm": "a-b,a+b,c","trm": "a-b,a+b,c","wpos": { "pos": [ { "desc": "1","geom": "general","label": "f","mult": 8 },{ "coord": [ "3/4,x+1/4,z","3/4,-x+1/4,z","x+1/4,1/4,-z","-x+1/4,1/4,-z" ],"desc": "..m","geom": "plane","label": "e","mult": 4 },{ "coord": [ "0,0,z","0,0,-z","0,1/2,-z","0,1/2,z" ],"desc": "2..","geom": "line","label": "d","mult": 4 },{ "coord": [ "3/4,1/4,z","1/4,1/4,-z" ],"desc": "2.m m","geom": "line","label": "c","mult": 2 },{ "coord": [ "0,0,1/2","0,1/2,1/2" ],"desc": "-4..","geom": "point","label": "b","mult": 2 },{ "coord": [ "0,0,0","0,1/2,0" ],"desc": "-4..","geom": "point","label": "a","mult": 2 } ] } } ],"n": 2,"sg": 113 }