{ "its": [ { "cleg": "180","det": 1.0,"gen": [ "x,y,z","-y,x-y,z+2/3","-x,-y,z","y,x,-z+2/3" ],"gp": [ "x,y,z","-y,x-y,z+2/3","-x+y,-x,z+1/3","-x,-y,z","y,-x+y,z+2/3","x-y,x,z+1/3","y,x,-z+2/3","x-y,-y,-z","-x,-x+y,-z+1/3","-y,-x,-z+2/3","-x+y,y,-z","x,x-y,-z+1/3" ],"hall": "P 62 2 (0 0 4)","hm": "P 62 2 2","id": "P_62_2_2","jmolId": "180","set": 1,"sg": 180,"tm": "a,b,c","trm": "a,b,c","wpos": { "pos": [ { "desc": "1","geom": "general","label": "k","mult": 12 },{ "coord": [ "x,2x,1/2","-2x,-x,1/6","x,-x,5/6","-x,-2x,1/2","2x,x,1/6","-x,x,5/6" ],"desc": "..2","geom": "line","label": "j","mult": 6 },{ "coord": [ "x,2x,0","-2x,-x,2/3","x,-x,1/3","-x,-2x,0","2x,x,2/3","-x,x,1/3" ],"desc": "..2","geom": "line","label": "i","mult": 6 },{ "coord": [ "x,0,1/2","0,x,1/6","-x,-x,5/6","-x,0,1/2","0,-x,1/6","x,x,5/6" ],"desc": ".2.","geom": "line","label": "h","mult": 6 },{ "coord": [ "x,0,0","0,x,2/3","-x,-x,1/3","-x,0,0","0,-x,2/3","x,x,1/3" ],"desc": ".2.","geom": "line","label": "g","mult": 6 },{ "coord": [ "1/2,0,z","0,1/2,z+2/3","1/2,1/2,z+1/3","0,1/2,-z+2/3","1/2,0,-z","1/2,1/2,-z+1/3" ],"desc": "2..","geom": "line","label": "f","mult": 6 },{ "coord": [ "0,0,z","0,0,z+2/3","0,0,z+1/3","0,0,-z+2/3","0,0,-z","0,0,-z+1/3" ],"desc": "2..","geom": "line","label": "e","mult": 6 },{ "coord": [ "1/2,0,1/2","0,1/2,1/6","1/2,1/2,5/6" ],"desc": "222","geom": "point","label": "d","mult": 3 },{ "coord": [ "1/2,0,0","0,1/2,2/3","1/2,1/2,1/3" ],"desc": "222","geom": "point","label": "c","mult": 3 },{ "coord": [ "0,0,1/2","0,0,1/6","0,0,5/6" ],"desc": "222","geom": "point","label": "b","mult": 3 },{ "coord": [ "0,0,0","0,0,2/3","0,0,1/3" ],"desc": "222","geom": "point","label": "a","mult": 3 } ] } } ],"n": 1,"sg": 180 }