{ "its": [ { "cleg": "28","det": 1.0,"gen": [ "x,y,z","-x,-y,z","x+1/2,-y,z" ],"gp": [ "x,y,z","-x,-y,z","x+1/2,-y,z","-x+1/2,y,z" ],"hall": "P 2 -2a","hm": "P m a 2","id": "P_m_a_2","jmolId": "28","set": 1,"sg": 28,"tm": "a,b,c","trm": "a,b,c","wpos": { "pos": [ { "desc": "1","geom": "general","label": "d","mult": 4 },{ "coord": [ "1/4,y,z","3/4,-y,z" ],"desc": "m..","geom": "plane","label": "c","mult": 2 },{ "coord": [ "0,1/2,z","1/2,1/2,z" ],"desc": "..2","geom": "line","label": "b","mult": 2 },{ "coord": [ "0,0,z","1/2,0,z" ],"desc": "..2","geom": "line","label": "a","mult": 2 } ] } },{ "cleg": "28:b,a,-c","det": 1.0,"gen": [ "x,y,z","-x,-y,z","-x,y+1/2,z" ],"gp": [ "x,y,z","-x,-y,z","-x,y+1/2,z","x,-y+1/2,z" ],"hall": "P 2 -2b","hm": "P b m 2","id": "P_b_m_2","jmolId": "28:ba-c","set": 2,"sg": 28,"tm": "b,a,-c","trm": "b,a,-c","wpos": { "pos": [ { "desc": "1","geom": "general","label": "d","mult": 4 },{ "coord": [ "y,1/4,-z","-y,3/4,-z" ],"desc": "m..","geom": "plane","label": "c","mult": 2 },{ "coord": [ "1/2,0,-z","1/2,1/2,-z" ],"desc": "..2","geom": "line","label": "b","mult": 2 },{ "coord": [ "0,0,-z","0,1/2,-z" ],"desc": "..2","geom": "line","label": "a","mult": 2 } ] } },{ "cleg": "28:c,a,b","det": 1.0,"gen": [ "x,y,z","x,-y,-z","x,y+1/2,-z" ],"gp": [ "x,y,z","x,-y,-z","x,y+1/2,-z","x,-y+1/2,z" ],"hall": "P -2b 2","hm": "P 2 m b","id": "P_2_m_b","jmolId": "28:cab","set": 3,"sg": 28,"tm": "c,a,b","trm": "c,a,b","wpos": { "pos": [ { "desc": "1","geom": "general","label": "d","mult": 4 },{ "coord": [ "z,1/4,y","z,3/4,-y" ],"desc": "m..","geom": "plane","label": "c","mult": 2 },{ "coord": [ "z,0,1/2","z,1/2,1/2" ],"desc": "..2","geom": "line","label": "b","mult": 2 },{ "coord": [ "z,0,0","z,1/2,0" ],"desc": "..2","geom": "line","label": "a","mult": 2 } ] } },{ "cleg": "28:-c,b,a","det": 1.0,"gen": [ "x,y,z","x,-y,-z","x,-y,z+1/2" ],"gp": [ "x,y,z","x,-y,-z","x,-y,z+1/2","x,y,-z+1/2" ],"hall": "P -2c 2","hm": "P 2 c m","id": "P_2_c_m","jmolId": "28:-cba","set": 4,"sg": 28,"tm": "-c,b,a","trm": "-c,b,a","wpos": { "pos": [ { "desc": "1","geom": "general","label": "d","mult": 4 },{ "coord": [ "-z,y,1/4","-z,-y,3/4" ],"desc": "m..","geom": "plane","label": "c","mult": 2 },{ "coord": [ "-z,1/2,0","-z,1/2,1/2" ],"desc": "..2","geom": "line","label": "b","mult": 2 },{ "coord": [ "-z,0,0","-z,0,1/2" ],"desc": "..2","geom": "line","label": "a","mult": 2 } ] } },{ "cleg": "28:b,c,a","det": 1.0,"gen": [ "x,y,z","-x,y,-z","-x,y,z+1/2" ],"gp": [ "x,y,z","-x,y,-z","-x,y,z+1/2","x,y,-z+1/2" ],"hall": "P -2c -2c","hm": "P c 2 m","id": "P_c_2_m","jmolId": "28:bca","set": 5,"sg": 28,"tm": "b,c,a","trm": "b,c,a","wpos": { "pos": [ { "desc": "1","geom": "general","label": "d","mult": 4 },{ "coord": [ "y,z,1/4","-y,z,3/4" ],"desc": "m..","geom": "plane","label": "c","mult": 2 },{ "coord": [ "1/2,z,0","1/2,z,1/2" ],"desc": "..2","geom": "line","label": "b","mult": 2 },{ "coord": [ "0,z,0","0,z,1/2" ],"desc": "..2","geom": "line","label": "a","mult": 2 } ] } },{ "cleg": "28:a,-c,b","det": 1.0,"gen": [ "x,y,z","-x,y,-z","x+1/2,y,-z" ],"gp": [ "x,y,z","-x,y,-z","x+1/2,y,-z","-x+1/2,y,z" ],"hall": "P -2a -2a","hm": "P m 2 a","id": "P_m_2_a","jmolId": "28:a-cb","set": 6,"sg": 28,"tm": "a,-c,b","trm": "a,-c,b","wpos": { "pos": [ { "desc": "1","geom": "general","label": "d","mult": 4 },{ "coord": [ "1/4,-z,y","3/4,-z,-y" ],"desc": "m..","geom": "plane","label": "c","mult": 2 },{ "coord": [ "0,-z,1/2","1/2,-z,1/2" ],"desc": "..2","geom": "line","label": "b","mult": 2 },{ "coord": [ "0,-z,0","1/2,-z,0" ],"desc": "..2","geom": "line","label": "a","mult": 2 } ] } } ],"n": 6,"sg": 28 }