{ "its": [ { "cleg": "179","det": 1.0,"gen": [ "x,y,z","-y,x-y,z+2/3","-x,-y,z+1/2","y,x,-z+2/3" ],"gp": [ "x,y,z","-y,x-y,z+2/3","-x+y,-x,z+1/3","-x,-y,z+1/2","y,-x+y,z+1/6","x-y,x,z+5/6","y,x,-z+2/3","x-y,-y,-z","-x,-x+y,-z+1/3","-y,-x,-z+1/6","-x+y,y,-z+1/2","x,x-y,-z+5/6" ],"hall": "P 65 2 (0 0 1)","hm": "P 65 2 2","id": "P_65_2_2","jmolId": "179","set": 1,"sg": 179,"tm": "a,b,c","trm": "a,b,c","wpos": { "pos": [ { "desc": "1","geom": "general","label": "c","mult": 12 },{ "coord": [ "x,2x,3/4","-2x,-x,5/12","x,-x,1/12","-x,-2x,1/4","2x,x,11/12","-x,x,7/12" ],"desc": "..2","geom": "line","label": "b","mult": 6 },{ "coord": [ "x,0,0","0,x,2/3","-x,-x,1/3","-x,0,1/2","0,-x,1/6","x,x,5/6" ],"desc": ".2.","geom": "line","label": "a","mult": 6 } ] } } ],"n": 1,"sg": 179 }