{ "its": [ { "cleg": "56","det": 1.0,"gen": [ "x,y,z","-x+1/2,-y+1/2,z","-x,y+1/2,-z+1/2","-x,-y,-z" ],"gp": [ "x,y,z","-x+1/2,-y+1/2,z","-x,y+1/2,-z+1/2","x+1/2,-y,-z+1/2","-x,-y,-z","x+1/2,y+1/2,-z","x,-y+1/2,z+1/2","-x+1/2,y,z+1/2" ],"hall": "-P 2ab 2ac","hm": "P c c n","id": "P_c_c_n","jmolId": "56","set": 1,"sg": 56,"tm": "a,b,c","trm": "a,b,c","wpos": { "pos": [ { "desc": "1","geom": "general","label": "e","mult": 8 },{ "coord": [ "1/4,3/4,z","3/4,1/4,-z+1/2","3/4,1/4,-z","1/4,3/4,z+1/2" ],"desc": "..2","geom": "line","label": "d","mult": 4 },{ "coord": [ "1/4,1/4,z","3/4,3/4,-z+1/2","3/4,3/4,-z","1/4,1/4,z+1/2" ],"desc": "..2","geom": "line","label": "c","mult": 4 },{ "coord": [ "0,0,1/2","1/2,1/2,1/2","0,1/2,0","1/2,0,0" ],"desc": "-1","geom": "point","label": "b","mult": 4 },{ "coord": [ "0,0,0","1/2,1/2,0","0,1/2,1/2","1/2,0,1/2" ],"desc": "-1","geom": "point","label": "a","mult": 4 } ] } },{ "cleg": "56:c,a,b","det": 1.0,"gen": [ "x,y,z","x,-y+1/2,-z+1/2","-x+1/2,-y,z+1/2","-x,-y,-z" ],"gp": [ "x,y,z","x,-y+1/2,-z+1/2","-x+1/2,-y,z+1/2","-x+1/2,y+1/2,-z","-x,-y,-z","-x,y+1/2,z+1/2","x+1/2,y,-z+1/2","x+1/2,-y+1/2,z" ],"hall": "-P 2ac 2bc","hm": "P n a a","id": "P_n_a_a","jmolId": "56:cab","set": 2,"sg": 56,"tm": "c,a,b","trm": "c,a,b","wpos": { "pos": [ { "desc": "1","geom": "general","label": "e","mult": 8 },{ "coord": [ "z,1/4,3/4","-z+1/2,3/4,1/4","-z,3/4,1/4","z+1/2,1/4,3/4" ],"desc": "..2","geom": "line","label": "d","mult": 4 },{ "coord": [ "z,1/4,1/4","-z+1/2,3/4,3/4","-z,3/4,3/4","z+1/2,1/4,1/4" ],"desc": "..2","geom": "line","label": "c","mult": 4 },{ "coord": [ "1/2,0,0","1/2,1/2,1/2","0,0,1/2","0,1/2,0" ],"desc": "-1","geom": "point","label": "b","mult": 4 },{ "coord": [ "0,0,0","0,1/2,1/2","1/2,0,1/2","1/2,1/2,0" ],"desc": "-1","geom": "point","label": "a","mult": 4 } ] } },{ "cleg": "56:b,c,a","det": 1.0,"gen": [ "x,y,z","-x+1/2,y,-z+1/2","x+1/2,-y+1/2,-z","-x,-y,-z" ],"gp": [ "x,y,z","-x+1/2,y,-z+1/2","x+1/2,-y+1/2,-z","-x,-y+1/2,z+1/2","-x,-y,-z","x+1/2,-y,z+1/2","-x+1/2,y+1/2,z","x,y+1/2,-z+1/2" ],"hall": "-P 2bc 2ab","hm": "P b n b","id": "P_b_n_b","jmolId": "56:bca","set": 3,"sg": 56,"tm": "b,c,a","trm": "b,c,a","wpos": { "pos": [ { "desc": "1","geom": "general","label": "e","mult": 8 },{ "coord": [ "3/4,z,1/4","1/4,-z+1/2,3/4","1/4,-z,3/4","3/4,z+1/2,1/4" ],"desc": "..2","geom": "line","label": "d","mult": 4 },{ "coord": [ "1/4,z,1/4","3/4,-z+1/2,3/4","3/4,-z,3/4","1/4,z+1/2,1/4" ],"desc": "..2","geom": "line","label": "c","mult": 4 },{ "coord": [ "0,1/2,0","1/2,1/2,1/2","1/2,0,0","0,0,1/2" ],"desc": "-1","geom": "point","label": "b","mult": 4 },{ "coord": [ "0,0,0","1/2,0,1/2","1/2,1/2,0","0,1/2,1/2" ],"desc": "-1","geom": "point","label": "a","mult": 4 } ] } } ],"n": 3,"sg": 56 }