{ "its": [ { "cleg": "41","det": 1.0,"gen": [ "x,y,z","-x,-y,z","x+1/2,-y+1/2,z","x,y+1/2,z+1/2" ],"gp": [ "x,y,z","-x,-y,z","x+1/2,-y+1/2,z","-x+1/2,y+1/2,z","x,y+1/2,z+1/2","-x,-y+1/2,z+1/2","x+1/2,-y,z+1/2","-x+1/2,y,z+1/2" ],"hall": "A 2 -2ab","hm": "A e a 2","id": "A_e_a_2","jmolId": "41","set": 1,"sg": 41,"tm": "a,b,c","trm": "a,b,c","wpos": { "cent": [ "0,1/2,1/2" ],"pos": [ { "desc": "1","geom": "general","label": "b","mult": 8 },{ "coord": [ "0,0,z","1/2,1/2,z" ],"desc": "..2","geom": "line","label": "a","mult": 4 } ] } },{ "cleg": "41:b,a,-c","det": 1.0,"gen": [ "x,y,z","-x,-y,z","-x+1/2,y+1/2,z","x+1/2,y,z+1/2" ],"gp": [ "x,y,z","-x,-y,z","-x+1/2,y+1/2,z","x+1/2,-y+1/2,z","x+1/2,y,z+1/2","-x+1/2,-y,z+1/2","-x,y+1/2,z+1/2","x,-y+1/2,z+1/2" ],"hall": "B 2 -2ab","hm": "B b e 2","id": "B_b_e_2","jmolId": "41:ba-c","set": 2,"sg": 41,"tm": "b,a,-c","trm": "b,a,-c","wpos": { "cent": [ "1/2,0,1/2" ],"pos": [ { "desc": "1","geom": "general","label": "b","mult": 8 },{ "coord": [ "0,0,-z","1/2,1/2,-z" ],"desc": "..2","geom": "line","label": "a","mult": 4 } ] } },{ "cleg": "41:c,a,b","det": 1.0,"gen": [ "x,y,z","x,-y,-z","x,y+1/2,-z+1/2","x+1/2,y,z+1/2" ],"gp": [ "x,y,z","x,-y,-z","x,y+1/2,-z+1/2","x,-y+1/2,z+1/2","x+1/2,y,z+1/2","x+1/2,-y,-z+1/2","x+1/2,y+1/2,-z","x+1/2,-y+1/2,z" ],"hall": "B -2ab 2","hm": "B 2 e b","id": "B_2_e_b","jmolId": "41:cab","set": 3,"sg": 41,"tm": "c,a,b","trm": "c,a,b","wpos": { "cent": [ "1/2,0,1/2" ],"pos": [ { "desc": "1","geom": "general","label": "b","mult": 8 },{ "coord": [ "z,0,0","z,1/2,1/2" ],"desc": "..2","geom": "line","label": "a","mult": 4 } ] } },{ "cleg": "41:-c,b,a","det": 1.0,"gen": [ "x,y,z","x,-y,-z","x,-y+1/2,z+1/2","x+1/2,y+1/2,z" ],"gp": [ "x,y,z","x,-y,-z","x,-y+1/2,z+1/2","x,y+1/2,-z+1/2","x+1/2,y+1/2,z","x+1/2,-y+1/2,-z","x+1/2,-y,z+1/2","x+1/2,y,-z+1/2" ],"hall": "C -2ac 2","hm": "C 2 c e","id": "C_2_c_e","jmolId": "41:-cba","set": 4,"sg": 41,"tm": "-c,b,a","trm": "-c,b,a","wpos": { "cent": [ "1/2,1/2,0" ],"pos": [ { "desc": "1","geom": "general","label": "b","mult": 8 },{ "coord": [ "-z,0,0","-z,1/2,1/2" ],"desc": "..2","geom": "line","label": "a","mult": 4 } ] } },{ "cleg": "41:b,c,a","det": 1.0,"gen": [ "x,y,z","-x,y,-z","-x+1/2,y,z+1/2","x+1/2,y+1/2,z" ],"gp": [ "x,y,z","-x,y,-z","-x+1/2,y,z+1/2","x+1/2,y,-z+1/2","x+1/2,y+1/2,z","-x+1/2,y+1/2,-z","-x,y+1/2,z+1/2","x,y+1/2,-z+1/2" ],"hall": "C -2ac -2ac","hm": "C c 2 e","id": "C_c_2_e","jmolId": "41:bca","set": 5,"sg": 41,"tm": "b,c,a","trm": "b,c,a","wpos": { "cent": [ "1/2,1/2,0" ],"pos": [ { "desc": "1","geom": "general","label": "b","mult": 8 },{ "coord": [ "0,z,0","1/2,z,1/2" ],"desc": "..2","geom": "line","label": "a","mult": 4 } ] } },{ "cleg": "41:a,-c,b","det": 1.0,"gen": [ "x,y,z","-x,y,-z","x+1/2,y,-z+1/2","x,y+1/2,z+1/2" ],"gp": [ "x,y,z","-x,y,-z","x+1/2,y,-z+1/2","-x+1/2,y,z+1/2","x,y+1/2,z+1/2","-x,y+1/2,-z+1/2","x+1/2,y+1/2,-z","-x+1/2,y+1/2,z" ],"hall": "A -2ab -2ab","hm": "A e 2 a","id": "A_e_2_a","jmolId": "41:a-cb","set": 6,"sg": 41,"tm": "a,-c,b","trm": "a,-c,b","wpos": { "cent": [ "0,1/2,1/2" ],"pos": [ { "desc": "1","geom": "general","label": "b","mult": 8 },{ "coord": [ "0,-z,0","1/2,-z,1/2" ],"desc": "..2","geom": "line","label": "a","mult": 4 } ] } } ],"n": 6,"sg": 41 }