{ "its": [ { "cleg": "176","det": 1.0,"gen": [ "x,y,z","-y,x-y,z","-x,-y,z+1/2","-x,-y,-z" ],"gp": [ "x,y,z","-y,x-y,z","-x+y,-x,z","-x,-y,z+1/2","y,-x+y,z+1/2","x-y,x,z+1/2","-x,-y,-z","y,-x+y,-z","x-y,x,-z","x,y,-z+1/2","-y,x-y,-z+1/2","-x+y,-x,-z+1/2" ],"hall": "-P 6c","hm": "P 63/m","id": "P_63/m","jmolId": "176","set": 1,"sg": 176,"tm": "a,b,c","trm": "a,b,c","wpos": { "pos": [ { "desc": "1","geom": "general","label": "i","mult": 12 },{ "coord": [ "x,y,1/4","-y,x-y,1/4","-x+y,-x,1/4","-x,-y,3/4","y,-x+y,3/4","x-y,x,3/4" ],"desc": "m..","geom": "plane","label": "h","mult": 6 },{ "coord": [ "1/2,0,0","0,1/2,0","1/2,1/2,0","1/2,0,1/2","0,1/2,1/2","1/2,1/2,1/2" ],"desc": "-1","geom": "point","label": "g","mult": 6 },{ "coord": [ "1/3,2/3,z","2/3,1/3,z+1/2","2/3,1/3,-z","1/3,2/3,-z+1/2" ],"desc": "3..","geom": "line","label": "f","mult": 4 },{ "coord": [ "0,0,z","0,0,z+1/2","0,0,-z","0,0,-z+1/2" ],"desc": "3..","geom": "line","label": "e","mult": 4 },{ "coord": [ "2/3,1/3,1/4","1/3,2/3,3/4" ],"desc": "-6..","geom": "point","label": "d","mult": 2 },{ "coord": [ "1/3,2/3,1/4","2/3,1/3,3/4" ],"desc": "-6..","geom": "point","label": "c","mult": 2 },{ "coord": [ "0,0,0","0,0,1/2" ],"desc": "-3..","geom": "point","label": "b","mult": 2 },{ "coord": [ "0,0,1/4","0,0,3/4" ],"desc": "-6..","geom": "point","label": "a","mult": 2 } ] } } ],"n": 1,"sg": 176 }