{ "its": [ { "cleg": "114","det": 1.0,"gen": [ "x,y,z","-x,-y,z","y,-x,-z","-x+1/2,y+1/2,-z+1/2" ],"gp": [ "x,y,z","-x,-y,z","y,-x,-z","-y,x,-z","-x+1/2,y+1/2,-z+1/2","x+1/2,-y+1/2,-z+1/2","-y+1/2,-x+1/2,z+1/2","y+1/2,x+1/2,z+1/2" ],"hall": "P -4 2n","hm": "P -4 21 c","id": "P_-4_21_c","jmolId": "114","set": 1,"sg": 114,"tm": "a,b,c","trm": "a,b,c","wpos": { "pos": [ { "desc": "1","geom": "general","label": "e","mult": 8 },{ "coord": [ "0,1/2,z","1/2,0,-z","1/2,0,-z+1/2","0,1/2,z+1/2" ],"desc": "2..","geom": "line","label": "d","mult": 4 },{ "coord": [ "0,0,z","0,0,-z","1/2,1/2,-z+1/2","1/2,1/2,z+1/2" ],"desc": "2..","geom": "line","label": "c","mult": 4 },{ "coord": [ "0,0,1/2","1/2,1/2,0" ],"desc": "-4..","geom": "point","label": "b","mult": 2 },{ "coord": [ "0,0,0","1/2,1/2,1/2" ],"desc": "-4..","geom": "point","label": "a","mult": 2 } ] } },{ "cleg": "114:a-b,a+b,c","det": 2.0,"gen": [ "x,y,z","-x,-y,z","y,-x,-z","-y,-x+1/2,-z+1/2","x+1/2,y+1/2,z","-x+1/2,-y+1/2,z","y+1/2,-x+1/2,-z","-y+1/2,-x,-z+1/2" ],"gp": [ "x,y,z","-x,-y,z","y,-x,-z","-y,x,-z","-y,-x+1/2,-z+1/2","y,x+1/2,-z+1/2","x,-y+1/2,z+1/2","-x,y+1/2,z+1/2","x+1/2,y+1/2,z","-x+1/2,-y+1/2,z","y+1/2,-x+1/2,-z","-y+1/2,x+1/2,-z","-y+1/2,-x,-z+1/2","y+1/2,x,-z+1/2","x+1/2,-y,z+1/2","-x+1/2,y,z+1/2" ],"hall": "?","hm": "C -4 c 21","id": "C_-4_c_21","jmolId": "114:c","set": 2,"sg": 114,"tm": "a-b,a+b,c","trm": "a-b,a+b,c","wpos": { "pos": [ { "desc": "1","geom": "general","label": "e","mult": 8 },{ "coord": [ "3/4,1/4,z","1/4,1/4,-z","1/4,1/4,-z+1/2","3/4,1/4,z+1/2" ],"desc": "2..","geom": "line","label": "d","mult": 4 },{ "coord": [ "0,0,z","0,0,-z","0,1/2,-z+1/2","0,1/2,z+1/2" ],"desc": "2..","geom": "line","label": "c","mult": 4 },{ "coord": [ "0,0,1/2","0,1/2,0" ],"desc": "-4..","geom": "point","label": "b","mult": 2 },{ "coord": [ "0,0,0","0,1/2,1/2" ],"desc": "-4..","geom": "point","label": "a","mult": 2 } ] } } ],"n": 2,"sg": 114 }