{ "its": [ { "cleg": "120","det": 1.0,"gen": [ "x,y,z","-x,-y,z","y,-x,-z","x,-y,z+1/2","x+1/2,y+1/2,z+1/2" ],"gp": [ "x,y,z","-x,-y,z","y,-x,-z","-y,x,-z","x,-y,z+1/2","-x,y,z+1/2","y,x,-z+1/2","-y,-x,-z+1/2","x+1/2,y+1/2,z+1/2","-x+1/2,-y+1/2,z+1/2","y+1/2,-x+1/2,-z+1/2","-y+1/2,x+1/2,-z+1/2","x+1/2,-y+1/2,z","-x+1/2,y+1/2,z","y+1/2,x+1/2,-z","-y+1/2,-x+1/2,-z" ],"hall": "I -4 -2c","hm": "I -4 c 2","id": "I_-4_c_2","jmolId": "120","set": 1,"sg": 120,"tm": "a,b,c","trm": "a,b,c","wpos": { "cent": [ "1/2,1/2,1/2" ],"pos": [ { "desc": "1","geom": "general","label": "i","mult": 16 },{ "coord": [ "x,x+1/2,0","-x,-x+1/2,0","x+1/2,-x,0","-x+1/2,x,0" ],"desc": "..2","geom": "line","label": "h","mult": 8 },{ "coord": [ "0,1/2,z","1/2,0,-z","0,1/2,z+1/2","1/2,0,-z+1/2" ],"desc": "2..","geom": "line","label": "g","mult": 8 },{ "coord": [ "0,0,z","0,0,-z","0,0,z+1/2","0,0,-z+1/2" ],"desc": "2..","geom": "line","label": "f","mult": 8 },{ "coord": [ "x,x,1/4","-x,-x,1/4","x,-x,3/4","-x,x,3/4" ],"desc": "..2","geom": "line","label": "e","mult": 8 },{ "coord": [ "0,1/2,0","1/2,0,0" ],"desc": "2.2 2","geom": "point","label": "d","mult": 4 },{ "coord": [ "0,1/2,1/4","0,1/2,3/4" ],"desc": "-4..","geom": "point","label": "c","mult": 4 },{ "coord": [ "0,0,0","0,0,1/2" ],"desc": "-4..","geom": "point","label": "b","mult": 4 },{ "coord": [ "0,0,1/4","0,0,3/4" ],"desc": "2.2 2","geom": "point","label": "a","mult": 4 } ] } },{ "cleg": "120:a-b,a+b,c","det": 2.0,"gen": [ "x,y,z","-x,-y,z","y,-x,-z","y,x,z+1/2","x,y+1/2,z+1/2","x+1/2,y+1/2,z","-x+1/2,-y+1/2,z","y+1/2,-x+1/2,-z","y+1/2,x+1/2,z+1/2","x+1/2,y,z+1/2" ],"gp": [ "x,y,z","-x,-y,z","y,-x,-z","-y,x,-z","y,x,z+1/2","-y,-x,z+1/2","-x,y,-z+1/2","x,-y,-z+1/2","x,y+1/2,z+1/2","-x,-y+1/2,z+1/2","y,-x+1/2,-z+1/2","-y,x+1/2,-z+1/2","y,x+1/2,z","-y,-x+1/2,z","-x,y+1/2,-z","x,-y+1/2,-z","x+1/2,y+1/2,z","-x+1/2,-y+1/2,z","y+1/2,-x+1/2,-z","-y+1/2,x+1/2,-z","y+1/2,x+1/2,z+1/2","-y+1/2,-x+1/2,z+1/2","-x+1/2,y+1/2,-z+1/2","x+1/2,-y+1/2,-z+1/2","x+1/2,y,z+1/2","-x+1/2,-y,z+1/2","y+1/2,-x,-z+1/2","-y+1/2,x,-z+1/2","y+1/2,x,z","-y+1/2,-x,z","-x+1/2,y,-z","x+1/2,-y,-z" ],"hall": "?","hm": "F -4 2 c","id": "F_-4_2_c","jmolId": "120:f","set": 2,"sg": 120,"tm": "a-b,a+b,c","trm": "a-b,a+b,c","wpos": { "cent": [ "0,1/2,1/2" ],"pos": [ { "desc": "1","geom": "general","label": "i","mult": 16 },{ "coord": [ "3/4,x+1/4,0","3/4,-x+1/4,0","x+1/4,1/4,0","-x+1/4,1/4,0" ],"desc": "..2","geom": "line","label": "h","mult": 8 },{ "coord": [ "3/4,1/4,z","1/4,1/4,-z","3/4,1/4,z+1/2","1/4,1/4,-z+1/2" ],"desc": "2..","geom": "line","label": "g","mult": 8 },{ "coord": [ "0,0,z","0,0,-z","0,0,z+1/2","0,0,-z+1/2" ],"desc": "2..","geom": "line","label": "f","mult": 8 },{ "coord": [ "0,x,1/4","0,-x,1/4","x,0,3/4","-x,0,3/4" ],"desc": "..2","geom": "line","label": "e","mult": 8 },{ "coord": [ "3/4,1/4,0","1/4,1/4,0" ],"desc": "2.2 2","geom": "point","label": "d","mult": 4 },{ "coord": [ "3/4,1/4,1/4","3/4,1/4,3/4" ],"desc": "-4..","geom": "point","label": "c","mult": 4 },{ "coord": [ "0,0,0","0,0,1/2" ],"desc": "-4..","geom": "point","label": "b","mult": 4 },{ "coord": [ "0,0,1/4","0,0,3/4" ],"desc": "2.2 2","geom": "point","label": "a","mult": 4 } ] } } ],"n": 2,"sg": 120 }