{ "its": [ { "cleg": "211","det": 1.0,"gen": [ "x,y,z","-x,-y,z","-x,y,-z","z,x,y","y,x,-z","x+1/2,y+1/2,z+1/2" ],"gp": [ "x,y,z","-x,-y,z","-x,y,-z","x,-y,-z","z,x,y","z,-x,-y","-z,-x,y","-z,x,-y","y,z,x","-y,z,-x","y,-z,-x","-y,-z,x","y,x,-z","-y,-x,-z","y,-x,z","-y,x,z","x,z,-y","-x,z,y","-x,-z,-y","x,-z,y","z,y,-x","z,-y,x","-z,y,x","-z,-y,-x","x+1/2,y+1/2,z+1/2","-x+1/2,-y+1/2,z+1/2","-x+1/2,y+1/2,-z+1/2","x+1/2,-y+1/2,-z+1/2","z+1/2,x+1/2,y+1/2","z+1/2,-x+1/2,-y+1/2","-z+1/2,-x+1/2,y+1/2","-z+1/2,x+1/2,-y+1/2","y+1/2,z+1/2,x+1/2","-y+1/2,z+1/2,-x+1/2","y+1/2,-z+1/2,-x+1/2","-y+1/2,-z+1/2,x+1/2","y+1/2,x+1/2,-z+1/2","-y+1/2,-x+1/2,-z+1/2","y+1/2,-x+1/2,z+1/2","-y+1/2,x+1/2,z+1/2","x+1/2,z+1/2,-y+1/2","-x+1/2,z+1/2,y+1/2","-x+1/2,-z+1/2,-y+1/2","x+1/2,-z+1/2,y+1/2","z+1/2,y+1/2,-x+1/2","z+1/2,-y+1/2,x+1/2","-z+1/2,y+1/2,x+1/2","-z+1/2,-y+1/2,-x+1/2" ],"hall": "I 4 2 3","hm": "I 4 3 2","id": "I_4_3_2","jmolId": "211","set": 1,"sg": 211,"tm": "a,b,c","trm": "a,b,c","wpos": { "cent": [ "1/2,1/2,1/2" ],"pos": [ { "desc": "1","geom": "general","label": "j","mult": 48 },{ "coord": [ "1/4,y,-y+1/2","3/4,-y,-y+1/2","3/4,y,y+1/2","1/4,-y,y+1/2","-y+1/2,1/4,y","-y+1/2,3/4,-y","y+1/2,3/4,y","y+1/2,1/4,-y","y,-y+1/2,1/4","-y,-y+1/2,3/4","y,y+1/2,3/4","-y,y+1/2,1/4" ],"desc": "..2","geom": "line","label": "i","mult": 24 },{ "coord": [ "0,y,y","0,-y,y","0,y,-y","0,-y,-y","y,0,y","y,0,-y","-y,0,y","-y,0,-y","y,y,0","-y,y,0","y,-y,0","-y,-y,0" ],"desc": "..2","geom": "line","label": "h","mult": 24 },{ "coord": [ "x,1/2,0","-x,1/2,0","0,x,1/2","0,-x,1/2","1/2,0,x","1/2,0,-x","1/2,x,0","1/2,-x,0","x,0,1/2","-x,0,1/2","0,1/2,-x","0,1/2,x" ],"desc": "2..","geom": "line","label": "g","mult": 24 },{ "coord": [ "x,x,x","-x,-x,x","-x,x,-x","x,-x,-x","x,x,-x","-x,-x,-x","x,-x,x","-x,x,x" ],"desc": ".3.","geom": "line","label": "f","mult": 16 },{ "coord": [ "x,0,0","-x,0,0","0,x,0","0,-x,0","0,0,x","0,0,-x" ],"desc": "4..","geom": "line","label": "e","mult": 12 },{ "coord": [ "1/4,1/2,0","3/4,1/2,0","0,1/4,1/2","0,3/4,1/2","1/2,0,1/4","1/2,0,3/4" ],"desc": "2.2 2","geom": "point","label": "d","mult": 12 },{ "coord": [ "1/4,1/4,1/4","3/4,3/4,1/4","3/4,1/4,3/4","1/4,3/4,3/4" ],"desc": ".32","geom": "point","label": "c","mult": 8 },{ "coord": [ "0,1/2,1/2","1/2,0,1/2","1/2,1/2,0" ],"desc": "42. 2","geom": "point","label": "b","mult": 6 },{ "coord": [ "0,0,0" ],"desc": "432","geom": "point","label": "a","mult": 2 } ] } } ],"n": 1,"sg": 211 }