{ "its": [ { "cleg": "74","det": 1.0,"gen": [ "x,y,z","-x,-y+1/2,z","-x,y+1/2,-z","-x,-y,-z","x+1/2,y+1/2,z+1/2" ],"gp": [ "x,y,z","-x,-y+1/2,z","-x,y+1/2,-z","x,-y,-z","-x,-y,-z","x,y+1/2,-z","x,-y+1/2,z","-x,y,z","x+1/2,y+1/2,z+1/2","-x+1/2,-y,z+1/2","-x+1/2,y,-z+1/2","x+1/2,-y+1/2,-z+1/2","-x+1/2,-y+1/2,-z+1/2","x+1/2,y,-z+1/2","x+1/2,-y,z+1/2","-x+1/2,y+1/2,z+1/2" ],"hall": "-I 2b 2","hm": "I m m a","id": "I_m_m_a","jmolId": "74","set": 1,"sg": 74,"tm": "a,b,c","trm": "a,b,c","wpos": { "cent": [ "1/2,1/2,1/2" ],"pos": [ { "desc": "1","geom": "general","label": "j","mult": 16 },{ "coord": [ "x,1/4,z","-x,1/4,z","-x,3/4,-z","x,3/4,-z" ],"desc": ".m.","geom": "plane","label": "i","mult": 8 },{ "coord": [ "0,y,z","0,-y+1/2,z","0,y+1/2,-z","0,-y,-z" ],"desc": "m..","geom": "plane","label": "h","mult": 8 },{ "coord": [ "1/4,y,1/4","3/4,-y+1/2,1/4","3/4,-y,3/4","1/4,y+1/2,3/4" ],"desc": ".2.","geom": "line","label": "g","mult": 8 },{ "coord": [ "x,0,0","-x,1/2,0","-x,0,0","x,1/2,0" ],"desc": "2..","geom": "line","label": "f","mult": 8 },{ "coord": [ "0,1/4,z","0,3/4,-z" ],"desc": "mm2","geom": "line","label": "e","mult": 4 },{ "coord": [ "1/4,1/4,3/4","3/4,1/4,3/4" ],"desc": ".2/m.","geom": "point","label": "d","mult": 4 },{ "coord": [ "1/4,1/4,1/4","3/4,1/4,1/4" ],"desc": ".2/m.","geom": "point","label": "c","mult": 4 },{ "coord": [ "0,0,1/2","0,1/2,1/2" ],"desc": "2/m..","geom": "point","label": "b","mult": 4 },{ "coord": [ "0,0,0","0,1/2,0" ],"desc": "2/m..","geom": "point","label": "a","mult": 4 } ] } },{ "cleg": "74:b,a,-c","det": 1.0,"gen": [ "x,y,z","-x+1/2,-y,z","x+1/2,-y,-z","-x,-y,-z","x+1/2,y+1/2,z+1/2" ],"gp": [ "x,y,z","-x+1/2,-y,z","x+1/2,-y,-z","-x,y,-z","-x,-y,-z","x+1/2,y,-z","-x+1/2,y,z","x,-y,z","x+1/2,y+1/2,z+1/2","-x,-y+1/2,z+1/2","x,-y+1/2,-z+1/2","-x+1/2,y+1/2,-z+1/2","-x+1/2,-y+1/2,-z+1/2","x,y+1/2,-z+1/2","-x,y+1/2,z+1/2","x+1/2,-y+1/2,z+1/2" ],"hall": "-I 2a 2a","hm": "I m m b","id": "I_m_m_b","jmolId": "74:ba-c","set": 2,"sg": 74,"tm": "b,a,-c","trm": "b,a,-c","wpos": { "cent": [ "1/2,1/2,1/2" ],"pos": [ { "desc": "1","geom": "general","label": "j","mult": 16 },{ "coord": [ "1/4,x,-z","1/4,-x,-z","3/4,-x,z","3/4,x,z" ],"desc": ".m.","geom": "plane","label": "i","mult": 8 },{ "coord": [ "y,0,-z","-y+1/2,0,-z","y+1/2,0,z","-y,0,z" ],"desc": "m..","geom": "plane","label": "h","mult": 8 },{ "coord": [ "y,1/4,3/4","-y+1/2,3/4,3/4","-y,3/4,1/4","y+1/2,1/4,1/4" ],"desc": ".2.","geom": "line","label": "g","mult": 8 },{ "coord": [ "0,x,0","1/2,-x,0","0,-x,0","1/2,x,0" ],"desc": "2..","geom": "line","label": "f","mult": 8 },{ "coord": [ "1/4,0,-z","3/4,0,z" ],"desc": "mm2","geom": "line","label": "e","mult": 4 },{ "coord": [ "1/4,1/4,1/4","1/4,3/4,1/4" ],"desc": ".2/m.","geom": "point","label": "d","mult": 4 },{ "coord": [ "1/4,1/4,3/4","1/4,3/4,3/4" ],"desc": ".2/m.","geom": "point","label": "c","mult": 4 },{ "coord": [ "0,0,1/2","1/2,0,1/2" ],"desc": "2/m..","geom": "point","label": "b","mult": 4 },{ "coord": [ "0,0,0","1/2,0,0" ],"desc": "2/m..","geom": "point","label": "a","mult": 4 } ] } },{ "cleg": "74:c,a,b","det": 1.0,"gen": [ "x,y,z","x,-y,-z+1/2","-x,-y,z+1/2","-x,-y,-z","x+1/2,y+1/2,z+1/2" ],"gp": [ "x,y,z","x,-y,-z+1/2","-x,-y,z+1/2","-x,y,-z","-x,-y,-z","-x,y,z+1/2","x,y,-z+1/2","x,-y,z","x+1/2,y+1/2,z+1/2","x+1/2,-y+1/2,-z","-x+1/2,-y+1/2,z","-x+1/2,y+1/2,-z+1/2","-x+1/2,-y+1/2,-z+1/2","-x+1/2,y+1/2,z","x+1/2,y+1/2,-z","x+1/2,-y+1/2,z+1/2" ],"hall": "-I 2c 2c","hm": "I b m m","id": "I_b_m_m","jmolId": "74:cab","set": 3,"sg": 74,"tm": "c,a,b","trm": "c,a,b","wpos": { "cent": [ "1/2,1/2,1/2" ],"pos": [ { "desc": "1","geom": "general","label": "j","mult": 16 },{ "coord": [ "z,x,1/4","z,-x,1/4","-z,-x,3/4","-z,x,3/4" ],"desc": ".m.","geom": "plane","label": "i","mult": 8 },{ "coord": [ "z,0,y","z,0,-y+1/2","-z,0,y+1/2","-z,0,-y" ],"desc": "m..","geom": "plane","label": "h","mult": 8 },{ "coord": [ "1/4,1/4,y","1/4,3/4,-y+1/2","3/4,3/4,-y","3/4,1/4,y+1/2" ],"desc": ".2.","geom": "line","label": "g","mult": 8 },{ "coord": [ "0,x,0","0,-x,1/2","0,-x,0","0,x,1/2" ],"desc": "2..","geom": "line","label": "f","mult": 8 },{ "coord": [ "z,0,1/4","-z,0,3/4" ],"desc": "mm2","geom": "line","label": "e","mult": 4 },{ "coord": [ "3/4,1/4,1/4","3/4,3/4,1/4" ],"desc": ".2/m.","geom": "point","label": "d","mult": 4 },{ "coord": [ "1/4,1/4,1/4","1/4,3/4,1/4" ],"desc": ".2/m.","geom": "point","label": "c","mult": 4 },{ "coord": [ "1/2,0,0","1/2,0,1/2" ],"desc": "2/m..","geom": "point","label": "b","mult": 4 },{ "coord": [ "0,0,0","0,0,1/2" ],"desc": "2/m..","geom": "point","label": "a","mult": 4 } ] } },{ "cleg": "74:-c,b,a","det": 1.0,"gen": [ "x,y,z","x,-y+1/2,-z","-x,y+1/2,-z","-x,-y,-z","x+1/2,y+1/2,z+1/2" ],"gp": [ "x,y,z","x,-y+1/2,-z","-x,y+1/2,-z","-x,-y,z","-x,-y,-z","-x,y+1/2,z","x,-y+1/2,z","x,y,-z","x+1/2,y+1/2,z+1/2","x+1/2,-y,-z+1/2","-x+1/2,y,-z+1/2","-x+1/2,-y+1/2,z+1/2","-x+1/2,-y+1/2,-z+1/2","-x+1/2,y,z+1/2","x+1/2,-y,z+1/2","x+1/2,y+1/2,-z+1/2" ],"hall": "-I 2 2b","hm": "I c m m","id": "I_c_m_m","jmolId": "74:-cba","set": 4,"sg": 74,"tm": "-c,b,a","trm": "-c,b,a","wpos": { "cent": [ "1/2,1/2,1/2" ],"pos": [ { "desc": "1","geom": "general","label": "j","mult": 16 },{ "coord": [ "-z,1/4,x","-z,1/4,-x","z,3/4,-x","z,3/4,x" ],"desc": ".m.","geom": "plane","label": "i","mult": 8 },{ "coord": [ "-z,y,0","-z,-y+1/2,0","z,y+1/2,0","z,-y,0" ],"desc": "m..","geom": "plane","label": "h","mult": 8 },{ "coord": [ "3/4,y,1/4","3/4,-y+1/2,3/4","1/4,-y,3/4","1/4,y+1/2,1/4" ],"desc": ".2.","geom": "line","label": "g","mult": 8 },{ "coord": [ "0,0,x","0,1/2,-x","0,0,-x","0,1/2,x" ],"desc": "2..","geom": "line","label": "f","mult": 8 },{ "coord": [ "-z,1/4,0","z,3/4,0" ],"desc": "mm2","geom": "line","label": "e","mult": 4 },{ "coord": [ "1/4,1/4,1/4","1/4,1/4,3/4" ],"desc": ".2/m.","geom": "point","label": "d","mult": 4 },{ "coord": [ "3/4,1/4,1/4","3/4,1/4,3/4" ],"desc": ".2/m.","geom": "point","label": "c","mult": 4 },{ "coord": [ "1/2,0,0","1/2,1/2,0" ],"desc": "2/m..","geom": "point","label": "b","mult": 4 },{ "coord": [ "0,0,0","0,1/2,0" ],"desc": "2/m..","geom": "point","label": "a","mult": 4 } ] } },{ "cleg": "74:b,c,a","det": 1.0,"gen": [ "x,y,z","-x+1/2,y,-z","x+1/2,-y,-z","-x,-y,-z","x+1/2,y+1/2,z+1/2" ],"gp": [ "x,y,z","-x+1/2,y,-z","x+1/2,-y,-z","-x,-y,z","-x,-y,-z","x+1/2,-y,z","-x+1/2,y,z","x,y,-z","x+1/2,y+1/2,z+1/2","-x,y+1/2,-z+1/2","x,-y+1/2,-z+1/2","-x+1/2,-y+1/2,z+1/2","-x+1/2,-y+1/2,-z+1/2","x,-y+1/2,z+1/2","-x,y+1/2,z+1/2","x+1/2,y+1/2,-z+1/2" ],"hall": "-I 2 2a","hm": "I m c m","id": "I_m_c_m","jmolId": "74:bca","set": 5,"sg": 74,"tm": "b,c,a","trm": "b,c,a","wpos": { "cent": [ "1/2,1/2,1/2" ],"pos": [ { "desc": "1","geom": "general","label": "j","mult": 16 },{ "coord": [ "1/4,z,x","1/4,z,-x","3/4,-z,-x","3/4,-z,x" ],"desc": ".m.","geom": "plane","label": "i","mult": 8 },{ "coord": [ "y,z,0","-y+1/2,z,0","y+1/2,-z,0","-y,-z,0" ],"desc": "m..","geom": "plane","label": "h","mult": 8 },{ "coord": [ "y,1/4,1/4","-y+1/2,1/4,3/4","-y,3/4,3/4","y+1/2,3/4,1/4" ],"desc": ".2.","geom": "line","label": "g","mult": 8 },{ "coord": [ "0,0,x","1/2,0,-x","0,0,-x","1/2,0,x" ],"desc": "2..","geom": "line","label": "f","mult": 8 },{ "coord": [ "1/4,z,0","3/4,-z,0" ],"desc": "mm2","geom": "line","label": "e","mult": 4 },{ "coord": [ "1/4,3/4,1/4","1/4,3/4,3/4" ],"desc": ".2/m.","geom": "point","label": "d","mult": 4 },{ "coord": [ "1/4,1/4,1/4","1/4,1/4,3/4" ],"desc": ".2/m.","geom": "point","label": "c","mult": 4 },{ "coord": [ "0,1/2,0","1/2,1/2,0" ],"desc": "2/m..","geom": "point","label": "b","mult": 4 },{ "coord": [ "0,0,0","1/2,0,0" ],"desc": "2/m..","geom": "point","label": "a","mult": 4 } ] } },{ "cleg": "74:a,-c,b","det": 1.0,"gen": [ "x,y,z","-x,y,-z+1/2","-x,-y,z+1/2","-x,-y,-z","x+1/2,y+1/2,z+1/2" ],"gp": [ "x,y,z","-x,y,-z+1/2","-x,-y,z+1/2","x,-y,-z","-x,-y,-z","x,-y,z+1/2","x,y,-z+1/2","-x,y,z","x+1/2,y+1/2,z+1/2","-x+1/2,y+1/2,-z","-x+1/2,-y+1/2,z","x+1/2,-y+1/2,-z+1/2","-x+1/2,-y+1/2,-z+1/2","x+1/2,-y+1/2,z","x+1/2,y+1/2,-z","-x+1/2,y+1/2,z+1/2" ],"hall": "-I 2c 2","hm": "I m a m","id": "I_m_a_m","jmolId": "74:a-cb","set": 6,"sg": 74,"tm": "a,-c,b","trm": "a,-c,b","wpos": { "cent": [ "1/2,1/2,1/2" ],"pos": [ { "desc": "1","geom": "general","label": "j","mult": 16 },{ "coord": [ "x,-z,1/4","-x,-z,1/4","-x,z,3/4","x,z,3/4" ],"desc": ".m.","geom": "plane","label": "i","mult": 8 },{ "coord": [ "0,-z,y","0,-z,-y+1/2","0,z,y+1/2","0,z,-y" ],"desc": "m..","geom": "plane","label": "h","mult": 8 },{ "coord": [ "1/4,3/4,y","3/4,3/4,-y+1/2","3/4,1/4,-y","1/4,1/4,y+1/2" ],"desc": ".2.","geom": "line","label": "g","mult": 8 },{ "coord": [ "x,0,0","-x,0,1/2","-x,0,0","x,0,1/2" ],"desc": "2..","geom": "line","label": "f","mult": 8 },{ "coord": [ "0,-z,1/4","0,z,3/4" ],"desc": "mm2","geom": "line","label": "e","mult": 4 },{ "coord": [ "1/4,1/4,1/4","3/4,1/4,1/4" ],"desc": ".2/m.","geom": "point","label": "d","mult": 4 },{ "coord": [ "1/4,3/4,1/4","3/4,3/4,1/4" ],"desc": ".2/m.","geom": "point","label": "c","mult": 4 },{ "coord": [ "0,1/2,0","0,1/2,1/2" ],"desc": "2/m..","geom": "point","label": "b","mult": 4 },{ "coord": [ "0,0,0","0,0,1/2" ],"desc": "2/m..","geom": "point","label": "a","mult": 4 } ] } } ],"n": 6,"sg": 74 }