{ "its": [ { "cleg": "143","det": 1.0,"gen": [ "x,y,z","-y,x-y,z" ],"gp": [ "x,y,z","-y,x-y,z","-x+y,-x,z" ],"hall": "P 3","hm": "P 3","id": "P_3","jmolId": "143","set": 1,"sg": 143,"tm": "a,b,c","trm": "a,b,c","wpos": { "pos": [ { "desc": "1","geom": "general","label": "d","mult": 3 },{ "coord": [ "2/3,1/3,z" ],"desc": "3..","geom": "line","label": "c","mult": 1 },{ "coord": [ "1/3,2/3,z" ],"desc": "3..","geom": "line","label": "b","mult": 1 },{ "coord": [ "0,0,z" ],"desc": "3..","geom": "line","label": "a","mult": 1 } ] } } ],"n": 1,"sg": 143 }