{ "its": [ { "cleg": "12","det": 1.0,"gen": [ "x,y,z","-x,y,-z","-x,-y,-z","x+1/2,y+1/2,z" ],"gp": [ "x,y,z","-x,y,-z","-x,-y,-z","x,-y,z","x+1/2,y+1/2,z","-x+1/2,y+1/2,-z","-x+1/2,-y+1/2,-z","x+1/2,-y+1/2,z" ],"hall": "-C 2y","hm": "C 1 2/m 1","id": "C_1_2/m_1","jmolId": "12:b1","set": 1,"sg": 12,"tm": "a,b,c","trm": "a,b,c","wpos": { "cent": [ "1/2,1/2,0" ],"pos": [ { "desc": "1","geom": "general","label": "j","mult": 8 },{ "coord": [ "x,0,z","-x,0,-z" ],"desc": "m","geom": "plane","label": "i","mult": 4 },{ "coord": [ "0,y,1/2","0,-y,1/2" ],"desc": "2","geom": "line","label": "h","mult": 4 },{ "coord": [ "0,y,0","0,-y,0" ],"desc": "2","geom": "line","label": "g","mult": 4 },{ "coord": [ "1/4,1/4,1/2","3/4,1/4,1/2" ],"desc": "-1","geom": "point","label": "f","mult": 4 },{ "coord": [ "1/4,1/4,0","3/4,1/4,0" ],"desc": "-1","geom": "point","label": "e","mult": 4 },{ "coord": [ "0,1/2,1/2" ],"desc": "2/m","geom": "point","label": "d","mult": 2 },{ "coord": [ "0,0,1/2" ],"desc": "2/m","geom": "point","label": "c","mult": 2 },{ "coord": [ "0,1/2,0" ],"desc": "2/m","geom": "point","label": "b","mult": 2 },{ "coord": [ "0,0,0" ],"desc": "2/m","geom": "point","label": "a","mult": 2 } ] } },{ "cleg": "12:-a-c,b,a","det": 1.0,"gen": [ "x,y,z","-x,y,-z","-x,-y,-z","x,y+1/2,z+1/2" ],"gp": [ "x,y,z","-x,y,-z","-x,-y,-z","x,-y,z","x,y+1/2,z+1/2","-x,y+1/2,-z+1/2","-x,-y+1/2,-z+1/2","x,-y+1/2,z+1/2" ],"hall": "-A 2y","hm": "A 1 2/m 1","id": "A_1_2/m_1","jmolId": "12:b2","set": 2,"sg": 12,"tm": "-a-c,b,a","trm": "-a-c,b,a","wpos": { "cent": [ "0,1/2,1/2" ],"pos": [ { "desc": "1","geom": "general","label": "j","mult": 8 },{ "coord": [ "-z,0,x-z","z,0,-x+z" ],"desc": "m","geom": "plane","label": "i","mult": 4 },{ "coord": [ "1/2,y,1/2","1/2,-y,1/2" ],"desc": "2","geom": "line","label": "h","mult": 4 },{ "coord": [ "0,y,0","0,-y,0" ],"desc": "2","geom": "line","label": "g","mult": 4 },{ "coord": [ "1/2,1/4,3/4","1/2,1/4,1/4" ],"desc": "-1","geom": "point","label": "f","mult": 4 },{ "coord": [ "0,1/4,1/4","0,1/4,3/4" ],"desc": "-1","geom": "point","label": "e","mult": 4 },{ "coord": [ "1/2,1/2,1/2" ],"desc": "2/m","geom": "point","label": "d","mult": 2 },{ "coord": [ "1/2,0,1/2" ],"desc": "2/m","geom": "point","label": "c","mult": 2 },{ "coord": [ "0,1/2,0" ],"desc": "2/m","geom": "point","label": "b","mult": 2 },{ "coord": [ "0,0,0" ],"desc": "2/m","geom": "point","label": "a","mult": 2 } ] } },{ "cleg": "12:c,b,-a-c","det": 1.0,"gen": [ "x,y,z","-x,y,-z","-x,-y,-z","x+1/2,y+1/2,z+1/2" ],"gp": [ "x,y,z","-x,y,-z","-x,-y,-z","x,-y,z","x+1/2,y+1/2,z+1/2","-x+1/2,y+1/2,-z+1/2","-x+1/2,-y+1/2,-z+1/2","x+1/2,-y+1/2,z+1/2" ],"hall": "-I 2y","hm": "I 1 2/m 1","id": "I_1_2/m_1","jmolId": "12:b3","set": 3,"sg": 12,"tm": "c,b,-a-c","trm": "c,b,-a-c","wpos": { "cent": [ "1/2,1/2,1/2" ],"pos": [ { "desc": "1","geom": "general","label": "j","mult": 8 },{ "coord": [ "-x+z,0,-x","x-z,0,x" ],"desc": "m","geom": "plane","label": "i","mult": 4 },{ "coord": [ "1/2,y,0","1/2,-y,0" ],"desc": "2","geom": "line","label": "h","mult": 4 },{ "coord": [ "0,y,0","0,-y,0" ],"desc": "2","geom": "line","label": "g","mult": 4 },{ "coord": [ "1/4,1/4,3/4","3/4,1/4,1/4" ],"desc": "-1","geom": "point","label": "f","mult": 4 },{ "coord": [ "3/4,1/4,3/4","1/4,1/4,1/4" ],"desc": "-1","geom": "point","label": "e","mult": 4 },{ "coord": [ "1/2,1/2,0" ],"desc": "2/m","geom": "point","label": "d","mult": 2 },{ "coord": [ "1/2,0,0" ],"desc": "2/m","geom": "point","label": "c","mult": 2 },{ "coord": [ "0,1/2,0" ],"desc": "2/m","geom": "point","label": "b","mult": 2 },{ "coord": [ "0,0,0" ],"desc": "2/m","geom": "point","label": "a","mult": 2 } ] } },{ "cleg": "12:c,a,b","det": 1.0,"gen": [ "x,y,z","-x,-y,z","-x,-y,-z","x,y+1/2,z+1/2" ],"gp": [ "x,y,z","-x,-y,z","-x,-y,-z","x,y,-z","x,y+1/2,z+1/2","-x,-y+1/2,z+1/2","-x,-y+1/2,-z+1/2","x,y+1/2,-z+1/2" ],"hall": "-A 2","hm": "A 1 1 2/m","id": "A_1_1_2/m","jmolId": "12:c1","set": 4,"sg": 12,"tm": "c,a,b","trm": "c,a,b","wpos": { "cent": [ "0,1/2,1/2" ],"pos": [ { "desc": "1","geom": "general","label": "j","mult": 8 },{ "coord": [ "z,x,0","-z,-x,0" ],"desc": "m","geom": "plane","label": "i","mult": 4 },{ "coord": [ "1/2,0,y","1/2,0,-y" ],"desc": "2","geom": "line","label": "h","mult": 4 },{ "coord": [ "0,0,y","0,0,-y" ],"desc": "2","geom": "line","label": "g","mult": 4 },{ "coord": [ "1/2,1/4,1/4","1/2,3/4,1/4" ],"desc": "-1","geom": "point","label": "f","mult": 4 },{ "coord": [ "0,1/4,1/4","0,3/4,1/4" ],"desc": "-1","geom": "point","label": "e","mult": 4 },{ "coord": [ "1/2,0,1/2" ],"desc": "2/m","geom": "point","label": "d","mult": 2 },{ "coord": [ "1/2,0,0" ],"desc": "2/m","geom": "point","label": "c","mult": 2 },{ "coord": [ "0,0,1/2" ],"desc": "2/m","geom": "point","label": "b","mult": 2 },{ "coord": [ "0,0,0" ],"desc": "2/m","geom": "point","label": "a","mult": 2 } ] } },{ "cleg": "12:a,-a-c,b","det": 1.0,"gen": [ "x,y,z","-x,-y,z","-x,-y,-z","x+1/2,y,z+1/2" ],"gp": [ "x,y,z","-x,-y,z","-x,-y,-z","x,y,-z","x+1/2,y,z+1/2","-x+1/2,-y,z+1/2","-x+1/2,-y,-z+1/2","x+1/2,y,-z+1/2" ],"hall": "-B 2","hm": "B 1 1 2/m","id": "B_1_1_2/m","jmolId": "12:c2","set": 5,"sg": 12,"tm": "a,-a-c,b","trm": "a,-a-c,b","wpos": { "cent": [ "1/2,0,1/2" ],"pos": [ { "desc": "1","geom": "general","label": "j","mult": 8 },{ "coord": [ "x-z,-z,0","-x+z,z,0" ],"desc": "m","geom": "plane","label": "i","mult": 4 },{ "coord": [ "1/2,1/2,y","1/2,1/2,-y" ],"desc": "2","geom": "line","label": "h","mult": 4 },{ "coord": [ "0,0,y","0,0,-y" ],"desc": "2","geom": "line","label": "g","mult": 4 },{ "coord": [ "3/4,1/2,1/4","1/4,1/2,1/4" ],"desc": "-1","geom": "point","label": "f","mult": 4 },{ "coord": [ "1/4,0,1/4","3/4,0,1/4" ],"desc": "-1","geom": "point","label": "e","mult": 4 },{ "coord": [ "1/2,1/2,1/2" ],"desc": "2/m","geom": "point","label": "d","mult": 2 },{ "coord": [ "1/2,1/2,0" ],"desc": "2/m","geom": "point","label": "c","mult": 2 },{ "coord": [ "0,0,1/2" ],"desc": "2/m","geom": "point","label": "b","mult": 2 },{ "coord": [ "0,0,0" ],"desc": "2/m","geom": "point","label": "a","mult": 2 } ] } },{ "cleg": "12:-a-c,c,b","det": 1.0,"gen": [ "x,y,z","-x,-y,z","-x,-y,-z","x+1/2,y+1/2,z+1/2" ],"gp": [ "x,y,z","-x,-y,z","-x,-y,-z","x,y,-z","x+1/2,y+1/2,z+1/2","-x+1/2,-y+1/2,z+1/2","-x+1/2,-y+1/2,-z+1/2","x+1/2,y+1/2,-z+1/2" ],"hall": "-I 2","hm": "I 1 1 2/m","id": "I_1_1_2/m","jmolId": "12:c3","set": 6,"sg": 12,"tm": "-a-c,c,b","trm": "-a-c,c,b","wpos": { "cent": [ "1/2,1/2,1/2" ],"pos": [ { "desc": "1","geom": "general","label": "j","mult": 8 },{ "coord": [ "-x,-x+z,0","x,x-z,0" ],"desc": "m","geom": "plane","label": "i","mult": 4 },{ "coord": [ "0,1/2,y","0,1/2,-y" ],"desc": "2","geom": "line","label": "h","mult": 4 },{ "coord": [ "0,0,y","0,0,-y" ],"desc": "2","geom": "line","label": "g","mult": 4 },{ "coord": [ "3/4,1/4,1/4","1/4,3/4,1/4" ],"desc": "-1","geom": "point","label": "f","mult": 4 },{ "coord": [ "3/4,3/4,1/4","1/4,1/4,1/4" ],"desc": "-1","geom": "point","label": "e","mult": 4 },{ "coord": [ "0,1/2,1/2" ],"desc": "2/m","geom": "point","label": "d","mult": 2 },{ "coord": [ "0,1/2,0" ],"desc": "2/m","geom": "point","label": "c","mult": 2 },{ "coord": [ "0,0,1/2" ],"desc": "2/m","geom": "point","label": "b","mult": 2 },{ "coord": [ "0,0,0" ],"desc": "2/m","geom": "point","label": "a","mult": 2 } ] } },{ "cleg": "12:b,c,a","det": 1.0,"gen": [ "x,y,z","x,-y,-z","-x,-y,-z","x+1/2,y,z+1/2" ],"gp": [ "x,y,z","x,-y,-z","-x,-y,-z","-x,y,z","x+1/2,y,z+1/2","x+1/2,-y,-z+1/2","-x+1/2,-y,-z+1/2","-x+1/2,y,z+1/2" ],"hall": "-B 2x","hm": "B 2/m 1 1","id": "B_2/m_1_1","jmolId": "12:a1","set": 7,"sg": 12,"tm": "b,c,a","trm": "b,c,a","wpos": { "cent": [ "1/2,0,1/2" ],"pos": [ { "desc": "1","geom": "general","label": "j","mult": 8 },{ "coord": [ "0,z,x","0,-z,-x" ],"desc": "m","geom": "plane","label": "i","mult": 4 },{ "coord": [ "y,1/2,0","-y,1/2,0" ],"desc": "2","geom": "line","label": "h","mult": 4 },{ "coord": [ "y,0,0","-y,0,0" ],"desc": "2","geom": "line","label": "g","mult": 4 },{ "coord": [ "1/4,1/2,1/4","1/4,1/2,3/4" ],"desc": "-1","geom": "point","label": "f","mult": 4 },{ "coord": [ "1/4,0,1/4","1/4,0,3/4" ],"desc": "-1","geom": "point","label": "e","mult": 4 },{ "coord": [ "1/2,1/2,0" ],"desc": "2/m","geom": "point","label": "d","mult": 2 },{ "coord": [ "0,1/2,0" ],"desc": "2/m","geom": "point","label": "c","mult": 2 },{ "coord": [ "1/2,0,0" ],"desc": "2/m","geom": "point","label": "b","mult": 2 },{ "coord": [ "0,0,0" ],"desc": "2/m","geom": "point","label": "a","mult": 2 } ] } },{ "cleg": "12:b,a,-a-c","det": 1.0,"gen": [ "x,y,z","x,-y,-z","-x,-y,-z","x+1/2,y+1/2,z" ],"gp": [ "x,y,z","x,-y,-z","-x,-y,-z","-x,y,z","x+1/2,y+1/2,z","x+1/2,-y+1/2,-z","-x+1/2,-y+1/2,-z","-x+1/2,y+1/2,z" ],"hall": "-C 2x","hm": "C 2/m 1 1","id": "C_2/m_1_1","jmolId": "12:a2","set": 8,"sg": 12,"tm": "b,a,-a-c","trm": "b,a,-a-c","wpos": { "cent": [ "1/2,1/2,0" ],"pos": [ { "desc": "1","geom": "general","label": "j","mult": 8 },{ "coord": [ "0,x-z,-z","0,-x+z,z" ],"desc": "m","geom": "plane","label": "i","mult": 4 },{ "coord": [ "y,1/2,1/2","-y,1/2,1/2" ],"desc": "2","geom": "line","label": "h","mult": 4 },{ "coord": [ "y,0,0","-y,0,0" ],"desc": "2","geom": "line","label": "g","mult": 4 },{ "coord": [ "1/4,3/4,1/2","1/4,1/4,1/2" ],"desc": "-1","geom": "point","label": "f","mult": 4 },{ "coord": [ "1/4,1/4,0","1/4,3/4,0" ],"desc": "-1","geom": "point","label": "e","mult": 4 },{ "coord": [ "1/2,1/2,1/2" ],"desc": "2/m","geom": "point","label": "d","mult": 2 },{ "coord": [ "0,1/2,1/2" ],"desc": "2/m","geom": "point","label": "c","mult": 2 },{ "coord": [ "1/2,0,0" ],"desc": "2/m","geom": "point","label": "b","mult": 2 },{ "coord": [ "0,0,0" ],"desc": "2/m","geom": "point","label": "a","mult": 2 } ] } },{ "cleg": "12:b,-a-c,c","det": 1.0,"gen": [ "x,y,z","x,-y,-z","-x,-y,-z","x+1/2,y+1/2,z+1/2" ],"gp": [ "x,y,z","x,-y,-z","-x,-y,-z","-x,y,z","x+1/2,y+1/2,z+1/2","x+1/2,-y+1/2,-z+1/2","-x+1/2,-y+1/2,-z+1/2","-x+1/2,y+1/2,z+1/2" ],"hall": "-I 2x","hm": "I 2/m 1 1","id": "I_2/m_1_1","jmolId": "12:a3","set": 9,"sg": 12,"tm": "b,-a-c,c","trm": "b,-a-c,c","wpos": { "cent": [ "1/2,1/2,1/2" ],"pos": [ { "desc": "1","geom": "general","label": "j","mult": 8 },{ "coord": [ "0,-x,-x+z","0,x,x-z" ],"desc": "m","geom": "plane","label": "i","mult": 4 },{ "coord": [ "y,0,1/2","-y,0,1/2" ],"desc": "2","geom": "line","label": "h","mult": 4 },{ "coord": [ "y,0,0","-y,0,0" ],"desc": "2","geom": "line","label": "g","mult": 4 },{ "coord": [ "1/4,3/4,1/4","1/4,1/4,3/4" ],"desc": "-1","geom": "point","label": "f","mult": 4 },{ "coord": [ "1/4,3/4,3/4","1/4,1/4,1/4" ],"desc": "-1","geom": "point","label": "e","mult": 4 },{ "coord": [ "1/2,0,1/2" ],"desc": "2/m","geom": "point","label": "d","mult": 2 },{ "coord": [ "0,0,1/2" ],"desc": "2/m","geom": "point","label": "c","mult": 2 },{ "coord": [ "1/2,0,0" ],"desc": "2/m","geom": "point","label": "b","mult": 2 },{ "coord": [ "0,0,0" ],"desc": "2/m","geom": "point","label": "a","mult": 2 } ] } } ],"n": 9,"sg": 12 }