{ "its": [ { "cleg": "191","det": 1.0,"gen": [ "x,y,z","-y,x-y,z","-x,-y,z","y,x,-z","-x,-y,-z" ],"gp": [ "x,y,z","-y,x-y,z","-x+y,-x,z","-x,-y,z","y,-x+y,z","x-y,x,z","y,x,-z","x-y,-y,-z","-x,-x+y,-z","-y,-x,-z","-x+y,y,-z","x,x-y,-z","-x,-y,-z","y,-x+y,-z","x-y,x,-z","x,y,-z","-y,x-y,-z","-x+y,-x,-z","-y,-x,z","-x+y,y,z","x,x-y,z","y,x,z","x-y,-y,z","-x,-x+y,z" ],"hall": "-P 6 2","hm": "P 6/m m m","id": "P_6/m_m_m","jmolId": "191","set": 1,"sg": 191,"tm": "a,b,c","trm": "a,b,c","wpos": { "pos": [ { "desc": "1","geom": "general","label": "r","mult": 24 },{ "coord": [ "x,y,1/2","-y,x-y,1/2","-x+y,-x,1/2","-x,-y,1/2","y,-x+y,1/2","x-y,x,1/2","y,x,1/2","x-y,-y,1/2","-x,-x+y,1/2","-y,-x,1/2","-x+y,y,1/2","x,x-y,1/2" ],"desc": "m..","geom": "plane","label": "q","mult": 12 },{ "coord": [ "x,y,0","-y,x-y,0","-x+y,-x,0","-x,-y,0","y,-x+y,0","x-y,x,0","y,x,0","x-y,-y,0","-x,-x+y,0","-y,-x,0","-x+y,y,0","x,x-y,0" ],"desc": "m..","geom": "plane","label": "p","mult": 12 },{ "coord": [ "x,2x,z","-2x,-x,z","x,-x,z","-x,-2x,z","2x,x,z","-x,x,z","2x,x,-z","-x,-2x,-z","-x,x,-z","-2x,-x,-z","x,2x,-z","x,-x,-z" ],"desc": ".m.","geom": "plane","label": "o","mult": 12 },{ "coord": [ "x,0,z","0,x,z","-x,-x,z","-x,0,z","0,-x,z","x,x,z","0,x,-z","x,0,-z","-x,-x,-z","0,-x,-z","-x,0,-z","x,x,-z" ],"desc": "..m","geom": "plane","label": "n","mult": 12 },{ "coord": [ "x,2x,1/2","-2x,-x,1/2","x,-x,1/2","-x,-2x,1/2","2x,x,1/2","-x,x,1/2" ],"desc": "mm2","geom": "line","label": "m","mult": 6 },{ "coord": [ "x,2x,0","-2x,-x,0","x,-x,0","-x,-2x,0","2x,x,0","-x,x,0" ],"desc": "mm2","geom": "line","label": "l","mult": 6 },{ "coord": [ "x,0,1/2","0,x,1/2","-x,-x,1/2","-x,0,1/2","0,-x,1/2","x,x,1/2" ],"desc": "m2m","geom": "line","label": "k","mult": 6 },{ "coord": [ "x,0,0","0,x,0","-x,-x,0","-x,0,0","0,-x,0","x,x,0" ],"desc": "m2m","geom": "line","label": "j","mult": 6 },{ "coord": [ "1/2,0,z","0,1/2,z","1/2,1/2,z","0,1/2,-z","1/2,0,-z","1/2,1/2,-z" ],"desc": "2mm","geom": "line","label": "i","mult": 6 },{ "coord": [ "1/3,2/3,z","2/3,1/3,z","2/3,1/3,-z","1/3,2/3,-z" ],"desc": "3m.","geom": "line","label": "h","mult": 4 },{ "coord": [ "1/2,0,1/2","0,1/2,1/2","1/2,1/2,1/2" ],"desc": "mmm","geom": "point","label": "g","mult": 3 },{ "coord": [ "1/2,0,0","0,1/2,0","1/2,1/2,0" ],"desc": "mmm","geom": "point","label": "f","mult": 3 },{ "coord": [ "0,0,z","0,0,-z" ],"desc": "6mm","geom": "line","label": "e","mult": 2 },{ "coord": [ "1/3,2/3,1/2","2/3,1/3,1/2" ],"desc": "-6m2","geom": "point","label": "d","mult": 2 },{ "coord": [ "1/3,2/3,0","2/3,1/3,0" ],"desc": "-6m2","geom": "point","label": "c","mult": 2 },{ "coord": [ "0,0,1/2" ],"desc": "6/mmm","geom": "point","label": "b","mult": 1 },{ "coord": [ "0,0,0" ],"desc": "6/mmm","geom": "point","label": "a","mult": 1 } ] } } ],"n": 1,"sg": 191 }