{ "its": [ { "cleg": "184","det": 1.0,"gen": [ "x,y,z","-y,x-y,z","-x,-y,z","-y,-x,z+1/2" ],"gp": [ "x,y,z","-y,x-y,z","-x+y,-x,z","-x,-y,z","y,-x+y,z","x-y,x,z","-y,-x,z+1/2","-x+y,y,z+1/2","x,x-y,z+1/2","y,x,z+1/2","x-y,-y,z+1/2","-x,-x+y,z+1/2" ],"hall": "P 6 -2c","hm": "P 6 c c","id": "P_6_c_c","jmolId": "184","set": 1,"sg": 184,"tm": "a,b,c","trm": "a,b,c","wpos": { "pos": [ { "desc": "1","geom": "general","label": "d","mult": 12 },{ "coord": [ "1/2,0,z","0,1/2,z","1/2,1/2,z","0,1/2,z+1/2","1/2,0,z+1/2","1/2,1/2,z+1/2" ],"desc": "2..","geom": "line","label": "c","mult": 6 },{ "coord": [ "1/3,2/3,z","2/3,1/3,z","1/3,2/3,z+1/2","2/3,1/3,z+1/2" ],"desc": "3..","geom": "line","label": "b","mult": 4 },{ "coord": [ "0,0,z","0,0,z+1/2" ],"desc": "6..","geom": "line","label": "a","mult": 2 } ] } } ],"n": 1,"sg": 184 }