{ "its": [ { "cleg": "133","det": 1.0,"gen": [ "x,y,z","-x+1/2,-y+1/2,z","-y+1/2,x,z+1/2","-x+1/2,y,-z","-x,-y,-z" ],"gp": [ "x,y,z","-x+1/2,-y+1/2,z","-y+1/2,x,z+1/2","y,-x+1/2,z+1/2","-x+1/2,y,-z","x,-y+1/2,-z","y,x,-z+1/2","-y+1/2,-x+1/2,-z+1/2","-x,-y,-z","x+1/2,y+1/2,-z","y+1/2,-x,-z+1/2","-y,x+1/2,-z+1/2","x+1/2,-y,z","-x,y+1/2,z","-y,-x,z+1/2","y+1/2,x+1/2,z+1/2" ],"hall": "-P 4ac 2b","hm": "P 42/n b c  :2","id": "P_42/n_b_c__2","jmolId": "133:2","set": 1,"sg": 133,"tm": "a,b,c","trm": "a,b,c","wpos": { "pos": [ { "desc": "1","geom": "general","label": "k","mult": 16 },{ "coord": [ "x,x,1/4","-x+1/2,-x+1/2,1/4","-x+1/2,x,3/4","x,-x+1/2,3/4","-x,-x,3/4","x+1/2,x+1/2,3/4","x+1/2,-x,1/4","-x,x+1/2,1/4" ],"desc": "..2","geom": "line","label": "j","mult": 8 },{ "coord": [ "x,1/4,1/2","-x+1/2,1/4,1/2","1/4,x,0","1/4,-x+1/2,0","-x,3/4,1/2","x+1/2,3/4,1/2","3/4,-x,0","3/4,x+1/2,0" ],"desc": ".2.","geom": "line","label": "i","mult": 8 },{ "coord": [ "x,1/4,0","-x+1/2,1/4,0","1/4,x,1/2","1/4,-x+1/2,1/2","-x,3/4,0","x+1/2,3/4,0","3/4,-x,1/2","3/4,x+1/2,1/2" ],"desc": ".2.","geom": "line","label": "h","mult": 8 },{ "coord": [ "3/4,1/4,z","1/4,3/4,z+1/2","3/4,1/4,-z","1/4,3/4,-z+1/2","1/4,3/4,-z","3/4,1/4,-z+1/2","1/4,3/4,z","3/4,1/4,z+1/2" ],"desc": "2..","geom": "line","label": "g","mult": 8 },{ "coord": [ "1/4,1/4,z","1/4,1/4,z+1/2","1/4,1/4,-z","1/4,1/4,-z+1/2","3/4,3/4,-z","3/4,3/4,-z+1/2","3/4,3/4,z","3/4,3/4,z+1/2" ],"desc": "2..","geom": "line","label": "f","mult": 8 },{ "coord": [ "0,0,0","1/2,1/2,0","1/2,0,1/2","0,1/2,1/2","1/2,0,0","0,1/2,0","0,0,1/2","1/2,1/2,1/2" ],"desc": "-1","geom": "point","label": "e","mult": 8 },{ "coord": [ "3/4,1/4,3/4","1/4,3/4,1/4","3/4,1/4,1/4","1/4,3/4,3/4" ],"desc": "-4..","geom": "point","label": "d","mult": 4 },{ "coord": [ "1/4,1/4,1/4","1/4,1/4,3/4","3/4,3/4,3/4","3/4,3/4,1/4" ],"desc": "2.2 2","geom": "point","label": "c","mult": 4 },{ "coord": [ "3/4,1/4,0","1/4,3/4,1/2","1/4,3/4,0","3/4,1/4,1/2" ],"desc": "222 .","geom": "point","label": "b","mult": 4 },{ "coord": [ "1/4,1/4,0","1/4,1/4,1/2","3/4,3/4,0","3/4,3/4,1/2" ],"desc": "222 .","geom": "point","label": "a","mult": 4 } ] } },{ "cleg": "133:a-b,a+b,c","det": 2.0,"gen": [ "x,y,z","-x,-y+1/2,z","-y+1/4,x+1/4,z+1/2","-y+1/4,-x+1/4,-z","-x,-y,-z","x+1/2,y+1/2,z","-x+1/2,-y,z","-y+3/4,x+3/4,z+1/2","-y+3/4,-x+3/4,-z","-x+1/2,-y+1/2,-z" ],"gp": [ "x,y,z","-x,-y+1/2,z","-y+1/4,x+1/4,z+1/2","y+3/4,-x+1/4,z+1/2","-y+1/4,-x+1/4,-z","y+3/4,x+1/4,-z","-x,y,-z+1/2","x,-y+1/2,-z+1/2","-x,-y,-z","x,y+1/2,-z","y+1/4,-x+1/4,-z+1/2","-y+3/4,x+1/4,-z+1/2","y+1/4,x+1/4,z","-y+3/4,-x+1/4,z","x,-y,z+1/2","-x,y+1/2,z+1/2","x+1/2,y+1/2,z","-x+1/2,-y,z","-y+3/4,x+3/4,z+1/2","y+1/4,-x+3/4,z+1/2","-y+3/4,-x+3/4,-z","y+1/4,x+3/4,-z","-x+1/2,y+1/2,-z+1/2","x+1/2,-y,-z+1/2","-x+1/2,-y+1/2,-z","x+1/2,y,-z","y+3/4,-x+3/4,-z+1/2","-y+1/4,x+3/4,-z+1/2","y+3/4,x+3/4,z","-y+1/4,-x+3/4,z","x+1/2,-y+1/2,z+1/2","-x+1/2,y,z+1/2" ],"hall": "?","hm": "C 42/e c g1 :2","id": "C_42/e_c_g1_2","jmolId": "133:c","set": 2,"sg": 133,"tm": "a-b,a+b,c","trm": "a-b,a+b,c","wpos": { "pos": [ { "desc": "1","geom": "general","label": "k","mult": 16 },{ "coord": [ "0,x,1/4","0,-x+1/2,1/4","-x+1/4,1/4,3/4","x+3/4,1/4,3/4","0,-x,3/4","0,x+1/2,3/4","x+1/4,1/4,1/4","-x+3/4,1/4,1/4" ],"desc": "..2","geom": "line","label": "j","mult": 8 },{ "coord": [ "1/2x+7/8,1/2x+1/8,1/2","-1/2x+1/8,-1/2x+3/8,1/2","-1/2x+1/8,1/2x+1/8,0","1/2x+7/8,-1/2x+3/8,0","-1/2x+5/8,-1/2x+3/8,1/2","1/2x+7/8,1/2x+5/8,1/2","1/2x+3/8,-1/2x+3/8,0","-1/2x+1/8,1/2x+5/8,0" ],"desc": ".2.","geom": "line","label": "i","mult": 8 },{ "coord": [ "1/2x+7/8,1/2x+1/8,0","-1/2x+1/8,-1/2x+3/8,0","-1/2x+1/8,1/2x+1/8,1/2","1/2x+7/8,-1/2x+3/8,1/2","-1/2x+5/8,-1/2x+3/8,0","1/2x+7/8,1/2x+5/8,0","1/2x+3/8,-1/2x+3/8,1/2","-1/2x+1/8,1/2x+5/8,1/2" ],"desc": ".2.","geom": "line","label": "h","mult": 8 },{ "coord": [ "1/4,1/2,z","3/4,1/2,z+1/2","1/4,1/2,-z","3/4,1/2,-z+1/2","3/4,1/2,-z","1/4,1/2,-z+1/2","3/4,1/2,z","1/4,1/2,z+1/2" ],"desc": "2..","geom": "line","label": "g","mult": 8 },{ "coord": [ "0,1/4,z","0,1/4,z+1/2","0,1/4,-z","0,1/4,-z+1/2","0,3/4,-z","0,3/4,-z+1/2","0,3/4,z","0,3/4,z+1/2" ],"desc": "2..","geom": "line","label": "f","mult": 8 },{ "coord": [ "0,0,0","0,1/2,0","1/4,1/4,1/2","3/4,1/4,1/2","1/4,1/4,0","3/4,1/4,0","0,0,1/2","0,1/2,1/2" ],"desc": "-1","geom": "point","label": "e","mult": 8 },{ "coord": [ "1/4,1/2,3/4","3/4,1/2,1/4","1/4,1/2,1/4","3/4,1/2,3/4" ],"desc": "-4..","geom": "point","label": "d","mult": 4 },{ "coord": [ "0,1/4,1/4","0,1/4,3/4","0,3/4,3/4","0,3/4,1/4" ],"desc": "2.2 2","geom": "point","label": "c","mult": 4 },{ "coord": [ "1/4,1/2,0","3/4,1/2,1/2","3/4,1/2,0","1/4,1/2,1/2" ],"desc": "222 .","geom": "point","label": "b","mult": 4 },{ "coord": [ "0,1/4,0","0,1/4,1/2","0,3/4,0","0,3/4,1/2" ],"desc": "222 .","geom": "point","label": "a","mult": 4 } ] } },{ "cleg": "133:a,b,c;-1/4,1/4,-1/4","det": 1.0,"gen": [ "x,y,z","-x,-y,z","-y+1/2,x+1/2,z+1/2","-x,y,-z+1/2","-x+1/2,-y+1/2,-z+1/2" ],"gp": [ "x,y,z","-x,-y,z","-y+1/2,x+1/2,z+1/2","y+1/2,-x+1/2,z+1/2","-x,y,-z+1/2","x,-y,-z+1/2","y+1/2,x+1/2,-z","-y+1/2,-x+1/2,-z","-x+1/2,-y+1/2,-z+1/2","x+1/2,y+1/2,-z+1/2","y,-x,-z","-y,x,-z","x+1/2,-y+1/2,z","-x+1/2,y+1/2,z","-y,-x,z+1/2","y,x,z+1/2" ],"hall": "P 4n 2c -1n","hm": "P 42/n b c :1","id": "P_42/n_b_c_1","jmolId": "133:1","set": 3,"sg": 133,"tm": "a-1/4,b+1/4,c-1/4","trm": "a,b,c;-1/4,1/4,-1/4","wpos": { "pos": [ { "desc": "1","geom": "general","label": "k","mult": 16 },{ "coord": [ "x+1/4,x+3/4,1/2","-x+3/4,-x+1/4,1/2","-x+3/4,x+3/4,0","x+1/4,-x+1/4,0","-x+1/4,-x+3/4,0","x+3/4,x+1/4,0","x+3/4,-x+3/4,1/2","-x+1/4,x+1/4,1/2" ],"desc": "..2","geom": "line","label": "j","mult": 8 },{ "coord": [ "x+1/4,0,3/4","-x+3/4,0,3/4","1/2,x+3/4,1/4","1/2,-x+1/4,1/4","-x+1/4,1/2,3/4","x+3/4,1/2,3/4","0,-x+3/4,1/4","0,x+1/4,1/4" ],"desc": ".2.","geom": "line","label": "i","mult": 8 },{ "coord": [ "x+1/4,0,1/4","-x+3/4,0,1/4","1/2,x+3/4,3/4","1/2,-x+1/4,3/4","-x+1/4,1/2,1/4","x+3/4,1/2,1/4","0,-x+3/4,3/4","0,x+1/4,3/4" ],"desc": ".2.","geom": "line","label": "h","mult": 8 },{ "coord": [ "0,0,z+1/4","1/2,1/2,z+3/4","0,0,-z+1/4","1/2,1/2,-z+3/4","1/2,1/2,-z+1/4","0,0,-z+3/4","1/2,1/2,z+1/4","0,0,z+3/4" ],"desc": "2..","geom": "line","label": "g","mult": 8 },{ "coord": [ "1/2,0,z+1/4","1/2,0,z+3/4","1/2,0,-z+1/4","1/2,0,-z+3/4","0,1/2,-z+1/4","0,1/2,-z+3/4","0,1/2,z+1/4","0,1/2,z+3/4" ],"desc": "2..","geom": "line","label": "f","mult": 8 },{ "coord": [ "1/4,3/4,1/4","3/4,1/4,1/4","3/4,3/4,3/4","1/4,1/4,3/4","3/4,3/4,1/4","1/4,1/4,1/4","1/4,3/4,3/4","3/4,1/4,3/4" ],"desc": "-1","geom": "point","label": "e","mult": 8 },{ "coord": [ "0,0,0","1/2,1/2,1/2","0,0,1/2","1/2,1/2,0" ],"desc": "-4..","geom": "point","label": "d","mult": 4 },{ "coord": [ "1/2,0,1/2","1/2,0,0","0,1/2,0","0,1/2,1/2" ],"desc": "2.2 2","geom": "point","label": "c","mult": 4 },{ "coord": [ "0,0,1/4","1/2,1/2,3/4","1/2,1/2,1/4","0,0,3/4" ],"desc": "222 .","geom": "point","label": "b","mult": 4 },{ "coord": [ "1/2,0,1/4","1/2,0,3/4","0,1/2,1/4","0,1/2,3/4" ],"desc": "222 .","geom": "point","label": "a","mult": 4 } ] } },{ "cleg": "133:a-b,a+b,c;-1/4,1/4,-1/4","det": 2.0,"gen": [ "x,y,z","-x+1/2,-y+1/2,z","-y+1/2,x,z+1/2","-y+1/2,-x+1/2,-z+1/2","-x+1/2,-y,-z+1/2","x+1/2,y+1/2,z","-x,-y,z","-y,x+1/2,z+1/2","-y,-x,-z+1/2","-x,-y+1/2,-z+1/2" ],"gp": [ "x,y,z","-x+1/2,-y+1/2,z","-y+1/2,x,z+1/2","y,-x+1/2,z+1/2","-y+1/2,-x+1/2,-z+1/2","y,x,-z+1/2","-x+1/2,y,-z","x,-y+1/2,-z","-x+1/2,-y,-z+1/2","x,y+1/2,-z+1/2","y+1/2,-x+1/2,-z","-y,x,-z","y+1/2,x,z","-y,-x+1/2,z","x,-y,z+1/2","-x+1/2,y+1/2,z+1/2","x+1/2,y+1/2,z","-x,-y,z","-y,x+1/2,z+1/2","y+1/2,-x,z+1/2","-y,-x,-z+1/2","y+1/2,x+1/2,-z+1/2","-x,y+1/2,-z","x+1/2,-y,-z","-x,-y+1/2,-z+1/2","x+1/2,y,-z+1/2","y,-x,-z","-y+1/2,x+1/2,-z","y,x+1/2,z","-y+1/2,-x,z","x+1/2,-y+1/2,z+1/2","-x,y,z+1/2" ],"hall": "?","hm": "C 42/e c g1 :1","id": "C_42/e_c_g1_1","jmolId": "133:c","set": 4,"sg": 133,"tm": "a-b-1/4,a+b+1/4,c-1/4","trm": "a-b,a+b,c;-1/4,1/4,-1/4","wpos": { "pos": [ { "desc": "1","geom": "general","label": "k","mult": 16 },{ "coord": [ "1/4,x,1/2","1/4,-x+1/2,1/2","-x+1/2,1/4,0","x,1/4,0","1/4,-x,0","1/4,x+1/2,0","x+1/2,1/4,1/2","-x,1/4,1/2" ],"desc": "..2","geom": "line","label": "j","mult": 8 },{ "coord": [ "1/2x+1/8,1/2x+1/8,3/4","-1/2x+3/8,-1/2x+3/8,3/4","-1/2x+3/8,1/2x+1/8,1/4","1/2x+1/8,-1/2x+3/8,1/4","-1/2x+7/8,-1/2x+3/8,3/4","1/2x+1/8,1/2x+5/8,3/4","1/2x+5/8,-1/2x+3/8,1/4","-1/2x+3/8,1/2x+5/8,1/4" ],"desc": ".2.","geom": "line","label": "i","mult": 8 },{ "coord": [ "1/2x+1/8,1/2x+1/8,1/4","-1/2x+3/8,-1/2x+3/8,1/4","-1/2x+3/8,1/2x+1/8,3/4","1/2x+1/8,-1/2x+3/8,3/4","-1/2x+7/8,-1/2x+3/8,1/4","1/2x+1/8,1/2x+5/8,1/4","1/2x+5/8,-1/2x+3/8,3/4","-1/2x+3/8,1/2x+5/8,3/4" ],"desc": ".2.","geom": "line","label": "h","mult": 8 },{ "coord": [ "1/2,1/2,z+1/4","0,1/2,z+3/4","1/2,1/2,-z+1/4","0,1/2,-z+3/4","0,1/2,-z+1/4","1/2,1/2,-z+3/4","0,1/2,z+1/4","1/2,1/2,z+3/4" ],"desc": "2..","geom": "line","label": "g","mult": 8 },{ "coord": [ "1/4,1/4,z+1/4","1/4,1/4,z+3/4","1/4,1/4,-z+1/4","1/4,1/4,-z+3/4","1/4,3/4,-z+1/4","1/4,3/4,-z+3/4","1/4,3/4,z+1/4","1/4,3/4,z+3/4" ],"desc": "2..","geom": "line","label": "f","mult": 8 },{ "coord": [ "1/4,0,1/4","1/4,1/2,1/4","1/2,1/4,3/4","0,1/4,3/4","1/2,1/4,1/4","0,1/4,1/4","1/4,0,3/4","1/4,1/2,3/4" ],"desc": "-1","geom": "point","label": "e","mult": 8 },{ "coord": [ "1/2,1/2,0","0,1/2,1/2","1/2,1/2,1/2","0,1/2,0" ],"desc": "-4..","geom": "point","label": "d","mult": 4 },{ "coord": [ "1/4,1/4,1/2","1/4,1/4,0","1/4,3/4,0","1/4,3/4,1/2" ],"desc": "2.2 2","geom": "point","label": "c","mult": 4 },{ "coord": [ "1/2,1/2,1/4","0,1/2,3/4","0,1/2,1/4","1/2,1/2,3/4" ],"desc": "222 .","geom": "point","label": "b","mult": 4 },{ "coord": [ "1/4,1/4,1/4","1/4,1/4,3/4","1/4,3/4,1/4","1/4,3/4,3/4" ],"desc": "222 .","geom": "point","label": "a","mult": 4 } ] } } ],"n": 4,"sg": 133 }