{ "its": [ { "cleg": "172","det": 1.0,"gen": [ "x,y,z","-y,x-y,z+1/3","-x,-y,z" ],"gp": [ "x,y,z","-y,x-y,z+1/3","-x+y,-x,z+2/3","-x,-y,z","y,-x+y,z+1/3","x-y,x,z+2/3" ],"hall": "P 64","hm": "P 64","id": "P_64","jmolId": "172","set": 1,"sg": 172,"tm": "a,b,c","trm": "a,b,c","wpos": { "pos": [ { "desc": "1","geom": "general","label": "c","mult": 6 },{ "coord": [ "1/2,1/2,z","1/2,0,z+1/3","0,1/2,z+2/3" ],"desc": "2..","geom": "line","label": "b","mult": 3 },{ "coord": [ "0,0,z","0,0,z+1/3","0,0,z+2/3" ],"desc": "2..","geom": "line","label": "a","mult": 3 } ] } } ],"n": 1,"sg": 172 }