{ "its": [ { "cleg": "147","det": 1.0,"gen": [ "x,y,z","-y,x-y,z","-x,-y,-z" ],"gp": [ "x,y,z","-y,x-y,z","-x+y,-x,z","-x,-y,-z","y,-x+y,-z","x-y,x,-z" ],"hall": "-P 3","hm": "P -3","id": "P_-3","jmolId": "147","set": 1,"sg": 147,"tm": "a,b,c","trm": "a,b,c","wpos": { "pos": [ { "desc": "1","geom": "general","label": "g","mult": 6 },{ "coord": [ "1/2,0,1/2","0,1/2,1/2","1/2,1/2,1/2" ],"desc": "-1","geom": "point","label": "f","mult": 3 },{ "coord": [ "1/2,0,0","0,1/2,0","1/2,1/2,0" ],"desc": "-1","geom": "point","label": "e","mult": 3 },{ "coord": [ "1/3,2/3,z","2/3,1/3,-z" ],"desc": "3..","geom": "line","label": "d","mult": 2 },{ "coord": [ "0,0,z","0,0,-z" ],"desc": "3..","geom": "line","label": "c","mult": 2 },{ "coord": [ "0,0,1/2" ],"desc": "-3..","geom": "point","label": "b","mult": 1 },{ "coord": [ "0,0,0" ],"desc": "-3..","geom": "point","label": "a","mult": 1 } ] } } ],"n": 1,"sg": 147 }