{ "its": [ { "cleg": "9","det": 1.0,"gen": [ "x,y,z","x,-y,z+1/2","x+1/2,y+1/2,z" ],"gp": [ "x,y,z","x,-y,z+1/2","x+1/2,y+1/2,z","x+1/2,-y+1/2,z+1/2" ],"hall": "C -2yc","hm": "C 1 c 1","id": "C_1_c_1","jmolId": "9:b1","set": 1,"sg": 9,"tm": "a,b,c","trm": "a,b,c","wpos": { "cent": [ "1/2,1/2,0" ],"pos": [ { "desc": "1","geom": "general","label": "a","mult": 4 } ] } },{ "cleg": "9:-a-c,b,a","det": 1.0,"gen": [ "x,y,z","x+1/2,-y,z+1/2","x,y+1/2,z+1/2" ],"gp": [ "x,y,z","x+1/2,-y,z+1/2","x,y+1/2,z+1/2","x+1/2,-y+1/2,z" ],"hall": "A -2yab","hm": "A 1 n 1","id": "A_1_n_1","jmolId": "9:b2","set": 2,"sg": 9,"tm": "-a-c,b,a","trm": "-a-c,b,a","wpos": { "cent": [ "0,1/2,1/2" ],"pos": [ { "desc": "1","geom": "general","label": "a","mult": 4 } ] } },{ "cleg": "9:c,b,-a-c","det": 1.0,"gen": [ "x,y,z","x+1/2,-y,z","x+1/2,y+1/2,z+1/2" ],"gp": [ "x,y,z","x+1/2,-y,z","x+1/2,y+1/2,z+1/2","x,-y+1/2,z+1/2" ],"hall": "I -2ya","hm": "I 1 a 1","id": "I_1_a_1","jmolId": "9:b3","set": 3,"sg": 9,"tm": "c,b,-a-c","trm": "c,b,-a-c","wpos": { "cent": [ "1/2,1/2,1/2" ],"pos": [ { "desc": "1","geom": "general","label": "a","mult": 4 } ] } },{ "cleg": "9:c,-b,a","det": 1.0,"gen": [ "x,y,z","x+1/2,-y,z","x,y+1/2,z+1/2" ],"gp": [ "x,y,z","x+1/2,-y,z","x,y+1/2,z+1/2","x+1/2,-y+1/2,z+1/2" ],"hall": "A -2ya","hm": "A 1 a 1","id": "A_1_a_1","jmolId": "9:-b1","set": 4,"sg": 9,"tm": "c,-b,a","trm": "c,-b,a","wpos": { "cent": [ "0,1/2,1/2" ],"pos": [ { "desc": "1","geom": "general","label": "a","mult": 4 } ] } },{ "cleg": "9:a,-b,-a-c","det": 1.0,"gen": [ "x,y,z","x+1/2,-y,z+1/2","x+1/2,y+1/2,z" ],"gp": [ "x,y,z","x+1/2,-y,z+1/2","x+1/2,y+1/2,z","x,-y+1/2,z+1/2" ],"hall": "C -2yac","hm": "C 1 n 1","id": "C_1_n_1","jmolId": "9:-b2","set": 5,"sg": 9,"tm": "a,-b,-a-c","trm": "a,-b,-a-c","wpos": { "cent": [ "1/2,1/2,0" ],"pos": [ { "desc": "1","geom": "general","label": "a","mult": 4 } ] } },{ "cleg": "9:-a-c,-b,c","det": 1.0,"gen": [ "x,y,z","x,-y,z+1/2","x+1/2,y+1/2,z+1/2" ],"gp": [ "x,y,z","x,-y,z+1/2","x+1/2,y+1/2,z+1/2","x+1/2,-y+1/2,z" ],"hall": "I -2yc","hm": "I 1 c 1","id": "I_1_c_1","jmolId": "9:-b3","set": 6,"sg": 9,"tm": "-a-c,-b,c","trm": "-a-c,-b,c","wpos": { "cent": [ "1/2,1/2,1/2" ],"pos": [ { "desc": "1","geom": "general","label": "a","mult": 4 } ] } },{ "cleg": "9:c,a,b","det": 1.0,"gen": [ "x,y,z","x+1/2,y,-z","x,y+1/2,z+1/2" ],"gp": [ "x,y,z","x+1/2,y,-z","x,y+1/2,z+1/2","x+1/2,y+1/2,-z+1/2" ],"hall": "A -2a","hm": "A 1 1 a","id": "A_1_1_a","jmolId": "9:c1","set": 7,"sg": 9,"tm": "c,a,b","trm": "c,a,b","wpos": { "cent": [ "0,1/2,1/2" ],"pos": [ { "desc": "1","geom": "general","label": "a","mult": 4 } ] } },{ "cleg": "9:a,-a-c,b","det": 1.0,"gen": [ "x,y,z","x+1/2,y+1/2,-z","x+1/2,y,z+1/2" ],"gp": [ "x,y,z","x+1/2,y+1/2,-z","x+1/2,y,z+1/2","x,y+1/2,-z+1/2" ],"hall": "B -2ab","hm": "B 1 1 n","id": "B_1_1_n","jmolId": "9:c2","set": 8,"sg": 9,"tm": "a,-a-c,b","trm": "a,-a-c,b","wpos": { "cent": [ "1/2,0,1/2" ],"pos": [ { "desc": "1","geom": "general","label": "a","mult": 4 } ] } },{ "cleg": "9:-a-c,c,b","det": 1.0,"gen": [ "x,y,z","x,y+1/2,-z","x+1/2,y+1/2,z+1/2" ],"gp": [ "x,y,z","x,y+1/2,-z","x+1/2,y+1/2,z+1/2","x+1/2,y,-z+1/2" ],"hall": "I -2b","hm": "I 1 1 b","id": "I_1_1_b","jmolId": "9:c3","set": 9,"sg": 9,"tm": "-a-c,c,b","trm": "-a-c,c,b","wpos": { "cent": [ "1/2,1/2,1/2" ],"pos": [ { "desc": "1","geom": "general","label": "a","mult": 4 } ] } },{ "cleg": "9:a,c,-b","det": 1.0,"gen": [ "x,y,z","x,y+1/2,-z","x+1/2,y,z+1/2" ],"gp": [ "x,y,z","x,y+1/2,-z","x+1/2,y,z+1/2","x+1/2,y+1/2,-z+1/2" ],"hall": "B -2b","hm": "B 1 1 b","id": "B_1_1_b","jmolId": "9:-c1","set": 10,"sg": 9,"tm": "a,c,-b","trm": "a,c,-b","wpos": { "cent": [ "1/2,0,1/2" ],"pos": [ { "desc": "1","geom": "general","label": "a","mult": 4 } ] } },{ "cleg": "9:-a-c,a,-b","det": 1.0,"gen": [ "x,y,z","x+1/2,y+1/2,-z","x,y+1/2,z+1/2" ],"gp": [ "x,y,z","x+1/2,y+1/2,-z","x,y+1/2,z+1/2","x+1/2,y,-z+1/2" ],"hall": "A -2ab","hm": "A 1 1 n","id": "A_1_1_n","jmolId": "9:-c2","set": 11,"sg": 9,"tm": "-a-c,a,-b","trm": "-a-c,a,-b","wpos": { "cent": [ "0,1/2,1/2" ],"pos": [ { "desc": "1","geom": "general","label": "a","mult": 4 } ] } },{ "cleg": "9:c,-a-c,-b","det": 1.0,"gen": [ "x,y,z","x+1/2,y,-z","x+1/2,y+1/2,z+1/2" ],"gp": [ "x,y,z","x+1/2,y,-z","x+1/2,y+1/2,z+1/2","x,y+1/2,-z+1/2" ],"hall": "I -2a","hm": "I 1 1 a","id": "I_1_1_a","jmolId": "9:-c3","set": 12,"sg": 9,"tm": "c,-a-c,-b","trm": "c,-a-c,-b","wpos": { "cent": [ "1/2,1/2,1/2" ],"pos": [ { "desc": "1","geom": "general","label": "a","mult": 4 } ] } },{ "cleg": "9:b,c,a","det": 1.0,"gen": [ "x,y,z","-x,y+1/2,z","x+1/2,y,z+1/2" ],"gp": [ "x,y,z","-x,y+1/2,z","x+1/2,y,z+1/2","-x+1/2,y+1/2,z+1/2" ],"hall": "B -2xb","hm": "B b 1 1","id": "B_b_1_1","jmolId": "9:a1","set": 13,"sg": 9,"tm": "b,c,a","trm": "b,c,a","wpos": { "cent": [ "1/2,0,1/2" ],"pos": [ { "desc": "1","geom": "general","label": "a","mult": 4 } ] } },{ "cleg": "9:b,a,-a-c","det": 1.0,"gen": [ "x,y,z","-x,y+1/2,z+1/2","x+1/2,y+1/2,z" ],"gp": [ "x,y,z","-x,y+1/2,z+1/2","x+1/2,y+1/2,z","-x+1/2,y,z+1/2" ],"hall": "C -2xac","hm": "C n 1 1","id": "C_n_1_1","jmolId": "9:a2","set": 14,"sg": 9,"tm": "b,a,-a-c","trm": "b,a,-a-c","wpos": { "cent": [ "1/2,1/2,0" ],"pos": [ { "desc": "1","geom": "general","label": "a","mult": 4 } ] } },{ "cleg": "9:b,-a-c,c","det": 1.0,"gen": [ "x,y,z","-x,y,z+1/2","x+1/2,y+1/2,z+1/2" ],"gp": [ "x,y,z","-x,y,z+1/2","x+1/2,y+1/2,z+1/2","-x+1/2,y+1/2,z" ],"hall": "I -2xc","hm": "I c 1 1","id": "I_c_1_1","jmolId": "9:a3","set": 15,"sg": 9,"tm": "b,-a-c,c","trm": "b,-a-c,c","wpos": { "cent": [ "1/2,1/2,1/2" ],"pos": [ { "desc": "1","geom": "general","label": "a","mult": 4 } ] } },{ "cleg": "9:-b,a,c","det": 1.0,"gen": [ "x,y,z","-x,y,z+1/2","x+1/2,y+1/2,z" ],"gp": [ "x,y,z","-x,y,z+1/2","x+1/2,y+1/2,z","-x+1/2,y+1/2,z+1/2" ],"hall": "C -2xc","hm": "C c 1 1","id": "C_c_1_1","jmolId": "9:-a1","set": 16,"sg": 9,"tm": "-b,a,c","trm": "-b,a,c","wpos": { "cent": [ "1/2,1/2,0" ],"pos": [ { "desc": "1","geom": "general","label": "a","mult": 4 } ] } },{ "cleg": "9:-b,-a-c,a","det": 1.0,"gen": [ "x,y,z","-x,y+1/2,z+1/2","x+1/2,y,z+1/2" ],"gp": [ "x,y,z","-x,y+1/2,z+1/2","x+1/2,y,z+1/2","-x+1/2,y+1/2,z" ],"hall": "B -2xab","hm": "B n 1 1","id": "B_n_1_1","jmolId": "9:-a2","set": 17,"sg": 9,"tm": "-b,-a-c,a","trm": "-b,-a-c,a","wpos": { "cent": [ "1/2,0,1/2" ],"pos": [ { "desc": "1","geom": "general","label": "a","mult": 4 } ] } },{ "cleg": "9:-b,c,-a-c","det": 1.0,"gen": [ "x,y,z","-x,y+1/2,z","x+1/2,y+1/2,z+1/2" ],"gp": [ "x,y,z","-x,y+1/2,z","x+1/2,y+1/2,z+1/2","-x+1/2,y,z+1/2" ],"hall": "I -2xb","hm": "I b 1 1","id": "I_b_1_1","jmolId": "9:-a3","set": 18,"sg": 9,"tm": "-b,c,-a-c","trm": "-b,c,-a-c","wpos": { "cent": [ "1/2,1/2,1/2" ],"pos": [ { "desc": "1","geom": "general","label": "a","mult": 4 } ] } } ],"n": 18,"sg": 9 }