{ "its": [ { "cleg": "192","det": 1.0,"gen": [ "x,y,z","-y,x-y,z","-x,-y,z","y,x,-z+1/2","-x,-y,-z" ],"gp": [ "x,y,z","-y,x-y,z","-x+y,-x,z","-x,-y,z","y,-x+y,z","x-y,x,z","y,x,-z+1/2","x-y,-y,-z+1/2","-x,-x+y,-z+1/2","-y,-x,-z+1/2","-x+y,y,-z+1/2","x,x-y,-z+1/2","-x,-y,-z","y,-x+y,-z","x-y,x,-z","x,y,-z","-y,x-y,-z","-x+y,-x,-z","-y,-x,z+1/2","-x+y,y,z+1/2","x,x-y,z+1/2","y,x,z+1/2","x-y,-y,z+1/2","-x,-x+y,z+1/2" ],"hall": "-P 6 2c","hm": "P 6/m c c","id": "P_6/m_c_c","jmolId": "192","set": 1,"sg": 192,"tm": "a,b,c","trm": "a,b,c","wpos": { "pos": [ { "desc": "1","geom": "general","label": "m","mult": 24 },{ "coord": [ "x,y,0","-y,x-y,0","-x+y,-x,0","-x,-y,0","y,-x+y,0","x-y,x,0","y,x,1/2","x-y,-y,1/2","-x,-x+y,1/2","-y,-x,1/2","-x+y,y,1/2","x,x-y,1/2" ],"desc": "m..","geom": "plane","label": "l","mult": 12 },{ "coord": [ "x,2x,1/4","-2x,-x,1/4","x,-x,1/4","-x,-2x,1/4","2x,x,1/4","-x,x,1/4","-x,-2x,3/4","2x,x,3/4","-x,x,3/4","x,2x,3/4","-2x,-x,3/4","x,-x,3/4" ],"desc": "..2","geom": "line","label": "k","mult": 12 },{ "coord": [ "x,0,1/4","0,x,1/4","-x,-x,1/4","-x,0,1/4","0,-x,1/4","x,x,1/4","-x,0,3/4","0,-x,3/4","x,x,3/4","x,0,3/4","0,x,3/4","-x,-x,3/4" ],"desc": ".2.","geom": "line","label": "j","mult": 12 },{ "coord": [ "1/2,0,z","0,1/2,z","1/2,1/2,z","0,1/2,-z+1/2","1/2,0,-z+1/2","1/2,1/2,-z+1/2","1/2,0,-z","0,1/2,-z","1/2,1/2,-z","0,1/2,z+1/2","1/2,0,z+1/2","1/2,1/2,z+1/2" ],"desc": "2..","geom": "line","label": "i","mult": 12 },{ "coord": [ "1/3,2/3,z","2/3,1/3,z","2/3,1/3,-z+1/2","1/3,2/3,-z+1/2","2/3,1/3,-z","1/3,2/3,-z","1/3,2/3,z+1/2","2/3,1/3,z+1/2" ],"desc": "3..","geom": "line","label": "h","mult": 8 },{ "coord": [ "1/2,0,0","0,1/2,0","1/2,1/2,0","0,1/2,1/2","1/2,0,1/2","1/2,1/2,1/2" ],"desc": "2/m..","geom": "point","label": "g","mult": 6 },{ "coord": [ "1/2,0,1/4","0,1/2,1/4","1/2,1/2,1/4","1/2,0,3/4","0,1/2,3/4","1/2,1/2,3/4" ],"desc": "222","geom": "point","label": "f","mult": 6 },{ "coord": [ "0,0,z","0,0,-z+1/2","0,0,-z","0,0,z+1/2" ],"desc": "6..","geom": "line","label": "e","mult": 4 },{ "coord": [ "1/3,2/3,0","2/3,1/3,0","2/3,1/3,1/2","1/3,2/3,1/2" ],"desc": "-6..","geom": "point","label": "d","mult": 4 },{ "coord": [ "1/3,2/3,1/4","2/3,1/3,1/4","2/3,1/3,3/4","1/3,2/3,3/4" ],"desc": "3.2","geom": "point","label": "c","mult": 4 },{ "coord": [ "0,0,0","0,0,1/2" ],"desc": "6/m..","geom": "point","label": "b","mult": 2 },{ "coord": [ "0,0,1/4","0,0,3/4" ],"desc": "622","geom": "point","label": "a","mult": 2 } ] } } ],"n": 1,"sg": 192 }