{ "its": [ { "cleg": "26","det": 1.0,"gen": [ "x,y,z","-x,-y,z+1/2","x,-y,z+1/2" ],"gp": [ "x,y,z","-x,-y,z+1/2","x,-y,z+1/2","-x,y,z" ],"hall": "P 2c -2","hm": "P m c 21","id": "P_m_c_21","jmolId": "26","set": 1,"sg": 26,"tm": "a,b,c","trm": "a,b,c","wpos": { "pos": [ { "desc": "1","geom": "general","label": "c","mult": 4 },{ "coord": [ "1/2,y,z","1/2,-y,z+1/2" ],"desc": "m..","geom": "plane","label": "b","mult": 2 },{ "coord": [ "0,y,z","0,-y,z+1/2" ],"desc": "m..","geom": "plane","label": "a","mult": 2 } ] } },{ "cleg": "26:b,a,-c","det": 1.0,"gen": [ "x,y,z","-x,-y,z+1/2","-x,y,z+1/2" ],"gp": [ "x,y,z","-x,-y,z+1/2","-x,y,z+1/2","x,-y,z" ],"hall": "P 2c -2c","hm": "P c m 21","id": "P_c_m_21","jmolId": "26:ba-c","set": 2,"sg": 26,"tm": "b,a,-c","trm": "b,a,-c","wpos": { "pos": [ { "desc": "1","geom": "general","label": "c","mult": 4 },{ "coord": [ "y,1/2,-z","-y,1/2,-z+1/2" ],"desc": "m..","geom": "plane","label": "b","mult": 2 },{ "coord": [ "y,0,-z","-y,0,-z+1/2" ],"desc": "m..","geom": "plane","label": "a","mult": 2 } ] } },{ "cleg": "26:c,a,b","det": 1.0,"gen": [ "x,y,z","x+1/2,-y,-z","x+1/2,y,-z" ],"gp": [ "x,y,z","x+1/2,-y,-z","x+1/2,y,-z","x,-y,z" ],"hall": "P -2a 2a","hm": "P 21 m a","id": "P_21_m_a","jmolId": "26:cab","set": 3,"sg": 26,"tm": "c,a,b","trm": "c,a,b","wpos": { "pos": [ { "desc": "1","geom": "general","label": "c","mult": 4 },{ "coord": [ "z,1/2,y","z+1/2,1/2,-y" ],"desc": "m..","geom": "plane","label": "b","mult": 2 },{ "coord": [ "z,0,y","z+1/2,0,-y" ],"desc": "m..","geom": "plane","label": "a","mult": 2 } ] } },{ "cleg": "26:-c,b,a","det": 1.0,"gen": [ "x,y,z","x+1/2,-y,-z","x+1/2,-y,z" ],"gp": [ "x,y,z","x+1/2,-y,-z","x+1/2,-y,z","x,y,-z" ],"hall": "P -2 2a","hm": "P 21 a m","id": "P_21_a_m","jmolId": "26:-cba","set": 4,"sg": 26,"tm": "-c,b,a","trm": "-c,b,a","wpos": { "pos": [ { "desc": "1","geom": "general","label": "c","mult": 4 },{ "coord": [ "-z,y,1/2","-z+1/2,-y,1/2" ],"desc": "m..","geom": "plane","label": "b","mult": 2 },{ "coord": [ "-z,y,0","-z+1/2,-y,0" ],"desc": "m..","geom": "plane","label": "a","mult": 2 } ] } },{ "cleg": "26:b,c,a","det": 1.0,"gen": [ "x,y,z","-x,y+1/2,-z","-x,y+1/2,z" ],"gp": [ "x,y,z","-x,y+1/2,-z","-x,y+1/2,z","x,y,-z" ],"hall": "P -2 -2b","hm": "P b 21 m","id": "P_b_21_m","jmolId": "26:bca","set": 5,"sg": 26,"tm": "b,c,a","trm": "b,c,a","wpos": { "pos": [ { "desc": "1","geom": "general","label": "c","mult": 4 },{ "coord": [ "y,z,1/2","-y,z+1/2,1/2" ],"desc": "m..","geom": "plane","label": "b","mult": 2 },{ "coord": [ "y,z,0","-y,z+1/2,0" ],"desc": "m..","geom": "plane","label": "a","mult": 2 } ] } },{ "cleg": "26:a,-c,b","det": 1.0,"gen": [ "x,y,z","-x,y+1/2,-z","x,y+1/2,-z" ],"gp": [ "x,y,z","-x,y+1/2,-z","x,y+1/2,-z","-x,y,z" ],"hall": "P -2b -2","hm": "P m 21 b","id": "P_m_21_b","jmolId": "26:a-cb","set": 6,"sg": 26,"tm": "a,-c,b","trm": "a,-c,b","wpos": { "pos": [ { "desc": "1","geom": "general","label": "c","mult": 4 },{ "coord": [ "1/2,-z,y","1/2,-z+1/2,-y" ],"desc": "m..","geom": "plane","label": "b","mult": 2 },{ "coord": [ "0,-z,y","0,-z+1/2,-y" ],"desc": "m..","geom": "plane","label": "a","mult": 2 } ] } } ],"n": 6,"sg": 26 }