{ "its": [ { "cleg": "222","det": 1.0,"gen": [ "x,y,z","-x+1/2,-y+1/2,z","-x+1/2,y,-z+1/2","z,x,y","y,x,-z+1/2","-x,-y,-z" ],"gp": [ "x,y,z","-x+1/2,-y+1/2,z","-x+1/2,y,-z+1/2","x,-y+1/2,-z+1/2","z,x,y","z,-x+1/2,-y+1/2","-z+1/2,-x+1/2,y","-z+1/2,x,-y+1/2","y,z,x","-y+1/2,z,-x+1/2","y,-z+1/2,-x+1/2","-y+1/2,-z+1/2,x","y,x,-z+1/2","-y+1/2,-x+1/2,-z+1/2","y,-x+1/2,z","-y+1/2,x,z","x,z,-y+1/2","-x+1/2,z,y","-x+1/2,-z+1/2,-y+1/2","x,-z+1/2,y","z,y,-x+1/2","z,-y+1/2,x","-z+1/2,y,x","-z+1/2,-y+1/2,-x+1/2","-x,-y,-z","x+1/2,y+1/2,-z","x+1/2,-y,z+1/2","-x,y+1/2,z+1/2","-z,-x,-y","-z,x+1/2,y+1/2","z+1/2,x+1/2,-y","z+1/2,-x,y+1/2","-y,-z,-x","y+1/2,-z,x+1/2","-y,z+1/2,x+1/2","y+1/2,z+1/2,-x","-y,-x,z+1/2","y+1/2,x+1/2,z+1/2","-y,x+1/2,-z","y+1/2,-x,-z","-x,-z,y+1/2","x+1/2,-z,-y","x+1/2,z+1/2,y+1/2","-x,z+1/2,-y","-z,-y,x+1/2","-z,y+1/2,-x","z+1/2,-y,-x","z+1/2,y+1/2,x+1/2" ],"hall": "-P 4a 2bc 3","hm": "P n -3 n  :2","id": "P_n_-3_n__2","jmolId": "222:2","set": 1,"sg": 222,"tm": "a,b,c","trm": "a,b,c","wpos": { "pos": [ { "desc": "1","geom": "general","label": "i","mult": 48 },{ "coord": [ "1/4,y,y","1/4,-y+1/2,y","1/4,y,-y+1/2","1/4,-y+1/2,-y+1/2","y,1/4,y","y,1/4,-y+1/2","-y+1/2,1/4,y","-y+1/2,1/4,-y+1/2","y,y,1/4","-y+1/2,y,1/4","y,-y+1/2,1/4","-y+1/2,-y+1/2,1/4","3/4,-y,-y","3/4,y+1/2,-y","3/4,-y,y+1/2","3/4,y+1/2,y+1/2","-y,3/4,-y","-y,3/4,y+1/2","y+1/2,3/4,-y","y+1/2,3/4,y+1/2","-y,-y,3/4","y+1/2,-y,3/4","-y,y+1/2,3/4","y+1/2,y+1/2,3/4" ],"desc": "..2","geom": "line","label": "h","mult": 24 },{ "coord": [ "x,3/4,1/4","-x+1/2,3/4,1/4","1/4,x,3/4","1/4,-x+1/2,3/4","3/4,1/4,x","3/4,1/4,-x+1/2","3/4,x,1/4","3/4,-x+1/2,1/4","x,1/4,3/4","-x+1/2,1/4,3/4","1/4,3/4,-x+1/2","1/4,3/4,x","-x,1/4,3/4","x+1/2,1/4,3/4","3/4,-x,1/4","3/4,x+1/2,1/4","1/4,3/4,-x","1/4,3/4,x+1/2","1/4,-x,3/4","1/4,x+1/2,3/4","-x,3/4,1/4","x+1/2,3/4,1/4","3/4,1/4,x+1/2","3/4,1/4,-x" ],"desc": "2..","geom": "line","label": "g","mult": 24 },{ "coord": [ "x,x,x","-x+1/2,-x+1/2,x","-x+1/2,x,-x+1/2","x,-x+1/2,-x+1/2","x,x,-x+1/2","-x+1/2,-x+1/2,-x+1/2","x,-x+1/2,x","-x+1/2,x,x","-x,-x,-x","x+1/2,x+1/2,-x","x+1/2,-x,x+1/2","-x,x+1/2,x+1/2","-x,-x,x+1/2","x+1/2,x+1/2,x+1/2","-x,x+1/2,-x","x+1/2,-x,-x" ],"desc": ".3.","geom": "line","label": "f","mult": 16 },{ "coord": [ "x,1/4,1/4","-x+1/2,1/4,1/4","1/4,x,1/4","1/4,-x+1/2,1/4","1/4,1/4,x","1/4,1/4,-x+1/2","-x,3/4,3/4","x+1/2,3/4,3/4","3/4,-x,3/4","3/4,x+1/2,3/4","3/4,3/4,-x","3/4,3/4,x+1/2" ],"desc": "4..","geom": "line","label": "e","mult": 12 },{ "coord": [ "0,3/4,1/4","1/2,3/4,1/4","1/4,0,3/4","1/4,1/2,3/4","3/4,1/4,0","3/4,1/4,1/2","3/4,0,1/4","3/4,1/2,1/4","0,1/4,3/4","1/2,1/4,3/4","1/4,3/4,1/2","1/4,3/4,0" ],"desc": "-4..","geom": "point","label": "d","mult": 12 },{ "coord": [ "0,0,0","1/2,1/2,0","1/2,0,1/2","0,1/2,1/2","0,0,1/2","1/2,1/2,1/2","0,1/2,0","1/2,0,0" ],"desc": ".-3.","geom": "point","label": "c","mult": 8 },{ "coord": [ "3/4,1/4,1/4","1/4,3/4,1/4","1/4,1/4,3/4","1/4,3/4,3/4","3/4,1/4,3/4","3/4,3/4,1/4" ],"desc": "42. 2","geom": "point","label": "b","mult": 6 },{ "coord": [ "1/4,1/4,1/4","3/4,3/4,3/4" ],"desc": "432","geom": "point","label": "a","mult": 2 } ] } },{ "cleg": "222:a,b,c;-1/4,-1/4,-1/4","det": 1.0,"gen": [ "x,y,z","-x,-y,z","-x,y,-z","z,x,y","y,x,-z","-x+1/2,-y+1/2,-z+1/2" ],"gp": [ "x,y,z","-x,-y,z","-x,y,-z","x,-y,-z","z,x,y","z,-x,-y","-z,-x,y","-z,x,-y","y,z,x","-y,z,-x","y,-z,-x","-y,-z,x","y,x,-z","-y,-x,-z","y,-x,z","-y,x,z","x,z,-y","-x,z,y","-x,-z,-y","x,-z,y","z,y,-x","z,-y,x","-z,y,x","-z,-y,-x","-x+1/2,-y+1/2,-z+1/2","x+1/2,y+1/2,-z+1/2","x+1/2,-y+1/2,z+1/2","-x+1/2,y+1/2,z+1/2","-z+1/2,-x+1/2,-y+1/2","-z+1/2,x+1/2,y+1/2","z+1/2,x+1/2,-y+1/2","z+1/2,-x+1/2,y+1/2","-y+1/2,-z+1/2,-x+1/2","y+1/2,-z+1/2,x+1/2","-y+1/2,z+1/2,x+1/2","y+1/2,z+1/2,-x+1/2","-y+1/2,-x+1/2,z+1/2","y+1/2,x+1/2,z+1/2","-y+1/2,x+1/2,-z+1/2","y+1/2,-x+1/2,-z+1/2","-x+1/2,-z+1/2,y+1/2","x+1/2,-z+1/2,-y+1/2","x+1/2,z+1/2,y+1/2","-x+1/2,z+1/2,-y+1/2","-z+1/2,-y+1/2,x+1/2","-z+1/2,y+1/2,-x+1/2","z+1/2,-y+1/2,-x+1/2","z+1/2,y+1/2,x+1/2" ],"hall": "P 4 2 3 -1n","hm": "P n -3 n :1","id": "P_n_-3_n_1","jmolId": "222:1","set": 2,"sg": 222,"tm": "a-1/4,b-1/4,c-1/4","trm": "a,b,c;-1/4,-1/4,-1/4","wpos": { "pos": [ { "desc": "1","geom": "general","label": "i","mult": 48 },{ "coord": [ "1/2,y+1/4,y+1/4","1/2,-y+3/4,y+1/4","1/2,y+1/4,-y+3/4","1/2,-y+3/4,-y+3/4","y+1/4,1/2,y+1/4","y+1/4,1/2,-y+3/4","-y+3/4,1/2,y+1/4","-y+3/4,1/2,-y+3/4","y+1/4,y+1/4,1/2","-y+3/4,y+1/4,1/2","y+1/4,-y+3/4,1/2","-y+3/4,-y+3/4,1/2","0,-y+1/4,-y+1/4","0,y+3/4,-y+1/4","0,-y+1/4,y+3/4","0,y+3/4,y+3/4","-y+1/4,0,-y+1/4","-y+1/4,0,y+3/4","y+3/4,0,-y+1/4","y+3/4,0,y+3/4","-y+1/4,-y+1/4,0","y+3/4,-y+1/4,0","-y+1/4,y+3/4,0","y+3/4,y+3/4,0" ],"desc": "..2","geom": "line","label": "h","mult": 24 },{ "coord": [ "x+1/4,0,1/2","-x+3/4,0,1/2","1/2,x+1/4,0","1/2,-x+3/4,0","0,1/2,x+1/4","0,1/2,-x+3/4","0,x+1/4,1/2","0,-x+3/4,1/2","x+1/4,1/2,0","-x+3/4,1/2,0","1/2,0,-x+3/4","1/2,0,x+1/4","-x+1/4,1/2,0","x+3/4,1/2,0","0,-x+1/4,1/2","0,x+3/4,1/2","1/2,0,-x+1/4","1/2,0,x+3/4","1/2,-x+1/4,0","1/2,x+3/4,0","-x+1/4,0,1/2","x+3/4,0,1/2","0,1/2,x+3/4","0,1/2,-x+1/4" ],"desc": "2..","geom": "line","label": "g","mult": 24 },{ "coord": [ "x+1/4,x+1/4,x+1/4","-x+3/4,-x+3/4,x+1/4","-x+3/4,x+1/4,-x+3/4","x+1/4,-x+3/4,-x+3/4","x+1/4,x+1/4,-x+3/4","-x+3/4,-x+3/4,-x+3/4","x+1/4,-x+3/4,x+1/4","-x+3/4,x+1/4,x+1/4","-x+1/4,-x+1/4,-x+1/4","x+3/4,x+3/4,-x+1/4","x+3/4,-x+1/4,x+3/4","-x+1/4,x+3/4,x+3/4","-x+1/4,-x+1/4,x+3/4","x+3/4,x+3/4,x+3/4","-x+1/4,x+3/4,-x+1/4","x+3/4,-x+1/4,-x+1/4" ],"desc": ".3.","geom": "line","label": "f","mult": 16 },{ "coord": [ "x+1/4,1/2,1/2","-x+3/4,1/2,1/2","1/2,x+1/4,1/2","1/2,-x+3/4,1/2","1/2,1/2,x+1/4","1/2,1/2,-x+3/4","-x+1/4,0,0","x+3/4,0,0","0,-x+1/4,0","0,x+3/4,0","0,0,-x+1/4","0,0,x+3/4" ],"desc": "4..","geom": "line","label": "e","mult": 12 },{ "coord": [ "1/4,0,1/2","3/4,0,1/2","1/2,1/4,0","1/2,3/4,0","0,1/2,1/4","0,1/2,3/4","0,1/4,1/2","0,3/4,1/2","1/4,1/2,0","3/4,1/2,0","1/2,0,3/4","1/2,0,1/4" ],"desc": "-4..","geom": "point","label": "d","mult": 12 },{ "coord": [ "1/4,1/4,1/4","3/4,3/4,1/4","3/4,1/4,3/4","1/4,3/4,3/4","1/4,1/4,3/4","3/4,3/4,3/4","1/4,3/4,1/4","3/4,1/4,1/4" ],"desc": ".-3.","geom": "point","label": "c","mult": 8 },{ "coord": [ "0,1/2,1/2","1/2,0,1/2","1/2,1/2,0","1/2,0,0","0,1/2,0","0,0,1/2" ],"desc": "42. 2","geom": "point","label": "b","mult": 6 },{ "coord": [ "1/2,1/2,1/2","0,0,0" ],"desc": "432","geom": "point","label": "a","mult": 2 } ] } } ],"n": 2,"sg": 222 }