{ "its": [ { "cleg": "223","det": 1.0,"gen": [ "x,y,z","-x,-y,z","-x,y,-z","z,x,y","y+1/2,x+1/2,-z+1/2","-x,-y,-z" ],"gp": [ "x,y,z","-x,-y,z","-x,y,-z","x,-y,-z","z,x,y","z,-x,-y","-z,-x,y","-z,x,-y","y,z,x","-y,z,-x","y,-z,-x","-y,-z,x","y+1/2,x+1/2,-z+1/2","-y+1/2,-x+1/2,-z+1/2","y+1/2,-x+1/2,z+1/2","-y+1/2,x+1/2,z+1/2","x+1/2,z+1/2,-y+1/2","-x+1/2,z+1/2,y+1/2","-x+1/2,-z+1/2,-y+1/2","x+1/2,-z+1/2,y+1/2","z+1/2,y+1/2,-x+1/2","z+1/2,-y+1/2,x+1/2","-z+1/2,y+1/2,x+1/2","-z+1/2,-y+1/2,-x+1/2","-x,-y,-z","x,y,-z","x,-y,z","-x,y,z","-z,-x,-y","-z,x,y","z,x,-y","z,-x,y","-y,-z,-x","y,-z,x","-y,z,x","y,z,-x","-y+1/2,-x+1/2,z+1/2","y+1/2,x+1/2,z+1/2","-y+1/2,x+1/2,-z+1/2","y+1/2,-x+1/2,-z+1/2","-x+1/2,-z+1/2,y+1/2","x+1/2,-z+1/2,-y+1/2","x+1/2,z+1/2,y+1/2","-x+1/2,z+1/2,-y+1/2","-z+1/2,-y+1/2,x+1/2","-z+1/2,y+1/2,-x+1/2","z+1/2,-y+1/2,-x+1/2","z+1/2,y+1/2,x+1/2" ],"hall": "-P 4n 2 3","hm": "P m -3 n","id": "P_m_-3_n","jmolId": "223","set": 1,"sg": 223,"tm": "a,b,c","trm": "a,b,c","wpos": { "pos": [ { "desc": "1","geom": "general","label": "l","mult": 48 },{ "coord": [ "0,y,z","0,-y,z","0,y,-z","0,-y,-z","z,0,y","z,0,-y","-z,0,y","-z,0,-y","y,z,0","-y,z,0","y,-z,0","-y,-z,0","y+1/2,1/2,-z+1/2","-y+1/2,1/2,-z+1/2","y+1/2,1/2,z+1/2","-y+1/2,1/2,z+1/2","1/2,z+1/2,-y+1/2","1/2,z+1/2,y+1/2","1/2,-z+1/2,-y+1/2","1/2,-z+1/2,y+1/2","z+1/2,y+1/2,1/2","z+1/2,-y+1/2,1/2","-z+1/2,y+1/2,1/2","-z+1/2,-y+1/2,1/2" ],"desc": "m..","geom": "plane","label": "k","mult": 24 },{ "coord": [ "1/4,y,y+1/2","3/4,-y,y+1/2","3/4,y,-y+1/2","1/4,-y,-y+1/2","y+1/2,1/4,y","y+1/2,3/4,-y","-y+1/2,3/4,y","-y+1/2,1/4,-y","y,y+1/2,1/4","-y,y+1/2,3/4","y,-y+1/2,3/4","-y,-y+1/2,1/4","3/4,-y,-y+1/2","1/4,y,-y+1/2","1/4,-y,y+1/2","3/4,y,y+1/2","-y+1/2,3/4,-y","-y+1/2,1/4,y","y+1/2,1/4,-y","y+1/2,3/4,y","-y,-y+1/2,3/4","y,-y+1/2,1/4","-y,y+1/2,1/4","y,y+1/2,3/4" ],"desc": "..2","geom": "line","label": "j","mult": 24 },{ "coord": [ "x,x,x","-x,-x,x","-x,x,-x","x,-x,-x","x+1/2,x+1/2,-x+1/2","-x+1/2,-x+1/2,-x+1/2","x+1/2,-x+1/2,x+1/2","-x+1/2,x+1/2,x+1/2","-x,-x,-x","x,x,-x","x,-x,x","-x,x,x","-x+1/2,-x+1/2,x+1/2","x+1/2,x+1/2,x+1/2","-x+1/2,x+1/2,-x+1/2","x+1/2,-x+1/2,-x+1/2" ],"desc": ".3.","geom": "line","label": "i","mult": 16 },{ "coord": [ "x,1/2,0","-x,1/2,0","0,x,1/2","0,-x,1/2","1/2,0,x","1/2,0,-x","0,x+1/2,1/2","0,-x+1/2,1/2","x+1/2,1/2,0","-x+1/2,1/2,0","1/2,0,-x+1/2","1/2,0,x+1/2" ],"desc": "mm2 . .","geom": "line","label": "h","mult": 12 },{ "coord": [ "x,0,1/2","-x,0,1/2","1/2,x,0","1/2,-x,0","0,1/2,x","0,1/2,-x","1/2,x+1/2,0","1/2,-x+1/2,0","x+1/2,0,1/2","-x+1/2,0,1/2","0,1/2,-x+1/2","0,1/2,x+1/2" ],"desc": "mm2 . .","geom": "line","label": "g","mult": 12 },{ "coord": [ "x,0,0","-x,0,0","0,x,0","0,-x,0","0,0,x","0,0,-x","1/2,x+1/2,1/2","1/2,-x+1/2,1/2","x+1/2,1/2,1/2","-x+1/2,1/2,1/2","1/2,1/2,-x+1/2","1/2,1/2,x+1/2" ],"desc": "mm2 . .","geom": "line","label": "f","mult": 12 },{ "coord": [ "1/4,1/4,1/4","3/4,3/4,1/4","3/4,1/4,3/4","1/4,3/4,3/4","3/4,3/4,3/4","1/4,1/4,3/4","1/4,3/4,1/4","3/4,1/4,1/4" ],"desc": ".32","geom": "point","label": "e","mult": 8 },{ "coord": [ "1/4,1/2,0","3/4,1/2,0","0,1/4,1/2","0,3/4,1/2","1/2,0,1/4","1/2,0,3/4" ],"desc": "-4m. 2","geom": "point","label": "d","mult": 6 },{ "coord": [ "1/4,0,1/2","3/4,0,1/2","1/2,1/4,0","1/2,3/4,0","0,1/2,1/4","0,1/2,3/4" ],"desc": "-4m. 2","geom": "point","label": "c","mult": 6 },{ "coord": [ "0,1/2,1/2","1/2,0,1/2","1/2,1/2,0","0,1/2,0","1/2,0,0","0,0,1/2" ],"desc": "mmm . .","geom": "point","label": "b","mult": 6 },{ "coord": [ "0,0,0","1/2,1/2,1/2" ],"desc": "m-3.","geom": "point","label": "a","mult": 2 } ] } } ],"n": 1,"sg": 223 }