{ "its": [ { "cleg": "102","det": 1.0,"gen": [ "x,y,z","-x,-y,z","-y+1/2,x+1/2,z+1/2","x+1/2,-y+1/2,z+1/2" ],"gp": [ "x,y,z","-x,-y,z","-y+1/2,x+1/2,z+1/2","y+1/2,-x+1/2,z+1/2","x+1/2,-y+1/2,z+1/2","-x+1/2,y+1/2,z+1/2","-y,-x,z","y,x,z" ],"hall": "P 4n -2n","hm": "P 42 n m","id": "P_42_n_m","jmolId": "102","set": 1,"sg": 102,"tm": "a,b,c","trm": "a,b,c","wpos": { "pos": [ { "desc": "1","geom": "general","label": "d","mult": 8 },{ "coord": [ "x,x,z","-x,-x,z","-x+1/2,x+1/2,z+1/2","x+1/2,-x+1/2,z+1/2" ],"desc": "..m","geom": "plane","label": "c","mult": 4 },{ "coord": [ "0,1/2,z","0,1/2,z+1/2","1/2,0,z+1/2","1/2,0,z" ],"desc": "2..","geom": "line","label": "b","mult": 4 },{ "coord": [ "0,0,z","1/2,1/2,z+1/2" ],"desc": "2.m m","geom": "line","label": "a","mult": 2 } ] } },{ "cleg": "102:a-b,a+b,c","det": 2.0,"gen": [ "x,y,z","-x,-y,z","-y,x+1/2,z+1/2","y,x+1/2,z+1/2","x+1/2,y+1/2,z","-x+1/2,-y+1/2,z","-y+1/2,x,z+1/2","y+1/2,x,z+1/2" ],"gp": [ "x,y,z","-x,-y,z","-y,x+1/2,z+1/2","y,-x+1/2,z+1/2","y,x+1/2,z+1/2","-y,-x+1/2,z+1/2","x,-y,z","-x,y,z","x+1/2,y+1/2,z","-x+1/2,-y+1/2,z","-y+1/2,x,z+1/2","y+1/2,-x,z+1/2","y+1/2,x,z+1/2","-y+1/2,-x,z+1/2","x+1/2,-y+1/2,z","-x+1/2,y+1/2,z" ],"hall": "?","hm": "C 42 m g2","id": "C_42_m_g2","jmolId": "102:c","set": 2,"sg": 102,"tm": "a-b,a+b,c","trm": "a-b,a+b,c","wpos": { "pos": [ { "desc": "1","geom": "general","label": "d","mult": 8 },{ "coord": [ "0,x,z","0,-x,z","-x,1/2,z+1/2","x,1/2,z+1/2" ],"desc": "..m","geom": "plane","label": "c","mult": 4 },{ "coord": [ "3/4,1/4,z","3/4,1/4,z+1/2","1/4,1/4,z+1/2","1/4,1/4,z" ],"desc": "2..","geom": "line","label": "b","mult": 4 },{ "coord": [ "0,0,z","0,1/2,z+1/2" ],"desc": "2.m m","geom": "line","label": "a","mult": 2 } ] } } ],"n": 2,"sg": 102 }