{ "its": [ { "cleg": "42","det": 1.0,"gen": [ "x,y,z","-x,-y,z","x,-y,z","x,y+1/2,z+1/2","x+1/2,y,z+1/2" ],"gp": [ "x,y,z","-x,-y,z","x,-y,z","-x,y,z","x,y+1/2,z+1/2","-x,-y+1/2,z+1/2","x,-y+1/2,z+1/2","-x,y+1/2,z+1/2","x+1/2,y,z+1/2","-x+1/2,-y,z+1/2","x+1/2,-y,z+1/2","-x+1/2,y,z+1/2","x+1/2,y+1/2,z","-x+1/2,-y+1/2,z","x+1/2,-y+1/2,z","-x+1/2,y+1/2,z" ],"hall": "F 2 -2","hm": "F m m 2","id": "F_m_m_2","jmolId": "42","set": 1,"sg": 42,"tm": "a,b,c","trm": "a,b,c","wpos": { "cent": [ "0,1/2,1/2","1/2,0,1/2","1/2,1/2,0" ],"pos": [ { "desc": "1","geom": "general","label": "e","mult": 16 },{ "coord": [ "x,0,z","-x,0,z" ],"desc": ".m.","geom": "plane","label": "d","mult": 8 },{ "coord": [ "0,y,z","0,-y,z" ],"desc": "m..","geom": "plane","label": "c","mult": 8 },{ "coord": [ "1/4,1/4,z","1/4,3/4,z" ],"desc": "..2","geom": "line","label": "b","mult": 8 },{ "coord": [ "0,0,z" ],"desc": "mm2","geom": "line","label": "a","mult": 4 } ] } },{ "cleg": "42:c,a,b","det": 1.0,"gen": [ "x,y,z","x,-y,-z","x,y,-z","x+1/2,y,z+1/2","x+1/2,y+1/2,z" ],"gp": [ "x,y,z","x,-y,-z","x,y,-z","x,-y,z","x+1/2,y,z+1/2","x+1/2,-y,-z+1/2","x+1/2,y,-z+1/2","x+1/2,-y,z+1/2","x+1/2,y+1/2,z","x+1/2,-y+1/2,-z","x+1/2,y+1/2,-z","x+1/2,-y+1/2,z","x,y+1/2,z+1/2","x,-y+1/2,-z+1/2","x,y+1/2,-z+1/2","x,-y+1/2,z+1/2" ],"hall": "F -2 2","hm": "F 2 m m","id": "F_2_m_m","jmolId": "42:cab","set": 2,"sg": 42,"tm": "c,a,b","trm": "c,a,b","wpos": { "cent": [ "1/2,0,1/2","1/2,1/2,0","0,1/2,1/2" ],"pos": [ { "desc": "1","geom": "general","label": "e","mult": 16 },{ "coord": [ "z,x,0","z,-x,0" ],"desc": ".m.","geom": "plane","label": "d","mult": 8 },{ "coord": [ "z,0,y","z,0,-y" ],"desc": "m..","geom": "plane","label": "c","mult": 8 },{ "coord": [ "z,1/4,1/4","z,1/4,3/4" ],"desc": "..2","geom": "line","label": "b","mult": 8 },{ "coord": [ "z,0,0" ],"desc": "mm2","geom": "line","label": "a","mult": 4 } ] } },{ "cleg": "42:b,c,a","det": 1.0,"gen": [ "x,y,z","-x,y,-z","-x,y,z","x+1/2,y+1/2,z","x,y+1/2,z+1/2" ],"gp": [ "x,y,z","-x,y,-z","-x,y,z","x,y,-z","x+1/2,y+1/2,z","-x+1/2,y+1/2,-z","-x+1/2,y+1/2,z","x+1/2,y+1/2,-z","x,y+1/2,z+1/2","-x,y+1/2,-z+1/2","-x,y+1/2,z+1/2","x,y+1/2,-z+1/2","x+1/2,y,z+1/2","-x+1/2,y,-z+1/2","-x+1/2,y,z+1/2","x+1/2,y,-z+1/2" ],"hall": "F -2 -2","hm": "F m 2 m","id": "F_m_2_m","jmolId": "42:bca","set": 3,"sg": 42,"tm": "b,c,a","trm": "b,c,a","wpos": { "cent": [ "1/2,1/2,0","0,1/2,1/2","1/2,0,1/2" ],"pos": [ { "desc": "1","geom": "general","label": "e","mult": 16 },{ "coord": [ "0,z,x","0,z,-x" ],"desc": ".m.","geom": "plane","label": "d","mult": 8 },{ "coord": [ "y,z,0","-y,z,0" ],"desc": "m..","geom": "plane","label": "c","mult": 8 },{ "coord": [ "1/4,z,1/4","3/4,z,1/4" ],"desc": "..2","geom": "line","label": "b","mult": 8 },{ "coord": [ "0,z,0" ],"desc": "mm2","geom": "line","label": "a","mult": 4 } ] } } ],"n": 3,"sg": 42 }