{ "its": [ { "cleg": "99","det": 1.0,"gen": [ "x,y,z","-x,-y,z","-y,x,z","x,-y,z" ],"gp": [ "x,y,z","-x,-y,z","-y,x,z","y,-x,z","x,-y,z","-x,y,z","-y,-x,z","y,x,z" ],"hall": "P 4 -2","hm": "P 4 m m","id": "P_4_m_m","jmolId": "99","set": 1,"sg": 99,"tm": "a,b,c","trm": "a,b,c","wpos": { "pos": [ { "desc": "1","geom": "general","label": "g","mult": 8 },{ "coord": [ "x,1/2,z","-x,1/2,z","1/2,x,z","1/2,-x,z" ],"desc": ".m.","geom": "plane","label": "f","mult": 4 },{ "coord": [ "x,0,z","-x,0,z","0,x,z","0,-x,z" ],"desc": ".m.","geom": "plane","label": "e","mult": 4 },{ "coord": [ "x,x,z","-x,-x,z","-x,x,z","x,-x,z" ],"desc": "..m","geom": "plane","label": "d","mult": 4 },{ "coord": [ "1/2,0,z","0,1/2,z" ],"desc": "2mm .","geom": "line","label": "c","mult": 2 },{ "coord": [ "1/2,1/2,z" ],"desc": "4mm","geom": "line","label": "b","mult": 1 },{ "coord": [ "0,0,z" ],"desc": "4mm","geom": "line","label": "a","mult": 1 } ] } },{ "cleg": "99:a-b,a+b,c","det": 2.0,"gen": [ "x,y,z","-x,-y,z","-y,x,z","y,x,z","x+1/2,y+1/2,z","-x+1/2,-y+1/2,z","-y+1/2,x+1/2,z","y+1/2,x+1/2,z" ],"gp": [ "x,y,z","-x,-y,z","-y,x,z","y,-x,z","y,x,z","-y,-x,z","x,-y,z","-x,y,z","x+1/2,y+1/2,z","-x+1/2,-y+1/2,z","-y+1/2,x+1/2,z","y+1/2,-x+1/2,z","y+1/2,x+1/2,z","-y+1/2,-x+1/2,z","x+1/2,-y+1/2,z","-x+1/2,y+1/2,z" ],"hall": "C 4 -2","hm": "C 4 m m","id": "C_4_m_m","jmolId": "99:c","set": 2,"sg": 99,"tm": "a-b,a+b,c","trm": "a-b,a+b,c","wpos": { "pos": [ { "desc": "1","geom": "general","label": "g","mult": 8 },{ "coord": [ "1/2x+3/4,1/2x+1/4,z","-1/2x+3/4,-1/2x+1/4,z","-1/2x+1/4,1/2x+1/4,z","1/2x+1/4,-1/2x+1/4,z" ],"desc": ".m.","geom": "plane","label": "f","mult": 4 },{ "coord": [ "1/2x,1/2x,z","-1/2x,-1/2x,z","-1/2x,1/2x,z","1/2x,-1/2x,z" ],"desc": ".m.","geom": "plane","label": "e","mult": 4 },{ "coord": [ "0,x,z","0,-x,z","-x,0,z","x,0,z" ],"desc": "..m","geom": "plane","label": "d","mult": 4 },{ "coord": [ "1/4,1/4,z","3/4,1/4,z" ],"desc": "2mm .","geom": "line","label": "c","mult": 2 },{ "coord": [ "0,1/2,z" ],"desc": "4mm","geom": "line","label": "b","mult": 1 },{ "coord": [ "0,0,z" ],"desc": "4mm","geom": "line","label": "a","mult": 1 } ] } } ],"n": 2,"sg": 99 }