{ "its": [ { "cleg": "76","det": 1.0,"gen": [ "x,y,z","-x,-y,z+1/2","-y,x,z+1/4" ],"gp": [ "x,y,z","-x,-y,z+1/2","-y,x,z+1/4","y,-x,z+3/4" ],"hall": "P 4w","hm": "P 41","id": "P_41","jmolId": "76","set": 1,"sg": 76,"tm": "a,b,c","trm": "a,b,c","wpos": { "pos": [ { "desc": "1","geom": "general","label": "a","mult": 4 } ] } },{ "cleg": "76:a-b,a+b,c","det": 2.0,"gen": [ "x,y,z","-x,-y,z+1/2","-y,x,z+1/4","x+1/2,y+1/2,z","-x+1/2,-y+1/2,z+1/2","-y+1/2,x+1/2,z+1/4" ],"gp": [ "x,y,z","-x,-y,z+1/2","-y,x,z+1/4","y,-x,z+3/4","x+1/2,y+1/2,z","-x+1/2,-y+1/2,z+1/2","-y+1/2,x+1/2,z+1/4","y+1/2,-x+1/2,z+3/4" ],"hall": "C 4w","hm": "C 41","id": "C_41","jmolId": "76:c","set": 2,"sg": 76,"tm": "a-b,a+b,c","trm": "a-b,a+b,c","wpos": { "pos": [ { "desc": "1","geom": "general","label": "a","mult": 4 } ] } } ],"n": 2,"sg": 76 }