{ "its": [ { "cleg": "194","det": 1.0,"gen": [ "x,y,z","-y,x-y,z","-x,-y,z+1/2","y,x,-z","-x,-y,-z" ],"gp": [ "x,y,z","-y,x-y,z","-x+y,-x,z","-x,-y,z+1/2","y,-x+y,z+1/2","x-y,x,z+1/2","y,x,-z","x-y,-y,-z","-x,-x+y,-z","-y,-x,-z+1/2","-x+y,y,-z+1/2","x,x-y,-z+1/2","-x,-y,-z","y,-x+y,-z","x-y,x,-z","x,y,-z+1/2","-y,x-y,-z+1/2","-x+y,-x,-z+1/2","-y,-x,z","-x+y,y,z","x,x-y,z","y,x,z+1/2","x-y,-y,z+1/2","-x,-x+y,z+1/2" ],"hall": "-P 6c 2c","hm": "P 63/m m c","id": "P_63/m_m_c","jmolId": "194","set": 1,"sg": 194,"tm": "a,b,c","trm": "a,b,c","wpos": { "pos": [ { "desc": "1","geom": "general","label": "l","mult": 24 },{ "coord": [ "x,2x,z","-2x,-x,z","x,-x,z","-x,-2x,z+1/2","2x,x,z+1/2","-x,x,z+1/2","2x,x,-z","-x,-2x,-z","-x,x,-z","-2x,-x,-z+1/2","x,2x,-z+1/2","x,-x,-z+1/2" ],"desc": ".m.","geom": "plane","label": "k","mult": 12 },{ "coord": [ "x,y,1/4","-y,x-y,1/4","-x+y,-x,1/4","-x,-y,3/4","y,-x+y,3/4","x-y,x,3/4","y,x,3/4","x-y,-y,3/4","-x,-x+y,3/4","-y,-x,1/4","-x+y,y,1/4","x,x-y,1/4" ],"desc": "m..","geom": "plane","label": "j","mult": 12 },{ "coord": [ "x,0,0","0,x,0","-x,-x,0","-x,0,1/2","0,-x,1/2","x,x,1/2","-x,0,0","0,-x,0","x,x,0","x,0,1/2","0,x,1/2","-x,-x,1/2" ],"desc": ".2.","geom": "line","label": "i","mult": 12 },{ "coord": [ "x,2x,1/4","-2x,-x,1/4","x,-x,1/4","-x,-2x,3/4","2x,x,3/4","-x,x,3/4" ],"desc": "mm2","geom": "line","label": "h","mult": 6 },{ "coord": [ "1/2,0,0","0,1/2,0","1/2,1/2,0","1/2,0,1/2","0,1/2,1/2","1/2,1/2,1/2" ],"desc": ".2/m.","geom": "point","label": "g","mult": 6 },{ "coord": [ "1/3,2/3,z","2/3,1/3,z+1/2","2/3,1/3,-z","1/3,2/3,-z+1/2" ],"desc": "3m.","geom": "line","label": "f","mult": 4 },{ "coord": [ "0,0,z","0,0,z+1/2","0,0,-z","0,0,-z+1/2" ],"desc": "3m.","geom": "line","label": "e","mult": 4 },{ "coord": [ "1/3,2/3,3/4","2/3,1/3,1/4" ],"desc": "-6m2","geom": "point","label": "d","mult": 2 },{ "coord": [ "1/3,2/3,1/4","2/3,1/3,3/4" ],"desc": "-6m2","geom": "point","label": "c","mult": 2 },{ "coord": [ "0,0,1/4","0,0,3/4" ],"desc": "-6m2","geom": "point","label": "b","mult": 2 },{ "coord": [ "0,0,0","0,0,1/2" ],"desc": "-3m.","geom": "point","label": "a","mult": 2 } ] } } ],"n": 1,"sg": 194 }