{ "its": [ { "cleg": "212","det": 1.0,"gen": [ "x,y,z","-x+1/2,-y,z+1/2","-x,y+1/2,-z+1/2","z,x,y","y+1/4,x+3/4,-z+3/4" ],"gp": [ "x,y,z","-x+1/2,-y,z+1/2","-x,y+1/2,-z+1/2","x+1/2,-y+1/2,-z","z,x,y","z+1/2,-x+1/2,-y","-z+1/2,-x,y+1/2","-z,x+1/2,-y+1/2","y,z,x","-y,z+1/2,-x+1/2","y+1/2,-z+1/2,-x","-y+1/2,-z,x+1/2","y+1/4,x+3/4,-z+3/4","-y+1/4,-x+1/4,-z+1/4","y+3/4,-x+3/4,z+1/4","-y+3/4,x+1/4,z+3/4","x+1/4,z+3/4,-y+3/4","-x+3/4,z+1/4,y+3/4","-x+1/4,-z+1/4,-y+1/4","x+3/4,-z+3/4,y+1/4","z+1/4,y+3/4,-x+3/4","z+3/4,-y+3/4,x+1/4","-z+3/4,y+1/4,x+3/4","-z+1/4,-y+1/4,-x+1/4" ],"hall": "P 4acd 2ab 3","hm": "P 43 3 2","id": "P_43_3_2","jmolId": "212","set": 1,"sg": 212,"tm": "a,b,c","trm": "a,b,c","wpos": { "pos": [ { "desc": "1","geom": "general","label": "e","mult": 24 },{ "coord": [ "1/8,y,-y+1/4","3/8,-y,-y+3/4","7/8,y+1/2,y+1/4","5/8,-y+1/2,y+3/4","-y+1/4,1/8,y","-y+3/4,3/8,-y","y+1/4,7/8,y+1/2","y+3/4,5/8,-y+1/2","y,-y+1/4,1/8","-y,-y+3/4,3/8","y+1/2,y+1/4,7/8","-y+1/2,y+3/4,5/8" ],"desc": "..2","geom": "line","label": "d","mult": 12 },{ "coord": [ "x,x,x","-x+1/2,-x,x+1/2","-x,x+1/2,-x+1/2","x+1/2,-x+1/2,-x","x+1/4,x+3/4,-x+3/4","-x+1/4,-x+1/4,-x+1/4","x+3/4,-x+3/4,x+1/4","-x+3/4,x+1/4,x+3/4" ],"desc": ".3.","geom": "line","label": "c","mult": 8 },{ "coord": [ "5/8,5/8,5/8","7/8,3/8,1/8","3/8,1/8,7/8","1/8,7/8,3/8" ],"desc": ".32","geom": "point","label": "b","mult": 4 },{ "coord": [ "1/8,1/8,1/8","3/8,7/8,5/8","7/8,5/8,3/8","5/8,3/8,7/8" ],"desc": ".32","geom": "point","label": "a","mult": 4 } ] } } ],"n": 1,"sg": 212 }