{ "its": [ { "cleg": "138","det": 1.0,"gen": [ "x,y,z","-x+1/2,-y+1/2,z","-y+1/2,x,z+1/2","-x,y+1/2,-z+1/2","-x,-y,-z" ],"gp": [ "x,y,z","-x+1/2,-y+1/2,z","-y+1/2,x,z+1/2","y,-x+1/2,z+1/2","-x,y+1/2,-z+1/2","x+1/2,-y,-z+1/2","y+1/2,x+1/2,-z","-y,-x,-z","-x,-y,-z","x+1/2,y+1/2,-z","y+1/2,-x,-z+1/2","-y,x+1/2,-z+1/2","x,-y+1/2,z+1/2","-x+1/2,y,z+1/2","-y+1/2,-x+1/2,z","y,x,z" ],"hall": "-P 4ac 2ac","hm": "P 42/n c m  :2","id": "P_42/n_c_m__2","jmolId": "138:2","set": 1,"sg": 138,"tm": "a,b,c","trm": "a,b,c","wpos": { "pos": [ { "desc": "1","geom": "general","label": "j","mult": 16 },{ "coord": [ "x,x,z","-x+1/2,-x+1/2,z","-x+1/2,x,z+1/2","x,-x+1/2,z+1/2","-x,x+1/2,-z+1/2","x+1/2,-x,-z+1/2","x+1/2,x+1/2,-z","-x,-x,-z" ],"desc": "..m","geom": "plane","label": "i","mult": 8 },{ "coord": [ "x,-x,0","-x+1/2,x+1/2,0","x+1/2,x,1/2","-x,-x+1/2,1/2","-x,x,0","x+1/2,-x+1/2,0","-x+1/2,-x,1/2","x,x+1/2,1/2" ],"desc": "..2","geom": "line","label": "h","mult": 8 },{ "coord": [ "x,-x,1/2","-x+1/2,x+1/2,1/2","x+1/2,x,0","-x,-x+1/2,0","-x,x,1/2","x+1/2,-x+1/2,1/2","-x+1/2,-x,0","x,x+1/2,0" ],"desc": "..2","geom": "line","label": "g","mult": 8 },{ "coord": [ "3/4,1/4,z","1/4,3/4,z+1/2","1/4,3/4,-z+1/2","3/4,1/4,-z","1/4,3/4,-z","3/4,1/4,-z+1/2","3/4,1/4,z+1/2","1/4,3/4,z" ],"desc": "2..","geom": "line","label": "f","mult": 8 },{ "coord": [ "1/4,1/4,z","1/4,1/4,z+1/2","3/4,3/4,-z+1/2","3/4,3/4,-z" ],"desc": "2.m m","geom": "line","label": "e","mult": 4 },{ "coord": [ "0,0,0","1/2,1/2,0","1/2,0,1/2","0,1/2,1/2" ],"desc": "..2/m","geom": "point","label": "d","mult": 4 },{ "coord": [ "0,0,1/2","1/2,1/2,1/2","1/2,0,0","0,1/2,0" ],"desc": "..2/m","geom": "point","label": "c","mult": 4 },{ "coord": [ "3/4,1/4,3/4","1/4,3/4,1/4","1/4,3/4,3/4","3/4,1/4,1/4" ],"desc": "-4..","geom": "point","label": "b","mult": 4 },{ "coord": [ "3/4,1/4,0","1/4,3/4,1/2","1/4,3/4,0","3/4,1/4,1/2" ],"desc": "2.2 2","geom": "point","label": "a","mult": 4 } ] } },{ "cleg": "138:a-b,a+b,c","det": 2.0,"gen": [ "x,y,z","-x,-y+1/2,z","-y+1/4,x+1/4,z+1/2","-y+3/4,-x+1/4,-z+1/2","-x,-y,-z","x+1/2,y+1/2,z","-x+1/2,-y,z","-y+3/4,x+3/4,z+1/2","-y+1/4,-x+3/4,-z+1/2","-x+1/2,-y+1/2,-z" ],"gp": [ "x,y,z","-x,-y+1/2,z","-y+1/4,x+1/4,z+1/2","y+3/4,-x+1/4,z+1/2","-y+3/4,-x+1/4,-z+1/2","y+1/4,x+1/4,-z+1/2","-x,y+1/2,-z","x,-y,-z","-x,-y,-z","x,y+1/2,-z","y+1/4,-x+1/4,-z+1/2","-y+3/4,x+1/4,-z+1/2","y+3/4,x+1/4,z+1/2","-y+1/4,-x+1/4,z+1/2","x,-y+1/2,z","-x,y,z","x+1/2,y+1/2,z","-x+1/2,-y,z","-y+3/4,x+3/4,z+1/2","y+1/4,-x+3/4,z+1/2","-y+1/4,-x+3/4,-z+1/2","y+3/4,x+3/4,-z+1/2","-x+1/2,y,-z","x+1/2,-y+1/2,-z","-x+1/2,-y+1/2,-z","x+1/2,y,-z","y+3/4,-x+3/4,-z+1/2","-y+1/4,x+3/4,-z+1/2","y+1/4,x+3/4,z+1/2","-y+3/4,-x+3/4,z+1/2","x+1/2,-y,z","-x+1/2,y+1/2,z" ],"hall": "?","hm": "C 42/e m c :2","id": "C_42/e_m_c_2","jmolId": "138:c2","set": 2,"sg": 138,"tm": "a-b,a+b,c","trm": "a-b,a+b,c","wpos": { "pos": [ { "desc": "1","geom": "general","label": "j","mult": 16 },{ "coord": [ "0,x,z","0,-x+1/2,z","-x+1/4,1/4,z+1/2","x+3/4,1/4,z+1/2","-x+3/4,1/4,-z+1/2","x+1/4,1/4,-z+1/2","0,x+1/2,-z","0,-x,-z" ],"desc": "..m","geom": "plane","label": "i","mult": 8 },{ "coord": [ "x,0,0","-x,1/2,0","1/4,x+1/4,1/2","3/4,-x+1/4,1/2","-x,0,0","x,1/2,0","1/4,-x+1/4,1/2","3/4,x+1/4,1/2" ],"desc": "..2","geom": "line","label": "h","mult": 8 },{ "coord": [ "x,0,1/2","-x,1/2,1/2","1/4,x+1/4,0","3/4,-x+1/4,0","-x,0,1/2","x,1/2,1/2","1/4,-x+1/4,0","3/4,x+1/4,0" ],"desc": "..2","geom": "line","label": "g","mult": 8 },{ "coord": [ "1/4,1/2,z","3/4,1/2,z+1/2","3/4,1/2,-z+1/2","1/4,1/2,-z","3/4,1/2,-z","1/4,1/2,-z+1/2","1/4,1/2,z+1/2","3/4,1/2,z" ],"desc": "2..","geom": "line","label": "f","mult": 8 },{ "coord": [ "0,1/4,z","0,1/4,z+1/2","0,3/4,-z+1/2","0,3/4,-z" ],"desc": "2.m m","geom": "line","label": "e","mult": 4 },{ "coord": [ "0,0,0","0,1/2,0","1/4,1/4,1/2","3/4,1/4,1/2" ],"desc": "..2/m","geom": "point","label": "d","mult": 4 },{ "coord": [ "0,0,1/2","0,1/2,1/2","1/4,1/4,0","3/4,1/4,0" ],"desc": "..2/m","geom": "point","label": "c","mult": 4 },{ "coord": [ "1/4,1/2,3/4","3/4,1/2,1/4","3/4,1/2,3/4","1/4,1/2,1/4" ],"desc": "-4..","geom": "point","label": "b","mult": 4 },{ "coord": [ "1/4,1/2,0","3/4,1/2,1/2","3/4,1/2,0","1/4,1/2,1/2" ],"desc": "2.2 2","geom": "point","label": "a","mult": 4 } ] } },{ "cleg": "138:a,b,c;-1/4,1/4,-1/4","det": 1.0,"gen": [ "x,y,z","-x,-y,z","-y+1/2,x+1/2,z+1/2","-x+1/2,y+1/2,-z","-x+1/2,-y+1/2,-z+1/2" ],"gp": [ "x,y,z","-x,-y,z","-y+1/2,x+1/2,z+1/2","y+1/2,-x+1/2,z+1/2","-x+1/2,y+1/2,-z","x+1/2,-y+1/2,-z","y,x,-z+1/2","-y,-x,-z+1/2","-x+1/2,-y+1/2,-z+1/2","x+1/2,y+1/2,-z+1/2","y,-x,-z","-y,x,-z","x,-y,z+1/2","-x,y,z+1/2","-y+1/2,-x+1/2,z","y+1/2,x+1/2,z" ],"hall": "P 4n 2ab -1n","hm": "P 42/n c m :1","id": "P_42/n_c_m_1","jmolId": "138:1","set": 3,"sg": 138,"tm": "a-1/4,b+1/4,c-1/4","trm": "a,b,c;-1/4,1/4,-1/4","wpos": { "pos": [ { "desc": "1","geom": "general","label": "j","mult": 16 },{ "coord": [ "x+1/4,x+3/4,z+1/4","-x+3/4,-x+1/4,z+1/4","-x+3/4,x+3/4,z+3/4","x+1/4,-x+1/4,z+3/4","-x+1/4,x+1/4,-z+3/4","x+3/4,-x+3/4,-z+3/4","x+3/4,x+1/4,-z+1/4","-x+1/4,-x+3/4,-z+1/4" ],"desc": "..m","geom": "plane","label": "i","mult": 8 },{ "coord": [ "x+1/4,-x+3/4,1/4","-x+3/4,x+1/4,1/4","x+3/4,x+3/4,3/4","-x+1/4,-x+1/4,3/4","-x+1/4,x+3/4,1/4","x+3/4,-x+1/4,1/4","-x+3/4,-x+3/4,3/4","x+1/4,x+1/4,3/4" ],"desc": "..2","geom": "line","label": "h","mult": 8 },{ "coord": [ "x+1/4,-x+3/4,3/4","-x+3/4,x+1/4,3/4","x+3/4,x+3/4,1/4","-x+1/4,-x+1/4,1/4","-x+1/4,x+3/4,3/4","x+3/4,-x+1/4,3/4","-x+3/4,-x+3/4,1/4","x+1/4,x+1/4,1/4" ],"desc": "..2","geom": "line","label": "g","mult": 8 },{ "coord": [ "0,0,z+1/4","1/2,1/2,z+3/4","1/2,1/2,-z+3/4","0,0,-z+1/4","1/2,1/2,-z+1/4","0,0,-z+3/4","0,0,z+3/4","1/2,1/2,z+1/4" ],"desc": "2..","geom": "line","label": "f","mult": 8 },{ "coord": [ "1/2,0,z+1/4","1/2,0,z+3/4","0,1/2,-z+3/4","0,1/2,-z+1/4" ],"desc": "2.m m","geom": "line","label": "e","mult": 4 },{ "coord": [ "1/4,3/4,1/4","3/4,1/4,1/4","3/4,3/4,3/4","1/4,1/4,3/4" ],"desc": "..2/m","geom": "point","label": "d","mult": 4 },{ "coord": [ "1/4,3/4,3/4","3/4,1/4,3/4","3/4,3/4,1/4","1/4,1/4,1/4" ],"desc": "..2/m","geom": "point","label": "c","mult": 4 },{ "coord": [ "0,0,0","1/2,1/2,1/2","1/2,1/2,0","0,0,1/2" ],"desc": "-4..","geom": "point","label": "b","mult": 4 },{ "coord": [ "0,0,1/4","1/2,1/2,3/4","1/2,1/2,1/4","0,0,3/4" ],"desc": "2.2 2","geom": "point","label": "a","mult": 4 } ] } },{ "cleg": "138:a-b,a+b,c;-1/4,1/4,-1/4","det": 2.0,"gen": [ "x,y,z","-x+1/2,-y+1/2,z","-y+1/2,x,z+1/2","-y,-x+1/2,-z","-x+1/2,-y,-z+1/2","x+1/2,y+1/2,z","-x,-y,z","-y,x+1/2,z+1/2","-y+1/2,-x,-z","-x,-y+1/2,-z+1/2" ],"gp": [ "x,y,z","-x+1/2,-y+1/2,z","-y+1/2,x,z+1/2","y,-x+1/2,z+1/2","-y,-x+1/2,-z","y+1/2,x,-z","-x+1/2,y+1/2,-z+1/2","x,-y,-z+1/2","-x+1/2,-y,-z+1/2","x,y+1/2,-z+1/2","y+1/2,-x+1/2,-z","-y,x,-z","y,x,z+1/2","-y+1/2,-x+1/2,z+1/2","x,-y+1/2,z","-x+1/2,y,z","x+1/2,y+1/2,z","-x,-y,z","-y,x+1/2,z+1/2","y+1/2,-x,z+1/2","-y+1/2,-x,-z","y,x+1/2,-z","-x,y,-z+1/2","x+1/2,-y+1/2,-z+1/2","-x,-y+1/2,-z+1/2","x+1/2,y,-z+1/2","y,-x,-z","-y+1/2,x+1/2,-z","y+1/2,x+1/2,z+1/2","-y,-x,z+1/2","x+1/2,-y,z","-x,y+1/2,z" ],"hall": "?","hm": "C 42/e m c :1","id": "C_42/e_m_c_1","jmolId": "138:c1","set": 4,"sg": 138,"tm": "a-b-1/4,a+b+1/4,c-1/4","trm": "a-b,a+b,c;-1/4,1/4,-1/4","wpos": { "pos": [ { "desc": "1","geom": "general","label": "j","mult": 16 },{ "coord": [ "1/4,x,z+1/4","1/4,-x+1/2,z+1/4","-x+1/2,1/4,z+3/4","x,1/4,z+3/4","-x,1/4,-z+3/4","x+1/2,1/4,-z+3/4","1/4,x+1/2,-z+1/4","1/4,-x,-z+1/4" ],"desc": "..m","geom": "plane","label": "i","mult": 8 },{ "coord": [ "x+1/4,0,1/4","-x+1/4,1/2,1/4","1/2,x+1/4,3/4","0,-x+1/4,3/4","-x+1/4,0,1/4","x+1/4,1/2,1/4","1/2,-x+1/4,3/4","0,x+1/4,3/4" ],"desc": "..2","geom": "line","label": "h","mult": 8 },{ "coord": [ "x+1/4,0,3/4","-x+1/4,1/2,3/4","1/2,x+1/4,1/4","0,-x+1/4,1/4","-x+1/4,0,3/4","x+1/4,1/2,3/4","1/2,-x+1/4,1/4","0,x+1/4,1/4" ],"desc": "..2","geom": "line","label": "g","mult": 8 },{ "coord": [ "1/2,1/2,z+1/4","0,1/2,z+3/4","0,1/2,-z+3/4","1/2,1/2,-z+1/4","0,1/2,-z+1/4","1/2,1/2,-z+3/4","1/2,1/2,z+3/4","0,1/2,z+1/4" ],"desc": "2..","geom": "line","label": "f","mult": 8 },{ "coord": [ "1/4,1/4,z+1/4","1/4,1/4,z+3/4","1/4,3/4,-z+3/4","1/4,3/4,-z+1/4" ],"desc": "2.m m","geom": "line","label": "e","mult": 4 },{ "coord": [ "1/4,0,1/4","1/4,1/2,1/4","1/2,1/4,3/4","0,1/4,3/4" ],"desc": "..2/m","geom": "point","label": "d","mult": 4 },{ "coord": [ "1/4,0,3/4","1/4,1/2,3/4","1/2,1/4,1/4","0,1/4,1/4" ],"desc": "..2/m","geom": "point","label": "c","mult": 4 },{ "coord": [ "1/2,1/2,0","0,1/2,1/2","0,1/2,0","1/2,1/2,1/2" ],"desc": "-4..","geom": "point","label": "b","mult": 4 },{ "coord": [ "1/2,1/2,1/4","0,1/2,3/4","0,1/2,1/4","1/2,1/2,3/4" ],"desc": "2.2 2","geom": "point","label": "a","mult": 4 } ] } } ],"n": 4,"sg": 138 }