{ "its": [ { "cleg": "186","det": 1.0,"gen": [ "x,y,z","-y,x-y,z","-x,-y,z+1/2","-y,-x,z" ],"gp": [ "x,y,z","-y,x-y,z","-x+y,-x,z","-x,-y,z+1/2","y,-x+y,z+1/2","x-y,x,z+1/2","-y,-x,z","-x+y,y,z","x,x-y,z","y,x,z+1/2","x-y,-y,z+1/2","-x,-x+y,z+1/2" ],"hall": "P 6c -2c","hm": "P 63 m c","id": "P_63_m_c","jmolId": "186","set": 1,"sg": 186,"tm": "a,b,c","trm": "a,b,c","wpos": { "pos": [ { "desc": "1","geom": "general","label": "d","mult": 12 },{ "coord": [ "x,-x,z","x,2x,z","-2x,-x,z","-x,x,z+1/2","-x,-2x,z+1/2","2x,x,z+1/2" ],"desc": ".m.","geom": "plane","label": "c","mult": 6 },{ "coord": [ "1/3,2/3,z","2/3,1/3,z+1/2" ],"desc": "3m.","geom": "line","label": "b","mult": 2 },{ "coord": [ "0,0,z","0,0,z+1/2" ],"desc": "3m.","geom": "line","label": "a","mult": 2 } ] } } ],"n": 1,"sg": 186 }