{ "its": [ { "cleg": "69","det": 1.0,"gen": [ "x,y,z","-x,-y,z","-x,y,-z","-x,-y,-z","x,y+1/2,z+1/2","x+1/2,y,z+1/2" ],"gp": [ "x,y,z","-x,-y,z","-x,y,-z","x,-y,-z","-x,-y,-z","x,y,-z","x,-y,z","-x,y,z","x,y+1/2,z+1/2","-x,-y+1/2,z+1/2","-x,y+1/2,-z+1/2","x,-y+1/2,-z+1/2","-x,-y+1/2,-z+1/2","x,y+1/2,-z+1/2","x,-y+1/2,z+1/2","-x,y+1/2,z+1/2","x+1/2,y,z+1/2","-x+1/2,-y,z+1/2","-x+1/2,y,-z+1/2","x+1/2,-y,-z+1/2","-x+1/2,-y,-z+1/2","x+1/2,y,-z+1/2","x+1/2,-y,z+1/2","-x+1/2,y,z+1/2","x+1/2,y+1/2,z","-x+1/2,-y+1/2,z","-x+1/2,y+1/2,-z","x+1/2,-y+1/2,-z","-x+1/2,-y+1/2,-z","x+1/2,y+1/2,-z","x+1/2,-y+1/2,z","-x+1/2,y+1/2,z" ],"hall": "-F 2 2","hm": "F m m m","id": "F_m_m_m","jmolId": "69","set": 1,"sg": 69,"tm": "a,b,c","trm": "a,b,c","wpos": { "cent": [ "0,1/2,1/2","1/2,0,1/2","1/2,1/2,0" ],"pos": [ { "desc": "1","geom": "general","label": "p","mult": 32 },{ "coord": [ "x,y,0","-x,-y,0","-x,y,0","x,-y,0" ],"desc": "..m","geom": "plane","label": "o","mult": 16 },{ "coord": [ "x,0,z","-x,0,z","-x,0,-z","x,0,-z" ],"desc": ".m.","geom": "plane","label": "n","mult": 16 },{ "coord": [ "0,y,z","0,-y,z","0,y,-z","0,-y,-z" ],"desc": "m..","geom": "plane","label": "m","mult": 16 },{ "coord": [ "x,1/4,1/4","-x,3/4,1/4","-x,3/4,3/4","x,1/4,3/4" ],"desc": "2..","geom": "line","label": "l","mult": 16 },{ "coord": [ "1/4,y,1/4","3/4,-y,1/4","3/4,-y,3/4","1/4,y,3/4" ],"desc": ".2.","geom": "line","label": "k","mult": 16 },{ "coord": [ "1/4,1/4,z","3/4,1/4,-z","3/4,3/4,-z","1/4,3/4,z" ],"desc": "..2","geom": "line","label": "j","mult": 16 },{ "coord": [ "0,0,z","0,0,-z" ],"desc": "mm2","geom": "line","label": "i","mult": 8 },{ "coord": [ "0,y,0","0,-y,0" ],"desc": "m2m","geom": "line","label": "h","mult": 8 },{ "coord": [ "x,0,0","-x,0,0" ],"desc": "2mm","geom": "line","label": "g","mult": 8 },{ "coord": [ "1/4,1/4,1/4","3/4,3/4,3/4" ],"desc": "222","geom": "point","label": "f","mult": 8 },{ "coord": [ "1/4,1/4,0","3/4,1/4,0" ],"desc": "..2/m","geom": "point","label": "e","mult": 8 },{ "coord": [ "1/4,0,1/4","3/4,0,1/4" ],"desc": ".2/m.","geom": "point","label": "d","mult": 8 },{ "coord": [ "0,1/4,1/4","0,3/4,1/4" ],"desc": "2/m..","geom": "point","label": "c","mult": 8 },{ "coord": [ "0,0,1/2" ],"desc": "mmm","geom": "point","label": "b","mult": 4 },{ "coord": [ "0,0,0" ],"desc": "mmm","geom": "point","label": "a","mult": 4 } ] } } ],"n": 1,"sg": 69 }