{ "its": [ { "cleg": "57","det": 1.0,"gen": [ "x,y,z","-x,-y,z+1/2","-x,y+1/2,-z+1/2","-x,-y,-z" ],"gp": [ "x,y,z","-x,-y,z+1/2","-x,y+1/2,-z+1/2","x,-y+1/2,-z","-x,-y,-z","x,y,-z+1/2","x,-y+1/2,z+1/2","-x,y+1/2,z" ],"hall": "-P 2c 2b","hm": "P b c m","id": "P_b_c_m","jmolId": "57","set": 1,"sg": 57,"tm": "a,b,c","trm": "a,b,c","wpos": { "pos": [ { "desc": "1","geom": "general","label": "e","mult": 8 },{ "coord": [ "x,y,1/4","-x,-y,3/4","-x,y+1/2,1/4","x,-y+1/2,3/4" ],"desc": "..m","geom": "plane","label": "d","mult": 4 },{ "coord": [ "x,1/4,0","-x,3/4,1/2","-x,3/4,0","x,1/4,1/2" ],"desc": "2..","geom": "line","label": "c","mult": 4 },{ "coord": [ "1/2,0,0","1/2,0,1/2","1/2,1/2,1/2","1/2,1/2,0" ],"desc": "-1","geom": "point","label": "b","mult": 4 },{ "coord": [ "0,0,0","0,0,1/2","0,1/2,1/2","0,1/2,0" ],"desc": "-1","geom": "point","label": "a","mult": 4 } ] } },{ "cleg": "57:b,a,-c","det": 1.0,"gen": [ "x,y,z","-x,-y,z+1/2","x+1/2,-y,-z+1/2","-x,-y,-z" ],"gp": [ "x,y,z","-x,-y,z+1/2","x+1/2,-y,-z+1/2","-x+1/2,y,-z","-x,-y,-z","x,y,-z+1/2","-x+1/2,y,z+1/2","x+1/2,-y,z" ],"hall": "-P 2c 2ac","hm": "P c a m","id": "P_c_a_m","jmolId": "57:ba-c","set": 2,"sg": 57,"tm": "b,a,-c","trm": "b,a,-c","wpos": { "pos": [ { "desc": "1","geom": "general","label": "e","mult": 8 },{ "coord": [ "y,x,3/4","-y,-x,1/4","y+1/2,-x,3/4","-y+1/2,x,1/4" ],"desc": "..m","geom": "plane","label": "d","mult": 4 },{ "coord": [ "1/4,x,0","3/4,-x,1/2","3/4,-x,0","1/4,x,1/2" ],"desc": "2..","geom": "line","label": "c","mult": 4 },{ "coord": [ "0,1/2,0","0,1/2,1/2","1/2,1/2,1/2","1/2,1/2,0" ],"desc": "-1","geom": "point","label": "b","mult": 4 },{ "coord": [ "0,0,0","0,0,1/2","1/2,0,1/2","1/2,0,0" ],"desc": "-1","geom": "point","label": "a","mult": 4 } ] } },{ "cleg": "57:c,a,b","det": 1.0,"gen": [ "x,y,z","x+1/2,-y,-z","-x+1/2,-y,z+1/2","-x,-y,-z" ],"gp": [ "x,y,z","x+1/2,-y,-z","-x+1/2,-y,z+1/2","-x,y,-z+1/2","-x,-y,-z","-x+1/2,y,z","x+1/2,y,-z+1/2","x,-y,z+1/2" ],"hall": "-P 2ac 2a","hm": "P m c a","id": "P_m_c_a","jmolId": "57:cab","set": 3,"sg": 57,"tm": "c,a,b","trm": "c,a,b","wpos": { "pos": [ { "desc": "1","geom": "general","label": "e","mult": 8 },{ "coord": [ "1/4,x,y","3/4,-x,-y","1/4,-x,y+1/2","3/4,x,-y+1/2" ],"desc": "..m","geom": "plane","label": "d","mult": 4 },{ "coord": [ "0,x,1/4","1/2,-x,3/4","0,-x,3/4","1/2,x,1/4" ],"desc": "2..","geom": "line","label": "c","mult": 4 },{ "coord": [ "0,1/2,0","1/2,1/2,0","1/2,1/2,1/2","0,1/2,1/2" ],"desc": "-1","geom": "point","label": "b","mult": 4 },{ "coord": [ "0,0,0","1/2,0,0","1/2,0,1/2","0,0,1/2" ],"desc": "-1","geom": "point","label": "a","mult": 4 } ] } },{ "cleg": "57:-c,b,a","det": 1.0,"gen": [ "x,y,z","x+1/2,-y,-z","-x+1/2,y+1/2,-z","-x,-y,-z" ],"gp": [ "x,y,z","x+1/2,-y,-z","-x+1/2,y+1/2,-z","-x,-y+1/2,z","-x,-y,-z","-x+1/2,y,z","x+1/2,-y+1/2,z","x,y+1/2,-z" ],"hall": "-P 2b 2a","hm": "P m a b","id": "P_m_a_b","jmolId": "57:-cba","set": 4,"sg": 57,"tm": "-c,b,a","trm": "-c,b,a","wpos": { "pos": [ { "desc": "1","geom": "general","label": "e","mult": 8 },{ "coord": [ "3/4,y,x","1/4,-y,-x","3/4,y+1/2,-x","1/4,-y+1/2,x" ],"desc": "..m","geom": "plane","label": "d","mult": 4 },{ "coord": [ "0,1/4,x","1/2,3/4,-x","0,3/4,-x","1/2,1/4,x" ],"desc": "2..","geom": "line","label": "c","mult": 4 },{ "coord": [ "0,0,1/2","1/2,0,1/2","1/2,1/2,1/2","0,1/2,1/2" ],"desc": "-1","geom": "point","label": "b","mult": 4 },{ "coord": [ "0,0,0","1/2,0,0","1/2,1/2,0","0,1/2,0" ],"desc": "-1","geom": "point","label": "a","mult": 4 } ] } },{ "cleg": "57:b,c,a","det": 1.0,"gen": [ "x,y,z","-x,y+1/2,-z","x+1/2,-y+1/2,-z","-x,-y,-z" ],"gp": [ "x,y,z","-x,y+1/2,-z","x+1/2,-y+1/2,-z","-x+1/2,-y,z","-x,-y,-z","x,-y+1/2,z","-x+1/2,y+1/2,z","x+1/2,y,-z" ],"hall": "-P 2a 2ab","hm": "P b m a","id": "P_b_m_a","jmolId": "57:bca","set": 5,"sg": 57,"tm": "b,c,a","trm": "b,c,a","wpos": { "pos": [ { "desc": "1","geom": "general","label": "e","mult": 8 },{ "coord": [ "y,1/4,x","-y,3/4,-x","y+1/2,1/4,-x","-y+1/2,3/4,x" ],"desc": "..m","geom": "plane","label": "d","mult": 4 },{ "coord": [ "1/4,0,x","3/4,1/2,-x","3/4,0,-x","1/4,1/2,x" ],"desc": "2..","geom": "line","label": "c","mult": 4 },{ "coord": [ "0,0,1/2","0,1/2,1/2","1/2,1/2,1/2","1/2,0,1/2" ],"desc": "-1","geom": "point","label": "b","mult": 4 },{ "coord": [ "0,0,0","0,1/2,0","1/2,1/2,0","1/2,0,0" ],"desc": "-1","geom": "point","label": "a","mult": 4 } ] } },{ "cleg": "57:a,-c,b","det": 1.0,"gen": [ "x,y,z","-x,y+1/2,-z","-x,-y+1/2,z+1/2","-x,-y,-z" ],"gp": [ "x,y,z","-x,y+1/2,-z","-x,-y+1/2,z+1/2","x,-y,-z+1/2","-x,-y,-z","x,-y+1/2,z","x,y+1/2,-z+1/2","-x,y,z+1/2" ],"hall": "-P 2bc 2c","hm": "P c m b","id": "P_c_m_b","jmolId": "57:a-cb","set": 6,"sg": 57,"tm": "a,-c,b","trm": "a,-c,b","wpos": { "pos": [ { "desc": "1","geom": "general","label": "e","mult": 8 },{ "coord": [ "x,3/4,y","-x,1/4,-y","-x,3/4,y+1/2","x,1/4,-y+1/2" ],"desc": "..m","geom": "plane","label": "d","mult": 4 },{ "coord": [ "x,0,1/4","-x,1/2,3/4","-x,0,3/4","x,1/2,1/4" ],"desc": "2..","geom": "line","label": "c","mult": 4 },{ "coord": [ "1/2,0,0","1/2,1/2,0","1/2,1/2,1/2","1/2,0,1/2" ],"desc": "-1","geom": "point","label": "b","mult": 4 },{ "coord": [ "0,0,0","0,1/2,0","0,1/2,1/2","0,0,1/2" ],"desc": "-1","geom": "point","label": "a","mult": 4 } ] } } ],"n": 6,"sg": 57 }