{ "its": [ { "cleg": "94","det": 1.0,"gen": [ "x,y,z","-x,-y,z","-y+1/2,x+1/2,z+1/2","-x+1/2,y+1/2,-z+1/2" ],"gp": [ "x,y,z","-x,-y,z","-y+1/2,x+1/2,z+1/2","y+1/2,-x+1/2,z+1/2","-x+1/2,y+1/2,-z+1/2","x+1/2,-y+1/2,-z+1/2","y,x,-z","-y,-x,-z" ],"hall": "P 4n 2n","hm": "P 42 21 2","id": "P_42_21_2","jmolId": "94","set": 1,"sg": 94,"tm": "a,b,c","trm": "a,b,c","wpos": { "pos": [ { "desc": "1","geom": "general","label": "g","mult": 8 },{ "coord": [ "x,x,1/2","-x,-x,1/2","-x+1/2,x+1/2,0","x+1/2,-x+1/2,0" ],"desc": "..2","geom": "line","label": "f","mult": 4 },{ "coord": [ "x,x,0","-x,-x,0","-x+1/2,x+1/2,1/2","x+1/2,-x+1/2,1/2" ],"desc": "..2","geom": "line","label": "e","mult": 4 },{ "coord": [ "0,1/2,z","0,1/2,z+1/2","1/2,0,-z+1/2","1/2,0,-z" ],"desc": "2..","geom": "line","label": "d","mult": 4 },{ "coord": [ "0,0,z","1/2,1/2,z+1/2","1/2,1/2,-z+1/2","0,0,-z" ],"desc": "2..","geom": "line","label": "c","mult": 4 },{ "coord": [ "0,0,1/2","1/2,1/2,0" ],"desc": "2.2 2","geom": "point","label": "b","mult": 2 },{ "coord": [ "0,0,0","1/2,1/2,1/2" ],"desc": "2.2 2","geom": "point","label": "a","mult": 2 } ] } },{ "cleg": "94:a-b,a+b,c","det": 2.0,"gen": [ "x,y,z","-x,-y,z","-y,x+1/2,z+1/2","-y,-x+1/2,-z+1/2","x+1/2,y+1/2,z","-x+1/2,-y+1/2,z","-y+1/2,x,z+1/2","-y+1/2,-x,-z+1/2" ],"gp": [ "x,y,z","-x,-y,z","-y,x+1/2,z+1/2","y,-x+1/2,z+1/2","-y,-x+1/2,-z+1/2","y,x+1/2,-z+1/2","-x,y,-z","x,-y,-z","x+1/2,y+1/2,z","-x+1/2,-y+1/2,z","-y+1/2,x,z+1/2","y+1/2,-x,z+1/2","-y+1/2,-x,-z+1/2","y+1/2,x,-z+1/2","-x+1/2,y+1/2,-z","x+1/2,-y+1/2,-z" ],"hall": "?","hm": "C 42 2 21","id": "C_42_2_21","jmolId": "94:c","set": 2,"sg": 94,"tm": "a-b,a+b,c","trm": "a-b,a+b,c","wpos": { "pos": [ { "desc": "1","geom": "general","label": "g","mult": 8 },{ "coord": [ "0,x,1/2","0,-x,1/2","-x,1/2,0","x,1/2,0" ],"desc": "..2","geom": "line","label": "f","mult": 4 },{ "coord": [ "0,x,0","0,-x,0","-x,1/2,1/2","x,1/2,1/2" ],"desc": "..2","geom": "line","label": "e","mult": 4 },{ "coord": [ "3/4,1/4,z","3/4,1/4,z+1/2","1/4,1/4,-z+1/2","1/4,1/4,-z" ],"desc": "2..","geom": "line","label": "d","mult": 4 },{ "coord": [ "0,0,z","0,1/2,z+1/2","0,1/2,-z+1/2","0,0,-z" ],"desc": "2..","geom": "line","label": "c","mult": 4 },{ "coord": [ "0,0,1/2","0,1/2,0" ],"desc": "2.2 2","geom": "point","label": "b","mult": 2 },{ "coord": [ "0,0,0","0,1/2,1/2" ],"desc": "2.2 2","geom": "point","label": "a","mult": 2 } ] } } ],"n": 2,"sg": 94 }