{ "its": [ { "cleg": "77","det": 1.0,"gen": [ "x,y,z","-x,-y,z","-y,x,z+1/2" ],"gp": [ "x,y,z","-x,-y,z","-y,x,z+1/2","y,-x,z+1/2" ],"hall": "P 4c","hm": "P 42","id": "P_42","jmolId": "77","set": 1,"sg": 77,"tm": "a,b,c","trm": "a,b,c","wpos": { "pos": [ { "desc": "1","geom": "general","label": "d","mult": 4 },{ "coord": [ "0,1/2,z","1/2,0,z+1/2" ],"desc": "2..","geom": "line","label": "c","mult": 2 },{ "coord": [ "1/2,1/2,z","1/2,1/2,z+1/2" ],"desc": "2..","geom": "line","label": "b","mult": 2 },{ "coord": [ "0,0,z","0,0,z+1/2" ],"desc": "2..","geom": "line","label": "a","mult": 2 } ] } },{ "cleg": "77:a-b,a+b,c","det": 2.0,"gen": [ "x,y,z","-x,-y,z","-y,x,z+1/2","x+1/2,y+1/2,z","-x+1/2,-y+1/2,z","-y+1/2,x+1/2,z+1/2" ],"gp": [ "x,y,z","-x,-y,z","-y,x,z+1/2","y,-x,z+1/2","x+1/2,y+1/2,z","-x+1/2,-y+1/2,z","-y+1/2,x+1/2,z+1/2","y+1/2,-x+1/2,z+1/2" ],"hall": "C 4c","hm": "C 42","id": "C_42","jmolId": "77:c","set": 2,"sg": 77,"tm": "a-b,a+b,c","trm": "a-b,a+b,c","wpos": { "pos": [ { "desc": "1","geom": "general","label": "d","mult": 4 },{ "coord": [ "3/4,1/4,z","1/4,1/4,z+1/2" ],"desc": "2..","geom": "line","label": "c","mult": 2 },{ "coord": [ "0,1/2,z","0,1/2,z+1/2" ],"desc": "2..","geom": "line","label": "b","mult": 2 },{ "coord": [ "0,0,z","0,0,z+1/2" ],"desc": "2..","geom": "line","label": "a","mult": 2 } ] } } ],"n": 2,"sg": 77 }