{ "its": [ { "cleg": "187","det": 1.0,"gen": [ "x,y,z","-y,x-y,z","x,y,-z","-y,-x,z" ],"gp": [ "x,y,z","-y,x-y,z","-x+y,-x,z","x,y,-z","-y,x-y,-z","-x+y,-x,-z","-y,-x,z","-x+y,y,z","x,x-y,z","-y,-x,-z","-x+y,y,-z","x,x-y,-z" ],"hall": "P -6 2","hm": "P -6 m 2","id": "P_-6_m_2","jmolId": "187","set": 1,"sg": 187,"tm": "a,b,c","trm": "a,b,c","wpos": { "pos": [ { "desc": "1","geom": "general","label": "o","mult": 12 },{ "coord": [ "x,-x,z","x,2x,z","-2x,-x,z","x,-x,-z","x,2x,-z","-2x,-x,-z" ],"desc": ".m.","geom": "plane","label": "n","mult": 6 },{ "coord": [ "x,y,1/2","-y,x-y,1/2","-x+y,-x,1/2","-y,-x,1/2","-x+y,y,1/2","x,x-y,1/2" ],"desc": "m..","geom": "plane","label": "m","mult": 6 },{ "coord": [ "x,y,0","-y,x-y,0","-x+y,-x,0","-y,-x,0","-x+y,y,0","x,x-y,0" ],"desc": "m..","geom": "plane","label": "l","mult": 6 },{ "coord": [ "x,-x,1/2","x,2x,1/2","-2x,-x,1/2" ],"desc": "mm2","geom": "line","label": "k","mult": 3 },{ "coord": [ "x,-x,0","x,2x,0","-2x,-x,0" ],"desc": "mm2","geom": "line","label": "j","mult": 3 },{ "coord": [ "2/3,1/3,z","2/3,1/3,-z" ],"desc": "3m.","geom": "line","label": "i","mult": 2 },{ "coord": [ "1/3,2/3,z","1/3,2/3,-z" ],"desc": "3m.","geom": "line","label": "h","mult": 2 },{ "coord": [ "0,0,z","0,0,-z" ],"desc": "3m.","geom": "line","label": "g","mult": 2 },{ "coord": [ "2/3,1/3,1/2" ],"desc": "-6m2","geom": "point","label": "f","mult": 1 },{ "coord": [ "2/3,1/3,0" ],"desc": "-6m2","geom": "point","label": "e","mult": 1 },{ "coord": [ "1/3,2/3,1/2" ],"desc": "-6m2","geom": "point","label": "d","mult": 1 },{ "coord": [ "1/3,2/3,0" ],"desc": "-6m2","geom": "point","label": "c","mult": 1 },{ "coord": [ "0,0,1/2" ],"desc": "-6m2","geom": "point","label": "b","mult": 1 },{ "coord": [ "0,0,0" ],"desc": "-6m2","geom": "point","label": "a","mult": 1 } ] } } ],"n": 1,"sg": 187 }