{ "its": [ { "cleg": "226","det": 1.0,"gen": [ "x,y,z","-x,-y,z","-x,y,-z","z,x,y","y+1/2,x+1/2,-z+1/2","-x,-y,-z","x,y+1/2,z+1/2","x+1/2,y,z+1/2" ],"gp": [ "x,y,z","-x,-y,z","-x,y,-z","x,-y,-z","z,x,y","z,-x,-y","-z,-x,y","-z,x,-y","y,z,x","-y,z,-x","y,-z,-x","-y,-z,x","y+1/2,x+1/2,-z+1/2","-y+1/2,-x+1/2,-z+1/2","y+1/2,-x+1/2,z+1/2","-y+1/2,x+1/2,z+1/2","x+1/2,z+1/2,-y+1/2","-x+1/2,z+1/2,y+1/2","-x+1/2,-z+1/2,-y+1/2","x+1/2,-z+1/2,y+1/2","z+1/2,y+1/2,-x+1/2","z+1/2,-y+1/2,x+1/2","-z+1/2,y+1/2,x+1/2","-z+1/2,-y+1/2,-x+1/2","-x,-y,-z","x,y,-z","x,-y,z","-x,y,z","-z,-x,-y","-z,x,y","z,x,-y","z,-x,y","-y,-z,-x","y,-z,x","-y,z,x","y,z,-x","-y+1/2,-x+1/2,z+1/2","y+1/2,x+1/2,z+1/2","-y+1/2,x+1/2,-z+1/2","y+1/2,-x+1/2,-z+1/2","-x+1/2,-z+1/2,y+1/2","x+1/2,-z+1/2,-y+1/2","x+1/2,z+1/2,y+1/2","-x+1/2,z+1/2,-y+1/2","-z+1/2,-y+1/2,x+1/2","-z+1/2,y+1/2,-x+1/2","z+1/2,-y+1/2,-x+1/2","z+1/2,y+1/2,x+1/2","x,y+1/2,z+1/2","-x,-y+1/2,z+1/2","-x,y+1/2,-z+1/2","x,-y+1/2,-z+1/2","z,x+1/2,y+1/2","z,-x+1/2,-y+1/2","-z,-x+1/2,y+1/2","-z,x+1/2,-y+1/2","y,z+1/2,x+1/2","-y,z+1/2,-x+1/2","y,-z+1/2,-x+1/2","-y,-z+1/2,x+1/2","y+1/2,x,-z","-y+1/2,-x,-z","y+1/2,-x,z","-y+1/2,x,z","x+1/2,z,-y","-x+1/2,z,y","-x+1/2,-z,-y","x+1/2,-z,y","z+1/2,y,-x","z+1/2,-y,x","-z+1/2,y,x","-z+1/2,-y,-x","-x,-y+1/2,-z+1/2","x,y+1/2,-z+1/2","x,-y+1/2,z+1/2","-x,y+1/2,z+1/2","-z,-x+1/2,-y+1/2","-z,x+1/2,y+1/2","z,x+1/2,-y+1/2","z,-x+1/2,y+1/2","-y,-z+1/2,-x+1/2","y,-z+1/2,x+1/2","-y,z+1/2,x+1/2","y,z+1/2,-x+1/2","-y+1/2,-x,z","y+1/2,x,z","-y+1/2,x,-z","y+1/2,-x,-z","-x+1/2,-z,y","x+1/2,-z,-y","x+1/2,z,y","-x+1/2,z,-y","-z+1/2,-y,x","-z+1/2,y,-x","z+1/2,-y,-x","z+1/2,y,x","x+1/2,y,z+1/2","-x+1/2,-y,z+1/2","-x+1/2,y,-z+1/2","x+1/2,-y,-z+1/2","z+1/2,x,y+1/2","z+1/2,-x,-y+1/2","-z+1/2,-x,y+1/2","-z+1/2,x,-y+1/2","y+1/2,z,x+1/2","-y+1/2,z,-x+1/2","y+1/2,-z,-x+1/2","-y+1/2,-z,x+1/2","y,x+1/2,-z","-y,-x+1/2,-z","y,-x+1/2,z","-y,x+1/2,z","x,z+1/2,-y","-x,z+1/2,y","-x,-z+1/2,-y","x,-z+1/2,y","z,y+1/2,-x","z,-y+1/2,x","-z,y+1/2,x","-z,-y+1/2,-x","-x+1/2,-y,-z+1/2","x+1/2,y,-z+1/2","x+1/2,-y,z+1/2","-x+1/2,y,z+1/2","-z+1/2,-x,-y+1/2","-z+1/2,x,y+1/2","z+1/2,x,-y+1/2","z+1/2,-x,y+1/2","-y+1/2,-z,-x+1/2","y+1/2,-z,x+1/2","-y+1/2,z,x+1/2","y+1/2,z,-x+1/2","-y,-x+1/2,z","y,x+1/2,z","-y,x+1/2,-z","y,-x+1/2,-z","-x,-z+1/2,y","x,-z+1/2,-y","x,z+1/2,y","-x,z+1/2,-y","-z,-y+1/2,x","-z,y+1/2,-x","z,-y+1/2,-x","z,y+1/2,x","x+1/2,y+1/2,z","-x+1/2,-y+1/2,z","-x+1/2,y+1/2,-z","x+1/2,-y+1/2,-z","z+1/2,x+1/2,y","z+1/2,-x+1/2,-y","-z+1/2,-x+1/2,y","-z+1/2,x+1/2,-y","y+1/2,z+1/2,x","-y+1/2,z+1/2,-x","y+1/2,-z+1/2,-x","-y+1/2,-z+1/2,x","y,x,-z+1/2","-y,-x,-z+1/2","y,-x,z+1/2","-y,x,z+1/2","x,z,-y+1/2","-x,z,y+1/2","-x,-z,-y+1/2","x,-z,y+1/2","z,y,-x+1/2","z,-y,x+1/2","-z,y,x+1/2","-z,-y,-x+1/2","-x+1/2,-y+1/2,-z","x+1/2,y+1/2,-z","x+1/2,-y+1/2,z","-x+1/2,y+1/2,z","-z+1/2,-x+1/2,-y","-z+1/2,x+1/2,y","z+1/2,x+1/2,-y","z+1/2,-x+1/2,y","-y+1/2,-z+1/2,-x","y+1/2,-z+1/2,x","-y+1/2,z+1/2,x","y+1/2,z+1/2,-x","-y,-x,z+1/2","y,x,z+1/2","-y,x,-z+1/2","y,-x,-z+1/2","-x,-z,y+1/2","x,-z,-y+1/2","x,z,y+1/2","-x,z,-y+1/2","-z,-y,x+1/2","-z,y,-x+1/2","z,-y,-x+1/2","z,y,x+1/2" ],"hall": "-F 4a 2 3","hm": "F m -3 c","id": "F_m_-3_c","jmolId": "226","set": 1,"sg": 226,"tm": "a,b,c","trm": "a,b,c","wpos": { "cent": [ "0,1/2,1/2","1/2,0,1/2","1/2,1/2,0" ],"pos": [ { "desc": "1","geom": "general","label": "j","mult": 192 },{ "coord": [ "0,y,z","0,-y,z","0,y,-z","0,-y,-z","z,0,y","z,0,-y","-z,0,y","-z,0,-y","y,z,0","-y,z,0","y,-z,0","-y,-z,0","y+1/2,1/2,-z+1/2","-y+1/2,1/2,-z+1/2","y+1/2,1/2,z+1/2","-y+1/2,1/2,z+1/2","1/2,z+1/2,-y+1/2","1/2,z+1/2,y+1/2","1/2,-z+1/2,-y+1/2","1/2,-z+1/2,y+1/2","z+1/2,y+1/2,1/2","z+1/2,-y+1/2,1/2","-z+1/2,y+1/2,1/2","-z+1/2,-y+1/2,1/2" ],"desc": "m..","geom": "plane","label": "i","mult": 96 },{ "coord": [ "1/4,y,y","3/4,-y,y","3/4,y,-y","1/4,-y,-y","y,1/4,y","y,3/4,-y","-y,3/4,y","-y,1/4,-y","y,y,1/4","-y,y,3/4","y,-y,3/4","-y,-y,1/4","3/4,-y,-y","1/4,y,-y","1/4,-y,y","3/4,y,y","-y,3/4,-y","-y,1/4,y","y,1/4,-y","y,3/4,y","-y,-y,3/4","y,-y,1/4","-y,y,1/4","y,y,3/4" ],"desc": "..2","geom": "line","label": "h","mult": 96 },{ "coord": [ "x,x,x","-x,-x,x","-x,x,-x","x,-x,-x","x+1/2,x+1/2,-x+1/2","-x+1/2,-x+1/2,-x+1/2","x+1/2,-x+1/2,x+1/2","-x+1/2,x+1/2,x+1/2","-x,-x,-x","x,x,-x","x,-x,x","-x,x,x","-x+1/2,-x+1/2,x+1/2","x+1/2,x+1/2,x+1/2","-x+1/2,x+1/2,-x+1/2","x+1/2,-x+1/2,-x+1/2" ],"desc": ".3.","geom": "line","label": "g","mult": 64 },{ "coord": [ "x,1/4,1/4","-x,3/4,1/4","1/4,x,1/4","1/4,-x,3/4","1/4,1/4,x","3/4,1/4,-x","-x,3/4,3/4","x,1/4,3/4","3/4,-x,3/4","3/4,x,1/4","3/4,3/4,-x","1/4,3/4,x" ],"desc": "4..","geom": "line","label": "f","mult": 48 },{ "coord": [ "x,0,0","-x,0,0","0,x,0","0,-x,0","0,0,x","0,0,-x","1/2,x+1/2,1/2","1/2,-x+1/2,1/2","x+1/2,1/2,1/2","-x+1/2,1/2,1/2","1/2,1/2,-x+1/2","1/2,1/2,x+1/2" ],"desc": "mm2 . .","geom": "line","label": "e","mult": 48 },{ "coord": [ "0,1/4,1/4","0,3/4,1/4","1/4,0,1/4","1/4,0,3/4","1/4,1/4,0","3/4,1/4,0" ],"desc": "4/m..","geom": "point","label": "d","mult": 24 },{ "coord": [ "1/4,0,0","3/4,0,0","0,1/4,0","0,3/4,0","0,0,1/4","0,0,3/4" ],"desc": "-4m. 2","geom": "point","label": "c","mult": 24 },{ "coord": [ "0,0,0","1/2,1/2,1/2" ],"desc": "m-3.","geom": "point","label": "b","mult": 8 },{ "coord": [ "1/4,1/4,1/4","3/4,3/4,3/4" ],"desc": "432","geom": "point","label": "a","mult": 8 } ] } } ],"n": 1,"sg": 226 }