{ "its": [ { "cleg": "109","det": 1.0,"gen": [ "x,y,z","-x+1/2,-y+1/2,z+1/2","-y,x+1/2,z+1/4","x,-y,z","x+1/2,y+1/2,z+1/2" ],"gp": [ "x,y,z","-x+1/2,-y+1/2,z+1/2","-y,x+1/2,z+1/4","y+1/2,-x,z+3/4","x,-y,z","-x+1/2,y+1/2,z+1/2","-y,-x+1/2,z+1/4","y+1/2,x,z+3/4","x+1/2,y+1/2,z+1/2","-x,-y,z","-y+1/2,x,z+3/4","y,-x+1/2,z+1/4","x+1/2,-y+1/2,z+1/2","-x,y,z","-y+1/2,-x,z+3/4","y,x+1/2,z+1/4" ],"hall": "I 4bw -2","hm": "I 41 m d","id": "I_41_m_d","jmolId": "109","set": 1,"sg": 109,"tm": "a,b,c","trm": "a,b,c","wpos": { "cent": [ "1/2,1/2,1/2" ],"pos": [ { "desc": "1","geom": "general","label": "c","mult": 16 },{ "coord": [ "0,y,z","1/2,-y+1/2,z+1/2","-y,1/2,z+1/4","y+1/2,0,z+3/4" ],"desc": ".m.","geom": "plane","label": "b","mult": 8 },{ "coord": [ "0,0,z","0,1/2,z+1/4" ],"desc": "2mm .","geom": "line","label": "a","mult": 4 } ] } },{ "cleg": "109:a-b,a+b,c","det": 2.0,"gen": [ "x,y,z","-x,-y+1/2,z+1/2","-y+3/4,x+1/4,z+1/4","y,x,z","x,y+1/2,z+1/2","x+1/2,y+1/2,z","-x+1/2,-y,z+1/2","-y+1/4,x+3/4,z+1/4","y+1/2,x+1/2,z","x+1/2,y,z+1/2" ],"gp": [ "x,y,z","-x,-y+1/2,z+1/2","-y+3/4,x+1/4,z+1/4","y+1/4,-x+1/4,z+3/4","y,x,z","-y,-x+1/2,z+1/2","x+3/4,-y+1/4,z+1/4","-x+1/4,y+1/4,z+3/4","x,y+1/2,z+1/2","-x,-y,z","-y+1/4,x+1/4,z+3/4","y+3/4,-x+1/4,z+1/4","y,x+1/2,z+1/2","-y,-x,z","x+1/4,-y+1/4,z+3/4","-x+3/4,y+1/4,z+1/4","x+1/2,y+1/2,z","-x+1/2,-y,z+1/2","-y+1/4,x+3/4,z+1/4","y+3/4,-x+3/4,z+3/4","y+1/2,x+1/2,z","-y+1/2,-x,z+1/2","x+1/4,-y+3/4,z+1/4","-x+3/4,y+3/4,z+3/4","x+1/2,y,z+1/2","-x+1/2,-y+1/2,z","-y+3/4,x+3/4,z+3/4","y+1/4,-x+3/4,z+1/4","y+1/2,x,z+1/2","-y+1/2,-x+1/2,z","x+3/4,-y+3/4,z+3/4","-x+1/4,y+3/4,z+1/4" ],"hall": "?","hm": "F 41 d m","id": "F_41_d_m","jmolId": "109:f","set": 2,"sg": 109,"tm": "a-b,a+b,c","trm": "a-b,a+b,c","wpos": { "cent": [ "0,1/2,1/2" ],"pos": [ { "desc": "1","geom": "general","label": "c","mult": 16 },{ "coord": [ "-1/2y,1/2y,z","1/2y,-1/2y+1/2,z+1/2","-1/2y+3/4,-1/2y+1/4,z+1/4","1/2y+1/4,1/2y+1/4,z+3/4" ],"desc": ".m.","geom": "plane","label": "b","mult": 8 },{ "coord": [ "0,0,z","3/4,1/4,z+1/4" ],"desc": "2mm .","geom": "line","label": "a","mult": 4 } ] } } ],"n": 2,"sg": 109 }