{ "its": [ { "cleg": "59","det": 1.0,"gen": [ "x,y,z","-x+1/2,-y+1/2,z","-x,y+1/2,-z","-x,-y,-z" ],"gp": [ "x,y,z","-x+1/2,-y+1/2,z","-x,y+1/2,-z","x+1/2,-y,-z","-x,-y,-z","x+1/2,y+1/2,-z","x,-y+1/2,z","-x+1/2,y,z" ],"hall": "-P 2ab 2a","hm": "P m m n  :2","id": "P_m_m_n__2","jmolId": "59:2","set": 1,"sg": 59,"tm": "a,b,c","trm": "a,b,c","wpos": { "pos": [ { "desc": "1","geom": "general","label": "g","mult": 8 },{ "coord": [ "x,1/4,z","-x+1/2,1/4,z","-x,3/4,-z","x+1/2,3/4,-z" ],"desc": ".m.","geom": "plane","label": "f","mult": 4 },{ "coord": [ "1/4,y,z","1/4,-y+1/2,z","3/4,y+1/2,-z","3/4,-y,-z" ],"desc": "m..","geom": "plane","label": "e","mult": 4 },{ "coord": [ "0,0,1/2","1/2,1/2,1/2","0,1/2,1/2","1/2,0,1/2" ],"desc": "-1","geom": "point","label": "d","mult": 4 },{ "coord": [ "0,0,0","1/2,1/2,0","0,1/2,0","1/2,0,0" ],"desc": "-1","geom": "point","label": "c","mult": 4 },{ "coord": [ "1/4,3/4,z","3/4,1/4,-z" ],"desc": "mm2","geom": "line","label": "b","mult": 2 },{ "coord": [ "1/4,1/4,z","3/4,3/4,-z" ],"desc": "mm2","geom": "line","label": "a","mult": 2 } ] } },{ "cleg": "59:c,a,b","det": 1.0,"gen": [ "x,y,z","x,-y+1/2,-z+1/2","-x,-y,z+1/2","-x,-y,-z" ],"gp": [ "x,y,z","x,-y+1/2,-z+1/2","-x,-y,z+1/2","-x,y+1/2,-z","-x,-y,-z","-x,y+1/2,z+1/2","x,y,-z+1/2","x,-y+1/2,z" ],"hall": "-P 2c 2bc","hm": "P n m m :2","id": "P_n_m_m_2","jmolId": "59:2cab","set": 2,"sg": 59,"tm": "c,a,b","trm": "c,a,b","wpos": { "pos": [ { "desc": "1","geom": "general","label": "g","mult": 8 },{ "coord": [ "z,x,1/4","z,-x+1/2,1/4","-z,-x,3/4","-z,x+1/2,3/4" ],"desc": ".m.","geom": "plane","label": "f","mult": 4 },{ "coord": [ "z,1/4,y","z,1/4,-y+1/2","-z,3/4,y+1/2","-z,3/4,-y" ],"desc": "m..","geom": "plane","label": "e","mult": 4 },{ "coord": [ "1/2,0,0","1/2,1/2,1/2","1/2,0,1/2","1/2,1/2,0" ],"desc": "-1","geom": "point","label": "d","mult": 4 },{ "coord": [ "0,0,0","0,1/2,1/2","0,0,1/2","0,1/2,0" ],"desc": "-1","geom": "point","label": "c","mult": 4 },{ "coord": [ "z,1/4,3/4","-z,3/4,1/4" ],"desc": "mm2","geom": "line","label": "b","mult": 2 },{ "coord": [ "z,1/4,1/4","-z,3/4,3/4" ],"desc": "mm2","geom": "line","label": "a","mult": 2 } ] } },{ "cleg": "59:b,c,a","det": 1.0,"gen": [ "x,y,z","-x+1/2,y,-z+1/2","x+1/2,-y,-z","-x,-y,-z" ],"gp": [ "x,y,z","-x+1/2,y,-z+1/2","x+1/2,-y,-z","-x,-y,z+1/2","-x,-y,-z","x+1/2,-y,z+1/2","-x+1/2,y,z","x,y,-z+1/2" ],"hall": "-P 2c 2a","hm": "P m n m :2","id": "P_m_n_m_2","jmolId": "59:2bca","set": 3,"sg": 59,"tm": "b,c,a","trm": "b,c,a","wpos": { "pos": [ { "desc": "1","geom": "general","label": "g","mult": 8 },{ "coord": [ "1/4,z,x","1/4,z,-x+1/2","3/4,-z,-x","3/4,-z,x+1/2" ],"desc": ".m.","geom": "plane","label": "f","mult": 4 },{ "coord": [ "y,z,1/4","-y+1/2,z,1/4","y+1/2,-z,3/4","-y,-z,3/4" ],"desc": "m..","geom": "plane","label": "e","mult": 4 },{ "coord": [ "0,1/2,0","1/2,1/2,1/2","1/2,1/2,0","0,1/2,1/2" ],"desc": "-1","geom": "point","label": "d","mult": 4 },{ "coord": [ "0,0,0","1/2,0,1/2","1/2,0,0","0,0,1/2" ],"desc": "-1","geom": "point","label": "c","mult": 4 },{ "coord": [ "3/4,z,1/4","1/4,-z,3/4" ],"desc": "mm2","geom": "line","label": "b","mult": 2 },{ "coord": [ "1/4,z,1/4","3/4,-z,3/4" ],"desc": "mm2","geom": "line","label": "a","mult": 2 } ] } },{ "cleg": "59:a,b,c;1/4,1/4,0","det": 1.0,"gen": [ "x,y,z","-x,-y,z","-x+1/2,y+1/2,-z","-x+1/2,-y+1/2,-z" ],"gp": [ "x,y,z","-x,-y,z","-x+1/2,y+1/2,-z","x+1/2,-y+1/2,-z","-x+1/2,-y+1/2,-z","x+1/2,y+1/2,-z","x,-y,z","-x,y,z" ],"hall": "P 2 2ab -1ab","hm": "P m m n :1","id": "P_m_m_n_1","jmolId": "59:1","set": 4,"sg": 59,"tm": "a+1/4,b+1/4,c","trm": "a,b,c;1/4,1/4,0","wpos": { "pos": [ { "desc": "1","geom": "general","label": "g","mult": 8 },{ "coord": [ "x+3/4,0,z","-x+1/4,0,z","-x+3/4,1/2,-z","x+1/4,1/2,-z" ],"desc": ".m.","geom": "plane","label": "f","mult": 4 },{ "coord": [ "0,y+3/4,z","0,-y+1/4,z","1/2,y+1/4,-z","1/2,-y+3/4,-z" ],"desc": "m..","geom": "plane","label": "e","mult": 4 },{ "coord": [ "3/4,3/4,1/2","1/4,1/4,1/2","3/4,1/4,1/2","1/4,3/4,1/2" ],"desc": "-1","geom": "point","label": "d","mult": 4 },{ "coord": [ "3/4,3/4,0","1/4,1/4,0","3/4,1/4,0","1/4,3/4,0" ],"desc": "-1","geom": "point","label": "c","mult": 4 },{ "coord": [ "0,1/2,z","1/2,0,-z" ],"desc": "mm2","geom": "line","label": "b","mult": 2 },{ "coord": [ "0,0,z","1/2,1/2,-z" ],"desc": "mm2","geom": "line","label": "a","mult": 2 } ] } },{ "cleg": "59:c,a,b;1/4,1/4,0","det": 1.0,"gen": [ "x,y,z","x,-y,-z","-x,-y+1/2,z+1/2","-x,-y+1/2,-z+1/2" ],"gp": [ "x,y,z","x,-y,-z","-x,-y+1/2,z+1/2","-x,y+1/2,-z+1/2","-x,-y+1/2,-z+1/2","-x,y+1/2,z+1/2","x,y,-z","x,-y,z" ],"hall": "P 2bc 2 -1bc","hm": "P n m m :1","id": "P_n_m_m_1","jmolId": "59:1cab","set": 5,"sg": 59,"tm": "c+1/4,a+1/4,b","trm": "c,a,b;1/4,1/4,0","wpos": { "pos": [ { "desc": "1","geom": "general","label": "g","mult": 8 },{ "coord": [ "z,x+3/4,0","z,-x+1/4,0","-z,-x+3/4,1/2","-z,x+1/4,1/2" ],"desc": ".m.","geom": "plane","label": "f","mult": 4 },{ "coord": [ "z,0,y+3/4","z,0,-y+1/4","-z,1/2,y+1/4","-z,1/2,-y+3/4" ],"desc": "m..","geom": "plane","label": "e","mult": 4 },{ "coord": [ "1/2,3/4,3/4","1/2,1/4,1/4","1/2,3/4,1/4","1/2,1/4,3/4" ],"desc": "-1","geom": "point","label": "d","mult": 4 },{ "coord": [ "0,3/4,3/4","0,1/4,1/4","0,3/4,1/4","0,1/4,3/4" ],"desc": "-1","geom": "point","label": "c","mult": 4 },{ "coord": [ "z,0,1/2","-z,1/2,0" ],"desc": "mm2","geom": "line","label": "b","mult": 2 },{ "coord": [ "z,0,0","-z,1/2,1/2" ],"desc": "mm2","geom": "line","label": "a","mult": 2 } ] } },{ "cleg": "59:b,c,a;1/4,1/4,0","det": 1.0,"gen": [ "x,y,z","-x,y,-z","x+1/2,-y,-z+1/2","-x+1/2,-y,-z+1/2" ],"gp": [ "x,y,z","-x,y,-z","x+1/2,-y,-z+1/2","-x+1/2,-y,z+1/2","-x+1/2,-y,-z+1/2","x+1/2,-y,z+1/2","-x,y,z","x,y,-z" ],"hall": "P 2ac 2ac -1ac","hm": "P m n m :1","id": "P_m_n_m_1","jmolId": "59:1bca","set": 6,"sg": 59,"tm": "b+1/4,c+1/4,a","trm": "b,c,a;1/4,1/4,0","wpos": { "pos": [ { "desc": "1","geom": "general","label": "g","mult": 8 },{ "coord": [ "0,z,x+3/4","0,z,-x+1/4","1/2,-z,-x+3/4","1/2,-z,x+1/4" ],"desc": ".m.","geom": "plane","label": "f","mult": 4 },{ "coord": [ "y+3/4,z,0","-y+1/4,z,0","y+1/4,-z,1/2","-y+3/4,-z,1/2" ],"desc": "m..","geom": "plane","label": "e","mult": 4 },{ "coord": [ "3/4,1/2,3/4","1/4,1/2,1/4","1/4,1/2,3/4","3/4,1/2,1/4" ],"desc": "-1","geom": "point","label": "d","mult": 4 },{ "coord": [ "3/4,0,3/4","1/4,0,1/4","1/4,0,3/4","3/4,0,1/4" ],"desc": "-1","geom": "point","label": "c","mult": 4 },{ "coord": [ "1/2,z,0","0,-z,1/2" ],"desc": "mm2","geom": "line","label": "b","mult": 2 },{ "coord": [ "0,z,0","1/2,-z,1/2" ],"desc": "mm2","geom": "line","label": "a","mult": 2 } ] } } ],"n": 6,"sg": 59 }