{ "its": [ { "cleg": "135","det": 1.0,"gen": [ "x,y,z","-x,-y,z","-y,x,z+1/2","-x+1/2,y+1/2,-z","-x,-y,-z" ],"gp": [ "x,y,z","-x,-y,z","-y,x,z+1/2","y,-x,z+1/2","-x+1/2,y+1/2,-z","x+1/2,-y+1/2,-z","y+1/2,x+1/2,-z+1/2","-y+1/2,-x+1/2,-z+1/2","-x,-y,-z","x,y,-z","y,-x,-z+1/2","-y,x,-z+1/2","x+1/2,-y+1/2,z","-x+1/2,y+1/2,z","-y+1/2,-x+1/2,z+1/2","y+1/2,x+1/2,z+1/2" ],"hall": "-P 4c 2ab","hm": "P 42/m b c","id": "P_42/m_b_c","jmolId": "135","set": 1,"sg": 135,"tm": "a,b,c","trm": "a,b,c","wpos": { "pos": [ { "desc": "1","geom": "general","label": "i","mult": 16 },{ "coord": [ "x,y,0","-x,-y,0","-y,x,1/2","y,-x,1/2","-x+1/2,y+1/2,0","x+1/2,-y+1/2,0","y+1/2,x+1/2,1/2","-y+1/2,-x+1/2,1/2" ],"desc": "m..","geom": "plane","label": "h","mult": 8 },{ "coord": [ "x,x+1/2,1/4","-x,-x+1/2,1/4","-x+1/2,x,3/4","x+1/2,-x,3/4","-x,-x+1/2,3/4","x,x+1/2,3/4","x+1/2,-x,1/4","-x+1/2,x,1/4" ],"desc": "..2","geom": "line","label": "g","mult": 8 },{ "coord": [ "0,1/2,z","1/2,0,z+1/2","1/2,0,-z","0,1/2,-z+1/2","0,1/2,-z","1/2,0,-z+1/2","1/2,0,z","0,1/2,z+1/2" ],"desc": "2..","geom": "line","label": "f","mult": 8 },{ "coord": [ "0,0,z","0,0,z+1/2","1/2,1/2,-z","1/2,1/2,-z+1/2","0,0,-z","0,0,-z+1/2","1/2,1/2,z","1/2,1/2,z+1/2" ],"desc": "2..","geom": "line","label": "e","mult": 8 },{ "coord": [ "0,1/2,1/4","1/2,0,3/4","0,1/2,3/4","1/2,0,1/4" ],"desc": "2.2 2","geom": "point","label": "d","mult": 4 },{ "coord": [ "0,1/2,0","1/2,0,1/2","1/2,0,0","0,1/2,1/2" ],"desc": "2/m..","geom": "point","label": "c","mult": 4 },{ "coord": [ "0,0,1/4","0,0,3/4","1/2,1/2,3/4","1/2,1/2,1/4" ],"desc": "-4..","geom": "point","label": "b","mult": 4 },{ "coord": [ "0,0,0","0,0,1/2","1/2,1/2,0","1/2,1/2,1/2" ],"desc": "2/m..","geom": "point","label": "a","mult": 4 } ] } },{ "cleg": "135:a-b,a+b,c","det": 2.0,"gen": [ "x,y,z","-x,-y,z","-y,x,z+1/2","-y,-x+1/2,-z","-x,-y,-z","x+1/2,y+1/2,z","-x+1/2,-y+1/2,z","-y+1/2,x+1/2,z+1/2","-y+1/2,-x,-z","-x+1/2,-y+1/2,-z" ],"gp": [ "x,y,z","-x,-y,z","-y,x,z+1/2","y,-x,z+1/2","-y,-x+1/2,-z","y,x+1/2,-z","-x,y+1/2,-z+1/2","x,-y+1/2,-z+1/2","-x,-y,-z","x,y,-z","y,-x,-z+1/2","-y,x,-z+1/2","y,x+1/2,z","-y,-x+1/2,z","x,-y+1/2,z+1/2","-x,y+1/2,z+1/2","x+1/2,y+1/2,z","-x+1/2,-y+1/2,z","-y+1/2,x+1/2,z+1/2","y+1/2,-x+1/2,z+1/2","-y+1/2,-x,-z","y+1/2,x,-z","-x+1/2,y,-z+1/2","x+1/2,-y,-z+1/2","-x+1/2,-y+1/2,-z","x+1/2,y+1/2,-z","y+1/2,-x+1/2,-z+1/2","-y+1/2,x+1/2,-z+1/2","y+1/2,x,z","-y+1/2,-x,z","x+1/2,-y,z+1/2","-x+1/2,y,z+1/2" ],"hall": "?","hm": "C 42/m c g1","id": "C_42/m_c_g1","jmolId": "135:c","set": 2,"sg": 135,"tm": "a-b,a+b,c","trm": "a-b,a+b,c","wpos": { "pos": [ { "desc": "1","geom": "general","label": "i","mult": 16 },{ "coord": [ "1/2x-1/2y,1/2x+1/2y,0","-1/2x+1/2y,-1/2x-1/2y,0","-1/2x-1/2y,1/2x-1/2y,1/2","1/2x+1/2y,-1/2x+1/2y,1/2","-1/2x-1/2y,-1/2x+1/2y+1/2,0","1/2x+1/2y,1/2x-1/2y+1/2,0","-1/2x+1/2y,1/2x+1/2y+1/2,1/2","1/2x-1/2y,-1/2x-1/2y+1/2,1/2" ],"desc": "m..","geom": "plane","label": "h","mult": 8 },{ "coord": [ "3/4,x+1/4,1/4","3/4,-x+1/4,1/4","-x+1/4,1/4,3/4","x+1/4,1/4,3/4","3/4,-x+1/4,3/4","3/4,x+1/4,3/4","x+1/4,1/4,1/4","-x+1/4,1/4,1/4" ],"desc": "..2","geom": "line","label": "g","mult": 8 },{ "coord": [ "3/4,1/4,z","1/4,1/4,z+1/2","1/4,1/4,-z","3/4,1/4,-z+1/2","3/4,1/4,-z","1/4,1/4,-z+1/2","1/4,1/4,z","3/4,1/4,z+1/2" ],"desc": "2..","geom": "line","label": "f","mult": 8 },{ "coord": [ "0,0,z","0,0,z+1/2","0,1/2,-z","0,1/2,-z+1/2","0,0,-z","0,0,-z+1/2","0,1/2,z","0,1/2,z+1/2" ],"desc": "2..","geom": "line","label": "e","mult": 8 },{ "coord": [ "3/4,1/4,1/4","1/4,1/4,3/4","3/4,1/4,3/4","1/4,1/4,1/4" ],"desc": "2.2 2","geom": "point","label": "d","mult": 4 },{ "coord": [ "3/4,1/4,0","1/4,1/4,1/2","1/4,1/4,0","3/4,1/4,1/2" ],"desc": "2/m..","geom": "point","label": "c","mult": 4 },{ "coord": [ "0,0,1/4","0,0,3/4","0,1/2,3/4","0,1/2,1/4" ],"desc": "-4..","geom": "point","label": "b","mult": 4 },{ "coord": [ "0,0,0","0,0,1/2","0,1/2,0","0,1/2,1/2" ],"desc": "2/m..","geom": "point","label": "a","mult": 4 } ] } } ],"n": 2,"sg": 135 }