{ "its": [ { "cleg": "68","det": 1.0,"gen": [ "x,y,z","-x+1/2,-y,z","-x,y,-z+1/2","-x,-y,-z","x+1/2,y+1/2,z" ],"gp": [ "x,y,z","-x+1/2,-y,z","-x,y,-z+1/2","x+1/2,-y,-z+1/2","-x,-y,-z","x+1/2,y,-z","x,-y,z+1/2","-x+1/2,y,z+1/2","x+1/2,y+1/2,z","-x,-y+1/2,z","-x+1/2,y+1/2,-z+1/2","x,-y+1/2,-z+1/2","-x+1/2,-y+1/2,-z","x,y+1/2,-z","x+1/2,-y+1/2,z+1/2","-x,y+1/2,z+1/2" ],"hall": "-C 2a 2ac","hm": "C c c e  :2","hmAlt": "C c c a  :2","id": "C_c_c_e__2","jmolId": "68:2","set": 1,"sg": 68,"tm": "a,b,c","trm": "a,b,c","wpos": { "cent": [ "1/2,1/2,0" ],"pos": [ { "desc": "1","geom": "general","label": "i","mult": 16 },{ "coord": [ "1/4,0,z","3/4,0,-z+1/2","3/4,0,-z","1/4,0,z+1/2" ],"desc": "..2","geom": "line","label": "h","mult": 8 },{ "coord": [ "0,1/4,z","0,1/4,-z+1/2","0,3/4,-z","0,3/4,z+1/2" ],"desc": "..2","geom": "line","label": "g","mult": 8 },{ "coord": [ "0,y,1/4","1/2,-y,1/4","0,-y,3/4","1/2,y,3/4" ],"desc": ".2.","geom": "line","label": "f","mult": 8 },{ "coord": [ "x,1/4,1/4","-x+1/2,3/4,1/4","-x,3/4,3/4","x+1/2,1/4,3/4" ],"desc": "2..","geom": "line","label": "e","mult": 8 },{ "coord": [ "0,0,0","1/2,0,0","0,0,1/2","1/2,0,1/2" ],"desc": "-1","geom": "point","label": "d","mult": 8 },{ "coord": [ "1/4,3/4,0","1/4,1/4,0","3/4,3/4,1/2","3/4,1/4,1/2" ],"desc": "-1","geom": "point","label": "c","mult": 8 },{ "coord": [ "0,1/4,3/4","0,3/4,1/4" ],"desc": "222","geom": "point","label": "b","mult": 4 },{ "coord": [ "0,1/4,1/4","0,3/4,3/4" ],"desc": "222","geom": "point","label": "a","mult": 4 } ] } },{ "cleg": "68:b,a,-c","det": 1.0,"gen": [ "x,y,z","-x,-y+1/2,z","x,-y,-z+1/2","-x,-y,-z","x+1/2,y+1/2,z" ],"gp": [ "x,y,z","-x,-y+1/2,z","x,-y,-z+1/2","-x,y+1/2,-z+1/2","-x,-y,-z","x,y+1/2,-z","-x,y,z+1/2","x,-y+1/2,z+1/2","x+1/2,y+1/2,z","-x+1/2,-y,z","x+1/2,-y+1/2,-z+1/2","-x+1/2,y,-z+1/2","-x+1/2,-y+1/2,-z","x+1/2,y,-z","-x+1/2,y+1/2,z+1/2","x+1/2,-y,z+1/2" ],"hall": "-C 2a 2c","hm": "C c c e :2","hmAlt": "C c c b :2","id": "C_c_c_e_2","jmolId": "68:2ba-c","set": 2,"sg": 68,"tm": "b,a,-c","trm": "b,a,-c","wpos": { "cent": [ "1/2,1/2,0" ],"pos": [ { "desc": "1","geom": "general","label": "i","mult": 16 },{ "coord": [ "0,1/4,-z","0,3/4,z+1/2","0,3/4,z","0,1/4,-z+1/2" ],"desc": "..2","geom": "line","label": "h","mult": 8 },{ "coord": [ "1/4,0,-z","1/4,0,z+1/2","3/4,0,z","3/4,0,-z+1/2" ],"desc": "..2","geom": "line","label": "g","mult": 8 },{ "coord": [ "y,0,3/4","-y,1/2,3/4","-y,0,1/4","y,1/2,1/4" ],"desc": ".2.","geom": "line","label": "f","mult": 8 },{ "coord": [ "1/4,x,3/4","3/4,-x+1/2,3/4","3/4,-x,1/4","1/4,x+1/2,1/4" ],"desc": "2..","geom": "line","label": "e","mult": 8 },{ "coord": [ "0,0,0","0,1/2,0","0,0,1/2","0,1/2,1/2" ],"desc": "-1","geom": "point","label": "d","mult": 8 },{ "coord": [ "3/4,1/4,0","1/4,1/4,0","3/4,3/4,1/2","1/4,3/4,1/2" ],"desc": "-1","geom": "point","label": "c","mult": 8 },{ "coord": [ "1/4,0,1/4","3/4,0,3/4" ],"desc": "222","geom": "point","label": "b","mult": 4 },{ "coord": [ "1/4,0,3/4","3/4,0,1/4" ],"desc": "222","geom": "point","label": "a","mult": 4 } ] } },{ "cleg": "68:c,a,b","det": 1.0,"gen": [ "x,y,z","x,-y+1/2,-z","-x+1/2,-y,z","-x,-y,-z","x,y+1/2,z+1/2" ],"gp": [ "x,y,z","x,-y+1/2,-z","-x+1/2,-y,z","-x+1/2,y+1/2,-z","-x,-y,-z","-x,y+1/2,z","x+1/2,y,-z","x+1/2,-y+1/2,z","x,y+1/2,z+1/2","x,-y,-z+1/2","-x+1/2,-y+1/2,z+1/2","-x+1/2,y,-z+1/2","-x,-y+1/2,-z+1/2","-x,y,z+1/2","x+1/2,y+1/2,-z+1/2","x+1/2,-y,z+1/2" ],"hall": "-A 2a 2b","hm": "A e a a :2","hmAlt": "A b a a :2","id": "A_e_a_a_2","jmolId": "68:2cab","set": 3,"sg": 68,"tm": "c,a,b","trm": "c,a,b","wpos": { "cent": [ "0,1/2,1/2" ],"pos": [ { "desc": "1","geom": "general","label": "i","mult": 16 },{ "coord": [ "z,1/4,0","-z+1/2,3/4,0","-z,3/4,0","z+1/2,1/4,0" ],"desc": "..2","geom": "line","label": "h","mult": 8 },{ "coord": [ "z,0,1/4","-z+1/2,0,1/4","-z,0,3/4","z+1/2,0,3/4" ],"desc": "..2","geom": "line","label": "g","mult": 8 },{ "coord": [ "1/4,0,y","1/4,1/2,-y","3/4,0,-y","3/4,1/2,y" ],"desc": ".2.","geom": "line","label": "f","mult": 8 },{ "coord": [ "1/4,x,1/4","1/4,-x+1/2,3/4","3/4,-x,3/4","3/4,x+1/2,1/4" ],"desc": "2..","geom": "line","label": "e","mult": 8 },{ "coord": [ "0,0,0","0,1/2,0","1/2,0,0","1/2,1/2,0" ],"desc": "-1","geom": "point","label": "d","mult": 8 },{ "coord": [ "0,1/4,3/4","0,1/4,1/4","1/2,3/4,3/4","1/2,3/4,1/4" ],"desc": "-1","geom": "point","label": "c","mult": 8 },{ "coord": [ "3/4,0,1/4","1/4,0,3/4" ],"desc": "222","geom": "point","label": "b","mult": 4 },{ "coord": [ "1/4,0,1/4","3/4,0,3/4" ],"desc": "222","geom": "point","label": "a","mult": 4 } ] } },{ "cleg": "68:-c,b,a","det": 1.0,"gen": [ "x,y,z","x,-y,-z+1/2","-x+1/2,y,-z","-x,-y,-z","x,y+1/2,z+1/2" ],"gp": [ "x,y,z","x,-y,-z+1/2","-x+1/2,y,-z","-x+1/2,-y,z+1/2","-x,-y,-z","-x,y,z+1/2","x+1/2,-y,z","x+1/2,y,-z+1/2","x,y+1/2,z+1/2","x,-y+1/2,-z","-x+1/2,y+1/2,-z+1/2","-x+1/2,-y+1/2,z","-x,-y+1/2,-z+1/2","-x,y+1/2,z","x+1/2,-y+1/2,z+1/2","x+1/2,y+1/2,-z" ],"hall": "-A 2ab 2b","hm": "A e a a :2","hmAlt": "A c a a :2","id": "A_e_a_a_2","jmolId": "68:2-cba","set": 4,"sg": 68,"tm": "-c,b,a","trm": "-c,b,a","wpos": { "cent": [ "0,1/2,1/2" ],"pos": [ { "desc": "1","geom": "general","label": "i","mult": 16 },{ "coord": [ "-z,0,1/4","z+1/2,0,3/4","z,0,3/4","-z+1/2,0,1/4" ],"desc": "..2","geom": "line","label": "h","mult": 8 },{ "coord": [ "-z,1/4,0","z+1/2,1/4,0","z,3/4,0","-z+1/2,3/4,0" ],"desc": "..2","geom": "line","label": "g","mult": 8 },{ "coord": [ "3/4,y,0","3/4,-y,1/2","1/4,-y,0","1/4,y,1/2" ],"desc": ".2.","geom": "line","label": "f","mult": 8 },{ "coord": [ "3/4,1/4,x","3/4,3/4,-x+1/2","1/4,3/4,-x","1/4,1/4,x+1/2" ],"desc": "2..","geom": "line","label": "e","mult": 8 },{ "coord": [ "0,0,0","0,0,1/2","1/2,0,0","1/2,0,1/2" ],"desc": "-1","geom": "point","label": "d","mult": 8 },{ "coord": [ "0,3/4,1/4","0,1/4,1/4","1/2,3/4,3/4","1/2,1/4,3/4" ],"desc": "-1","geom": "point","label": "c","mult": 8 },{ "coord": [ "1/4,1/4,0","3/4,3/4,0" ],"desc": "222","geom": "point","label": "b","mult": 4 },{ "coord": [ "3/4,1/4,0","1/4,3/4,0" ],"desc": "222","geom": "point","label": "a","mult": 4 } ] } },{ "cleg": "68:b,c,a","det": 1.0,"gen": [ "x,y,z","-x,y,-z+1/2","x,-y+1/2,-z","-x,-y,-z","x+1/2,y,z+1/2" ],"gp": [ "x,y,z","-x,y,-z+1/2","x,-y+1/2,-z","-x,-y+1/2,z+1/2","-x,-y,-z","x,-y,z+1/2","-x,y+1/2,z","x,y+1/2,-z+1/2","x+1/2,y,z+1/2","-x+1/2,y,-z","x+1/2,-y+1/2,-z+1/2","-x+1/2,-y+1/2,z","-x+1/2,-y,-z+1/2","x+1/2,-y,z","-x+1/2,y+1/2,z+1/2","x+1/2,y+1/2,-z" ],"hall": "-B 2ab 2b","hm": "B b e b :2","hmAlt": "B b c b :2","id": "B_b_e_b_2","jmolId": "68:2bca","set": 5,"sg": 68,"tm": "b,c,a","trm": "b,c,a","wpos": { "cent": [ "1/2,0,1/2" ],"pos": [ { "desc": "1","geom": "general","label": "i","mult": 16 },{ "coord": [ "0,z,1/4","0,-z+1/2,3/4","0,-z,3/4","0,z+1/2,1/4" ],"desc": "..2","geom": "line","label": "h","mult": 8 },{ "coord": [ "1/4,z,0","1/4,-z+1/2,0","3/4,-z,0","3/4,z+1/2,0" ],"desc": "..2","geom": "line","label": "g","mult": 8 },{ "coord": [ "y,1/4,0","-y,1/4,1/2","-y,3/4,0","y,3/4,1/2" ],"desc": ".2.","geom": "line","label": "f","mult": 8 },{ "coord": [ "1/4,1/4,x","3/4,1/4,-x+1/2","3/4,3/4,-x","1/4,3/4,x+1/2" ],"desc": "2..","geom": "line","label": "e","mult": 8 },{ "coord": [ "0,0,0","0,0,1/2","0,1/2,0","0,1/2,1/2" ],"desc": "-1","geom": "point","label": "d","mult": 8 },{ "coord": [ "3/4,0,1/4","1/4,0,1/4","3/4,1/2,3/4","1/4,1/2,3/4" ],"desc": "-1","geom": "point","label": "c","mult": 8 },{ "coord": [ "1/4,3/4,0","3/4,1/4,0" ],"desc": "222","geom": "point","label": "b","mult": 4 },{ "coord": [ "1/4,1/4,0","3/4,3/4,0" ],"desc": "222","geom": "point","label": "a","mult": 4 } ] } },{ "cleg": "68:a,-c,b","det": 1.0,"gen": [ "x,y,z","-x+1/2,y,-z","-x,-y+1/2,z","-x,-y,-z","x+1/2,y,z+1/2" ],"gp": [ "x,y,z","-x+1/2,y,-z","-x,-y+1/2,z","x+1/2,-y+1/2,-z","-x,-y,-z","x+1/2,-y,z","x,y+1/2,-z","-x+1/2,y+1/2,z","x+1/2,y,z+1/2","-x,y,-z+1/2","-x+1/2,-y+1/2,z+1/2","x,-y+1/2,-z+1/2","-x+1/2,-y,-z+1/2","x,-y,z+1/2","x+1/2,y+1/2,-z+1/2","-x,y+1/2,z+1/2" ],"hall": "-B 2b 2ab","hm": "B b e b :2","hmAlt": "B b a b :2","id": "B_b_e_b_2","jmolId": "68:2a-cb","set": 6,"sg": 68,"tm": "a,-c,b","trm": "a,-c,b","wpos": { "cent": [ "1/2,0,1/2" ],"pos": [ { "desc": "1","geom": "general","label": "i","mult": 16 },{ "coord": [ "1/4,-z,0","3/4,z+1/2,0","3/4,z,0","1/4,-z+1/2,0" ],"desc": "..2","geom": "line","label": "h","mult": 8 },{ "coord": [ "0,-z,1/4","0,z+1/2,1/4","0,z,3/4","0,-z+1/2,3/4" ],"desc": "..2","geom": "line","label": "g","mult": 8 },{ "coord": [ "0,3/4,y","1/2,3/4,-y","0,1/4,-y","1/2,1/4,y" ],"desc": ".2.","geom": "line","label": "f","mult": 8 },{ "coord": [ "x,3/4,1/4","-x+1/2,3/4,3/4","-x,1/4,3/4","x+1/2,1/4,1/4" ],"desc": "2..","geom": "line","label": "e","mult": 8 },{ "coord": [ "0,0,0","1/2,0,0","0,1/2,0","1/2,1/2,0" ],"desc": "-1","geom": "point","label": "d","mult": 8 },{ "coord": [ "1/4,0,3/4","1/4,0,1/4","3/4,1/2,3/4","3/4,1/2,1/4" ],"desc": "-1","geom": "point","label": "c","mult": 8 },{ "coord": [ "0,1/4,1/4","0,3/4,3/4" ],"desc": "222","geom": "point","label": "b","mult": 4 },{ "coord": [ "0,3/4,1/4","0,1/4,3/4" ],"desc": "222","geom": "point","label": "a","mult": 4 } ] } },{ "cleg": "68:a,b,c;0,1/4,1/4","det": 1.0,"gen": [ "x,y,z","-x+1/2,-y+1/2,z","-x,y,-z","-x,-y+1/2,-z+1/2","x+1/2,y+1/2,z" ],"gp": [ "x,y,z","-x+1/2,-y+1/2,z","-x,y,-z","x+1/2,-y+1/2,-z","-x,-y+1/2,-z+1/2","x+1/2,y,-z+1/2","x,-y+1/2,z+1/2","-x+1/2,y,z+1/2","x+1/2,y+1/2,z","-x,-y,z","-x+1/2,y+1/2,-z","x,-y,-z","-x+1/2,-y,-z+1/2","x,y+1/2,-z+1/2","x+1/2,-y,z+1/2","-x,y+1/2,z+1/2" ],"hall": "C 2 2 -1ac","hm": "C c c e :1","hmAlt": "C c c a :1","id": "C_c_c_e_1","jmolId": "68:1","set": 7,"sg": 68,"tm": "a,b+1/4,c+1/4","trm": "a,b,c;0,1/4,1/4","wpos": { "cent": [ "1/2,1/2,0" ],"pos": [ { "desc": "1","geom": "general","label": "i","mult": 16 },{ "coord": [ "1/4,3/4,z+3/4","3/4,3/4,-z+1/4","3/4,3/4,-z+3/4","1/4,3/4,z+1/4" ],"desc": "..2","geom": "line","label": "h","mult": 8 },{ "coord": [ "0,0,z+3/4","0,0,-z+1/4","0,1/2,-z+3/4","0,1/2,z+1/4" ],"desc": "..2","geom": "line","label": "g","mult": 8 },{ "coord": [ "0,y+3/4,0","1/2,-y+3/4,0","0,-y+3/4,1/2","1/2,y+3/4,1/2" ],"desc": ".2.","geom": "line","label": "f","mult": 8 },{ "coord": [ "x,0,0","-x+1/2,1/2,0","-x,1/2,1/2","x+1/2,0,1/2" ],"desc": "2..","geom": "line","label": "e","mult": 8 },{ "coord": [ "0,3/4,3/4","1/2,3/4,3/4","0,3/4,1/4","1/2,3/4,1/4" ],"desc": "-1","geom": "point","label": "d","mult": 8 },{ "coord": [ "1/4,1/2,3/4","1/4,0,3/4","3/4,1/2,1/4","3/4,0,1/4" ],"desc": "-1","geom": "point","label": "c","mult": 8 },{ "coord": [ "0,0,1/2","0,1/2,0" ],"desc": "222","geom": "point","label": "b","mult": 4 },{ "coord": [ "0,0,0","0,1/2,1/2" ],"desc": "222","geom": "point","label": "a","mult": 4 } ] } },{ "cleg": "68:b,a,-c;0,1/4,1/4","det": 1.0,"gen": [ "x,y,z","-x+1/2,-y+1/2,z","x,-y,-z","-x+1/2,-y,-z+1/2","x+1/2,y+1/2,z" ],"gp": [ "x,y,z","-x+1/2,-y+1/2,z","x,-y,-z","-x+1/2,y+1/2,-z","-x+1/2,-y,-z+1/2","x,y+1/2,-z+1/2","-x+1/2,y,z+1/2","x,-y+1/2,z+1/2","x+1/2,y+1/2,z","-x,-y,z","x+1/2,-y+1/2,-z","-x,y,-z","-x,-y+1/2,-z+1/2","x+1/2,y,-z+1/2","-x,y+1/2,z+1/2","x+1/2,-y,z+1/2" ],"hall": "C 2 2 -1ac","hm": "C c c e :1","hmAlt": "C c c b :1","id": "C_c_c_e_1","jmolId": "68:1","set": 8,"sg": 68,"tm": "b,a+1/4,-c+1/4","trm": "b,a,-c;0,1/4,1/4","wpos": { "cent": [ "1/2,1/2,0" ],"pos": [ { "desc": "1","geom": "general","label": "i","mult": 16 },{ "coord": [ "3/4,1/4,-z+1/4","3/4,3/4,z+3/4","3/4,3/4,z+1/4","3/4,1/4,-z+3/4" ],"desc": "..2","geom": "line","label": "h","mult": 8 },{ "coord": [ "0,0,-z+1/4","0,0,z+3/4","1/2,0,z+1/4","1/2,0,-z+3/4" ],"desc": "..2","geom": "line","label": "g","mult": 8 },{ "coord": [ "y+3/4,0,0","-y+3/4,1/2,0","-y+3/4,0,1/2","y+3/4,1/2,1/2" ],"desc": ".2.","geom": "line","label": "f","mult": 8 },{ "coord": [ "0,x,0","1/2,-x+1/2,0","1/2,-x,1/2","0,x+1/2,1/2" ],"desc": "2..","geom": "line","label": "e","mult": 8 },{ "coord": [ "3/4,0,1/4","3/4,1/2,1/4","3/4,0,3/4","3/4,1/2,3/4" ],"desc": "-1","geom": "point","label": "d","mult": 8 },{ "coord": [ "1/2,1/4,1/4","0,1/4,1/4","1/2,3/4,3/4","0,3/4,3/4" ],"desc": "-1","geom": "point","label": "c","mult": 8 },{ "coord": [ "0,0,1/2","1/2,0,0" ],"desc": "222","geom": "point","label": "b","mult": 4 },{ "coord": [ "0,0,0","1/2,0,1/2" ],"desc": "222","geom": "point","label": "a","mult": 4 } ] } },{ "cleg": "68:c,a,b;0,1/4,1/4","det": 1.0,"gen": [ "x,y,z","x,-y+1/2,-z+1/2","-x,-y,z","-x+1/2,-y,-z+1/2","x,y+1/2,z+1/2" ],"gp": [ "x,y,z","x,-y+1/2,-z+1/2","-x,-y,z","-x,y+1/2,-z+1/2","-x+1/2,-y,-z+1/2","-x+1/2,y+1/2,z","x+1/2,y,-z+1/2","x+1/2,-y+1/2,z","x,y+1/2,z+1/2","x,-y,-z","-x,-y+1/2,z+1/2","-x,y,-z","-x+1/2,-y+1/2,-z","-x+1/2,y,z+1/2","x+1/2,y+1/2,-z","x+1/2,-y,z+1/2" ],"hall": "A 2 2 -1ab","hm": "A e a a :1","hmAlt": "A b a a :1","id": "A_e_a_a_1","jmolId": "68:1cab","set": 9,"sg": 68,"tm": "c,a+1/4,b+1/4","trm": "c,a,b;0,1/4,1/4","wpos": { "cent": [ "0,1/2,1/2" ],"pos": [ { "desc": "1","geom": "general","label": "i","mult": 16 },{ "coord": [ "z+3/4,1/4,3/4","-z+1/4,3/4,3/4","-z+3/4,3/4,3/4","z+1/4,1/4,3/4" ],"desc": "..2","geom": "line","label": "h","mult": 8 },{ "coord": [ "z+3/4,0,0","-z+1/4,0,0","-z+3/4,0,1/2","z+1/4,0,1/2" ],"desc": "..2","geom": "line","label": "g","mult": 8 },{ "coord": [ "0,0,y+3/4","0,1/2,-y+3/4","1/2,0,-y+3/4","1/2,1/2,y+3/4" ],"desc": ".2.","geom": "line","label": "f","mult": 8 },{ "coord": [ "0,x,0","0,-x+1/2,1/2","1/2,-x,1/2","1/2,x+1/2,0" ],"desc": "2..","geom": "line","label": "e","mult": 8 },{ "coord": [ "3/4,0,3/4","3/4,1/2,3/4","1/4,0,3/4","1/4,1/2,3/4" ],"desc": "-1","geom": "point","label": "d","mult": 8 },{ "coord": [ "3/4,1/4,1/2","3/4,1/4,0","1/4,3/4,1/2","1/4,3/4,0" ],"desc": "-1","geom": "point","label": "c","mult": 8 },{ "coord": [ "1/2,0,0","0,0,1/2" ],"desc": "222","geom": "point","label": "b","mult": 4 },{ "coord": [ "0,0,0","1/2,0,1/2" ],"desc": "222","geom": "point","label": "a","mult": 4 } ] } },{ "cleg": "68:-c,b,a;0,1/4,1/4","det": 1.0,"gen": [ "x,y,z","x,-y+1/2,-z+1/2","-x,y,-z","-x+1/2,-y+1/2,-z","x,y+1/2,z+1/2" ],"gp": [ "x,y,z","x,-y+1/2,-z+1/2","-x,y,-z","-x,-y+1/2,z+1/2","-x+1/2,-y+1/2,-z","-x+1/2,y,z+1/2","x+1/2,-y+1/2,z","x+1/2,y,-z+1/2","x,y+1/2,z+1/2","x,-y,-z","-x,y+1/2,-z+1/2","-x,-y,z","-x+1/2,-y,-z+1/2","-x+1/2,y+1/2,z","x+1/2,-y,z+1/2","x+1/2,y+1/2,-z" ],"hall": "A 2 2 -1ab","hm": "A e a a :1","hmAlt": "A c a a :1","id": "A_e_a_a_1","jmolId": "68:1cab","set": 10,"sg": 68,"tm": "-c,b+1/4,a+1/4","trm": "-c,b,a;0,1/4,1/4","wpos": { "cent": [ "0,1/2,1/2" ],"pos": [ { "desc": "1","geom": "general","label": "i","mult": 16 },{ "coord": [ "-z+1/4,3/4,1/4","z+3/4,3/4,3/4","z+1/4,3/4,3/4","-z+3/4,3/4,1/4" ],"desc": "..2","geom": "line","label": "h","mult": 8 },{ "coord": [ "-z+1/4,0,0","z+3/4,0,0","z+1/4,1/2,0","-z+3/4,1/2,0" ],"desc": "..2","geom": "line","label": "g","mult": 8 },{ "coord": [ "0,y+3/4,0","0,-y+3/4,1/2","1/2,-y+3/4,0","1/2,y+3/4,1/2" ],"desc": ".2.","geom": "line","label": "f","mult": 8 },{ "coord": [ "0,0,x","0,1/2,-x+1/2","1/2,1/2,-x","1/2,0,x+1/2" ],"desc": "2..","geom": "line","label": "e","mult": 8 },{ "coord": [ "1/4,3/4,0","1/4,3/4,1/2","3/4,3/4,0","3/4,3/4,1/2" ],"desc": "-1","geom": "point","label": "d","mult": 8 },{ "coord": [ "1/4,1/2,1/4","1/4,0,1/4","3/4,1/2,3/4","3/4,0,3/4" ],"desc": "-1","geom": "point","label": "c","mult": 8 },{ "coord": [ "1/2,0,0","0,1/2,0" ],"desc": "222","geom": "point","label": "b","mult": 4 },{ "coord": [ "0,0,0","1/2,1/2,0" ],"desc": "222","geom": "point","label": "a","mult": 4 } ] } },{ "cleg": "68:b,c,a;0,1/4,1/4","det": 1.0,"gen": [ "x,y,z","-x+1/2,y,-z+1/2","x,-y,-z","-x+1/2,-y+1/2,-z","x+1/2,y,z+1/2" ],"gp": [ "x,y,z","-x+1/2,y,-z+1/2","x,-y,-z","-x+1/2,-y,z+1/2","-x+1/2,-y+1/2,-z","x,-y+1/2,z+1/2","-x+1/2,y+1/2,z","x,y+1/2,-z+1/2","x+1/2,y,z+1/2","-x,y,-z","x+1/2,-y,-z+1/2","-x,-y,z","-x,-y+1/2,-z+1/2","x+1/2,-y+1/2,z","-x,y+1/2,z+1/2","x+1/2,y+1/2,-z" ],"hall": "B 2 2 -1ab","hm": "B b e b :1","hmAlt": "B b c b :1","id": "B_b_e_b_1","jmolId": "68:1bca","set": 11,"sg": 68,"tm": "b,c+1/4,a+1/4","trm": "b,c,a;0,1/4,1/4","wpos": { "cent": [ "1/2,0,1/2" ],"pos": [ { "desc": "1","geom": "general","label": "i","mult": 16 },{ "coord": [ "3/4,z+3/4,1/4","3/4,-z+1/4,3/4","3/4,-z+3/4,3/4","3/4,z+1/4,1/4" ],"desc": "..2","geom": "line","label": "h","mult": 8 },{ "coord": [ "0,z+3/4,0","0,-z+1/4,0","1/2,-z+3/4,0","1/2,z+1/4,0" ],"desc": "..2","geom": "line","label": "g","mult": 8 },{ "coord": [ "y+3/4,0,0","-y+3/4,0,1/2","-y+3/4,1/2,0","y+3/4,1/2,1/2" ],"desc": ".2.","geom": "line","label": "f","mult": 8 },{ "coord": [ "0,0,x","1/2,0,-x+1/2","1/2,1/2,-x","0,1/2,x+1/2" ],"desc": "2..","geom": "line","label": "e","mult": 8 },{ "coord": [ "3/4,3/4,0","3/4,3/4,1/2","3/4,1/4,0","3/4,1/4,1/2" ],"desc": "-1","geom": "point","label": "d","mult": 8 },{ "coord": [ "1/2,3/4,1/4","0,3/4,1/4","1/2,1/4,3/4","0,1/4,3/4" ],"desc": "-1","geom": "point","label": "c","mult": 8 },{ "coord": [ "0,1/2,0","1/2,0,0" ],"desc": "222","geom": "point","label": "b","mult": 4 },{ "coord": [ "0,0,0","1/2,1/2,0" ],"desc": "222","geom": "point","label": "a","mult": 4 } ] } },{ "cleg": "68:a,-c,b;0,1/4,1/4","det": 1.0,"gen": [ "x,y,z","-x+1/2,y,-z+1/2","-x,-y,z","-x,-y+1/2,-z+1/2","x+1/2,y,z+1/2" ],"gp": [ "x,y,z","-x+1/2,y,-z+1/2","-x,-y,z","x+1/2,-y,-z+1/2","-x,-y+1/2,-z+1/2","x+1/2,-y+1/2,z","x,y+1/2,-z+1/2","-x+1/2,y+1/2,z","x+1/2,y,z+1/2","-x,y,-z","-x+1/2,-y,z+1/2","x,-y,-z","-x+1/2,-y+1/2,-z","x,-y+1/2,z+1/2","x+1/2,y+1/2,-z","-x,y+1/2,z+1/2" ],"hall": "B 2 2 -1ab","hm": "B b e b :1","hmAlt": "B b a b :1","id": "B_b_e_b_1","jmolId": "68:1bca","set": 12,"sg": 68,"tm": "a,-c+1/4,b+1/4","trm": "a,-c,b;0,1/4,1/4","wpos": { "cent": [ "1/2,0,1/2" ],"pos": [ { "desc": "1","geom": "general","label": "i","mult": 16 },{ "coord": [ "1/4,-z+1/4,3/4","3/4,z+3/4,3/4","3/4,z+1/4,3/4","1/4,-z+3/4,3/4" ],"desc": "..2","geom": "line","label": "h","mult": 8 },{ "coord": [ "0,-z+1/4,0","0,z+3/4,0","0,z+1/4,1/2","0,-z+3/4,1/2" ],"desc": "..2","geom": "line","label": "g","mult": 8 },{ "coord": [ "0,0,y+3/4","1/2,0,-y+3/4","0,1/2,-y+3/4","1/2,1/2,y+3/4" ],"desc": ".2.","geom": "line","label": "f","mult": 8 },{ "coord": [ "x,0,0","-x+1/2,0,1/2","-x,1/2,1/2","x+1/2,1/2,0" ],"desc": "2..","geom": "line","label": "e","mult": 8 },{ "coord": [ "0,1/4,3/4","1/2,1/4,3/4","0,3/4,3/4","1/2,3/4,3/4" ],"desc": "-1","geom": "point","label": "d","mult": 8 },{ "coord": [ "1/4,1/4,1/2","1/4,1/4,0","3/4,3/4,1/2","3/4,3/4,0" ],"desc": "-1","geom": "point","label": "c","mult": 8 },{ "coord": [ "0,1/2,0","0,0,1/2" ],"desc": "222","geom": "point","label": "b","mult": 4 },{ "coord": [ "0,0,0","0,1/2,1/2" ],"desc": "222","geom": "point","label": "a","mult": 4 } ] } } ],"n": 12,"sg": 68 }