{ "its": [ { "cleg": "75","det": 1.0,"gen": [ "x,y,z","-x,-y,z","-y,x,z" ],"gp": [ "x,y,z","-x,-y,z","-y,x,z","y,-x,z" ],"hall": "P 4","hm": "P 4","id": "P_4","jmolId": "75","set": 1,"sg": 75,"tm": "a,b,c","trm": "a,b,c","wpos": { "pos": [ { "desc": "1","geom": "general","label": "d","mult": 4 },{ "coord": [ "0,1/2,z","1/2,0,z" ],"desc": "2..","geom": "line","label": "c","mult": 2 },{ "coord": [ "1/2,1/2,z" ],"desc": "4..","geom": "line","label": "b","mult": 1 },{ "coord": [ "0,0,z" ],"desc": "4..","geom": "line","label": "a","mult": 1 } ] } },{ "cleg": "75:a-b,a+b,c","det": 2.0,"gen": [ "x,y,z","-x,-y,z","-y,x,z","x+1/2,y+1/2,z","-x+1/2,-y+1/2,z","-y+1/2,x+1/2,z" ],"gp": [ "x,y,z","-x,-y,z","-y,x,z","y,-x,z","x+1/2,y+1/2,z","-x+1/2,-y+1/2,z","-y+1/2,x+1/2,z","y+1/2,-x+1/2,z" ],"hall": "C 4","hm": "C 4","id": "C_4","jmolId": "75:c","set": 2,"sg": 75,"tm": "a-b,a+b,c","trm": "a-b,a+b,c","wpos": { "pos": [ { "desc": "1","geom": "general","label": "d","mult": 4 },{ "coord": [ "3/4,1/4,z","1/4,1/4,z" ],"desc": "2..","geom": "line","label": "c","mult": 2 },{ "coord": [ "0,1/2,z" ],"desc": "4..","geom": "line","label": "b","mult": 1 },{ "coord": [ "0,0,z" ],"desc": "4..","geom": "line","label": "a","mult": 1 } ] } } ],"n": 2,"sg": 75 }