{ "its": [ { "cleg": "130","det": 1.0,"gen": [ "x,y,z","-x+1/2,-y+1/2,z","-y+1/2,x,z","-x,y+1/2,-z+1/2","-x,-y,-z" ],"gp": [ "x,y,z","-x+1/2,-y+1/2,z","-y+1/2,x,z","y,-x+1/2,z","-x,y+1/2,-z+1/2","x+1/2,-y,-z+1/2","y+1/2,x+1/2,-z+1/2","-y,-x,-z+1/2","-x,-y,-z","x+1/2,y+1/2,-z","y+1/2,-x,-z","-y,x+1/2,-z","x,-y+1/2,z+1/2","-x+1/2,y,z+1/2","-y+1/2,-x+1/2,z+1/2","y,x,z+1/2" ],"hall": "-P 4a 2ac","hm": "P 4/n c c  :2","id": "P_4/n_c_c__2","jmolId": "130:2","set": 1,"sg": 130,"tm": "a,b,c","trm": "a,b,c","wpos": { "pos": [ { "desc": "1","geom": "general","label": "g","mult": 16 },{ "coord": [ "x,-x,1/4","-x+1/2,x+1/2,1/4","x+1/2,x,1/4","-x,-x+1/2,1/4","-x,x,3/4","x+1/2,-x+1/2,3/4","-x+1/2,-x,3/4","x,x+1/2,3/4" ],"desc": "..2","geom": "line","label": "f","mult": 8 },{ "coord": [ "3/4,1/4,z","1/4,3/4,z","1/4,3/4,-z+1/2","3/4,1/4,-z+1/2","1/4,3/4,-z","3/4,1/4,-z","3/4,1/4,z+1/2","1/4,3/4,z+1/2" ],"desc": "2..","geom": "line","label": "e","mult": 8 },{ "coord": [ "0,0,0","1/2,1/2,0","1/2,0,0","0,1/2,0","0,1/2,1/2","1/2,0,1/2","1/2,1/2,1/2","0,0,1/2" ],"desc": "-1","geom": "point","label": "d","mult": 8 },{ "coord": [ "1/4,1/4,z","3/4,3/4,-z+1/2","3/4,3/4,-z","1/4,1/4,z+1/2" ],"desc": "4..","geom": "line","label": "c","mult": 4 },{ "coord": [ "3/4,1/4,0","1/4,3/4,0","1/4,3/4,1/2","3/4,1/4,1/2" ],"desc": "-4..","geom": "point","label": "b","mult": 4 },{ "coord": [ "3/4,1/4,1/4","1/4,3/4,1/4","1/4,3/4,3/4","3/4,1/4,3/4" ],"desc": "2.2 2","geom": "point","label": "a","mult": 4 } ] } },{ "cleg": "130:a-b,a+b,c","det": 2.0,"gen": [ "x,y,z","-x,-y+1/2,z","-y+1/4,x+1/4,z","-y+3/4,-x+1/4,-z+1/2","-x,-y,-z","x+1/2,y+1/2,z","-x+1/2,-y,z","-y+3/4,x+3/4,z","-y+1/4,-x+3/4,-z+1/2","-x+1/2,-y+1/2,-z" ],"gp": [ "x,y,z","-x,-y+1/2,z","-y+1/4,x+1/4,z","y+3/4,-x+1/4,z","-y+3/4,-x+1/4,-z+1/2","y+1/4,x+1/4,-z+1/2","-x,y+1/2,-z+1/2","x,-y,-z+1/2","-x,-y,-z","x,y+1/2,-z","y+1/4,-x+1/4,-z","-y+3/4,x+1/4,-z","y+3/4,x+1/4,z+1/2","-y+1/4,-x+1/4,z+1/2","x,-y+1/2,z+1/2","-x,y,z+1/2","x+1/2,y+1/2,z","-x+1/2,-y,z","-y+3/4,x+3/4,z","y+1/4,-x+3/4,z","-y+1/4,-x+3/4,-z+1/2","y+3/4,x+3/4,-z+1/2","-x+1/2,y,-z+1/2","x+1/2,-y+1/2,-z+1/2","-x+1/2,-y+1/2,-z","x+1/2,y,-z","y+3/4,-x+3/4,-z","-y+1/4,x+3/4,-z","y+1/4,x+3/4,z+1/2","-y+3/4,-x+3/4,z+1/2","x+1/2,-y,z+1/2","-x+1/2,y+1/2,z+1/2" ],"hall": "?","hm": "C 4/e c c :2","id": "C_4/e_c_c_2","jmolId": "130:c2","set": 2,"sg": 130,"tm": "a-b,a+b,c","trm": "a-b,a+b,c","wpos": { "pos": [ { "desc": "1","geom": "general","label": "g","mult": 16 },{ "coord": [ "x,0,1/4","-x,1/2,1/4","1/4,x+1/4,1/4","3/4,-x+1/4,1/4","-x,0,3/4","x,1/2,3/4","1/4,-x+1/4,3/4","3/4,x+1/4,3/4" ],"desc": "..2","geom": "line","label": "f","mult": 8 },{ "coord": [ "1/4,1/2,z","3/4,1/2,z","3/4,1/2,-z+1/2","1/4,1/2,-z+1/2","3/4,1/2,-z","1/4,1/2,-z","1/4,1/2,z+1/2","3/4,1/2,z+1/2" ],"desc": "2..","geom": "line","label": "e","mult": 8 },{ "coord": [ "0,0,0","0,1/2,0","1/4,1/4,0","3/4,1/4,0","3/4,1/4,1/2","1/4,1/4,1/2","0,1/2,1/2","0,0,1/2" ],"desc": "-1","geom": "point","label": "d","mult": 8 },{ "coord": [ "0,1/4,z","0,3/4,-z+1/2","0,3/4,-z","0,1/4,z+1/2" ],"desc": "4..","geom": "line","label": "c","mult": 4 },{ "coord": [ "1/4,1/2,0","3/4,1/2,0","3/4,1/2,1/2","1/4,1/2,1/2" ],"desc": "-4..","geom": "point","label": "b","mult": 4 },{ "coord": [ "1/4,1/2,1/4","3/4,1/2,1/4","3/4,1/2,3/4","1/4,1/2,3/4" ],"desc": "2.2 2","geom": "point","label": "a","mult": 4 } ] } },{ "cleg": "130:a,b,c;-1/4,1/4,0","det": 1.0,"gen": [ "x,y,z","-x,-y,z","-y+1/2,x+1/2,z","-x+1/2,y+1/2,-z+1/2","-x+1/2,-y+1/2,-z" ],"gp": [ "x,y,z","-x,-y,z","-y+1/2,x+1/2,z","y+1/2,-x+1/2,z","-x+1/2,y+1/2,-z+1/2","x+1/2,-y+1/2,-z+1/2","y,x,-z+1/2","-y,-x,-z+1/2","-x+1/2,-y+1/2,-z","x+1/2,y+1/2,-z","y,-x,-z","-y,x,-z","x,-y,z+1/2","-x,y,z+1/2","-y+1/2,-x+1/2,z+1/2","y+1/2,x+1/2,z+1/2" ],"hall": "P 4ab 2n -1ab","hm": "P 4/n c c :1","id": "P_4/n_c_c_1","jmolId": "130:1","set": 3,"sg": 130,"tm": "a-1/4,b+1/4,c","trm": "a,b,c;-1/4,1/4,0","wpos": { "pos": [ { "desc": "1","geom": "general","label": "g","mult": 16 },{ "coord": [ "x+1/4,-x+3/4,1/4","-x+3/4,x+1/4,1/4","x+3/4,x+3/4,1/4","-x+1/4,-x+1/4,1/4","-x+1/4,x+3/4,3/4","x+3/4,-x+1/4,3/4","-x+3/4,-x+3/4,3/4","x+1/4,x+1/4,3/4" ],"desc": "..2","geom": "line","label": "f","mult": 8 },{ "coord": [ "0,0,z","1/2,1/2,z","1/2,1/2,-z+1/2","0,0,-z+1/2","1/2,1/2,-z","0,0,-z","0,0,z+1/2","1/2,1/2,z+1/2" ],"desc": "2..","geom": "line","label": "e","mult": 8 },{ "coord": [ "1/4,3/4,0","3/4,1/4,0","3/4,3/4,0","1/4,1/4,0","1/4,1/4,1/2","3/4,3/4,1/2","3/4,1/4,1/2","1/4,3/4,1/2" ],"desc": "-1","geom": "point","label": "d","mult": 8 },{ "coord": [ "1/2,0,z","0,1/2,-z+1/2","0,1/2,-z","1/2,0,z+1/2" ],"desc": "4..","geom": "line","label": "c","mult": 4 },{ "coord": [ "0,0,0","1/2,1/2,0","1/2,1/2,1/2","0,0,1/2" ],"desc": "-4..","geom": "point","label": "b","mult": 4 },{ "coord": [ "0,0,1/4","1/2,1/2,1/4","1/2,1/2,3/4","0,0,3/4" ],"desc": "2.2 2","geom": "point","label": "a","mult": 4 } ] } },{ "cleg": "130:a-b,a+b,c;-1/4,1/4,0","det": 2.0,"gen": [ "x,y,z","-x+1/2,-y+1/2,z","-y+1/2,x,z","-y,-x+1/2,-z+1/2","-x+1/2,-y,-z","x+1/2,y+1/2,z","-x,-y,z","-y,x+1/2,z","-y+1/2,-x,-z+1/2","-x,-y+1/2,-z" ],"gp": [ "x,y,z","-x+1/2,-y+1/2,z","-y+1/2,x,z","y,-x+1/2,z","-y,-x+1/2,-z+1/2","y+1/2,x,-z+1/2","-x+1/2,y+1/2,-z+1/2","x,-y,-z+1/2","-x+1/2,-y,-z","x,y+1/2,-z","y+1/2,-x+1/2,-z","-y,x,-z","y,x,z+1/2","-y+1/2,-x+1/2,z+1/2","x,-y+1/2,z+1/2","-x+1/2,y,z+1/2","x+1/2,y+1/2,z","-x,-y,z","-y,x+1/2,z","y+1/2,-x,z","-y+1/2,-x,-z+1/2","y,x+1/2,-z+1/2","-x,y,-z+1/2","x+1/2,-y+1/2,-z+1/2","-x,-y+1/2,-z","x+1/2,y,-z","y,-x,-z","-y+1/2,x+1/2,-z","y+1/2,x+1/2,z+1/2","-y,-x,z+1/2","x+1/2,-y,z+1/2","-x,y+1/2,z+1/2" ],"hall": "?","hm": "C 4/e c c :1","id": "C_4/e_c_c_1","jmolId": "130:c1","set": 4,"sg": 130,"tm": "a-b-1/4,a+b+1/4,c","trm": "a-b,a+b,c;-1/4,1/4,0","wpos": { "pos": [ { "desc": "1","geom": "general","label": "g","mult": 16 },{ "coord": [ "x+1/4,0,1/4","-x+1/4,1/2,1/4","1/2,x+1/4,1/4","0,-x+1/4,1/4","-x+1/4,0,3/4","x+1/4,1/2,3/4","1/2,-x+1/4,3/4","0,x+1/4,3/4" ],"desc": "..2","geom": "line","label": "f","mult": 8 },{ "coord": [ "1/2,1/2,z","0,1/2,z","0,1/2,-z+1/2","1/2,1/2,-z+1/2","0,1/2,-z","1/2,1/2,-z","1/2,1/2,z+1/2","0,1/2,z+1/2" ],"desc": "2..","geom": "line","label": "e","mult": 8 },{ "coord": [ "1/4,0,0","1/4,1/2,0","1/2,1/4,0","0,1/4,0","0,1/4,1/2","1/2,1/4,1/2","1/4,1/2,1/2","1/4,0,1/2" ],"desc": "-1","geom": "point","label": "d","mult": 8 },{ "coord": [ "1/4,1/4,z","1/4,3/4,-z+1/2","1/4,3/4,-z","1/4,1/4,z+1/2" ],"desc": "4..","geom": "line","label": "c","mult": 4 },{ "coord": [ "1/2,1/2,0","0,1/2,0","0,1/2,1/2","1/2,1/2,1/2" ],"desc": "-4..","geom": "point","label": "b","mult": 4 },{ "coord": [ "1/2,1/2,1/4","0,1/2,1/4","0,1/2,3/4","1/2,1/2,3/4" ],"desc": "2.2 2","geom": "point","label": "a","mult": 4 } ] } } ],"n": 4,"sg": 130 }