{ "its": [ { "cleg": "18","det": 1.0,"gen": [ "x,y,z","-x,-y,z","-x+1/2,y+1/2,-z" ],"gp": [ "x,y,z","-x,-y,z","-x+1/2,y+1/2,-z","x+1/2,-y+1/2,-z" ],"hall": "P 2 2ab","hm": "P 21 21 2","id": "P_21_21_2","jmolId": "18","set": 1,"sg": 18,"tm": "a,b,c","trm": "a,b,c","wpos": { "pos": [ { "desc": "1","geom": "general","label": "c","mult": 4 },{ "coord": [ "0,1/2,z","1/2,0,-z" ],"desc": "..2","geom": "line","label": "b","mult": 2 },{ "coord": [ "0,0,z","1/2,1/2,-z" ],"desc": "..2","geom": "line","label": "a","mult": 2 } ] } },{ "cleg": "18:c,a,b","det": 1.0,"gen": [ "x,y,z","x,-y,-z","-x,-y+1/2,z+1/2" ],"gp": [ "x,y,z","x,-y,-z","-x,-y+1/2,z+1/2","-x,y+1/2,-z+1/2" ],"hall": "P 2bc 2","hm": "P 2 21 21","id": "P_2_21_21","jmolId": "18:cab","set": 2,"sg": 18,"tm": "c,a,b","trm": "c,a,b","wpos": { "pos": [ { "desc": "1","geom": "general","label": "c","mult": 4 },{ "coord": [ "z,0,1/2","-z,1/2,0" ],"desc": "..2","geom": "line","label": "b","mult": 2 },{ "coord": [ "z,0,0","-z,1/2,1/2" ],"desc": "..2","geom": "line","label": "a","mult": 2 } ] } },{ "cleg": "18:b,c,a","det": 1.0,"gen": [ "x,y,z","-x,y,-z","x+1/2,-y,-z+1/2" ],"gp": [ "x,y,z","-x,y,-z","x+1/2,-y,-z+1/2","-x+1/2,-y,z+1/2" ],"hall": "P 2ac 2ac","hm": "P 21 2 21","id": "P_21_2_21","jmolId": "18:bca","set": 3,"sg": 18,"tm": "b,c,a","trm": "b,c,a","wpos": { "pos": [ { "desc": "1","geom": "general","label": "c","mult": 4 },{ "coord": [ "1/2,z,0","0,-z,1/2" ],"desc": "..2","geom": "line","label": "b","mult": 2 },{ "coord": [ "0,z,0","1/2,-z,1/2" ],"desc": "..2","geom": "line","label": "a","mult": 2 } ] } } ],"n": 3,"sg": 18 }