{ "its": [ { "cleg": "148","det": 1.0,"gen": [ "x,y,z","-y,x-y,z","-x,-y,-z","x+2/3,y+1/3,z+1/3" ],"gp": [ "x,y,z","-y,x-y,z","-x+y,-x,z","-x,-y,-z","y,-x+y,-z","x-y,x,-z","x+2/3,y+1/3,z+1/3","-y+2/3,x-y+1/3,z+1/3","-x+y+2/3,-x+1/3,z+1/3","-x+2/3,-y+1/3,-z+1/3","y+2/3,-x+y+1/3,-z+1/3","x-y+2/3,x+1/3,-z+1/3","x+1/3,y+2/3,z+2/3","-y+1/3,x-y+2/3,z+2/3","-x+y+1/3,-x+2/3,z+2/3","-x+1/3,-y+2/3,-z+2/3","y+1/3,-x+y+2/3,-z+2/3","x-y+1/3,x+2/3,-z+2/3" ],"hall": "-R 3","hm": "R -3 :h","id": "R_-3_h","jmolId": "148:h","set": 1,"sg": 148,"tm": "a,b,c","trm": "a,b,c","wpos": { "cent": [ "2/3,1/3,1/3","1/3,2/3,2/3" ],"pos": [ { "desc": "1","geom": "general","label": "f","mult": 18 },{ "coord": [ "1/2,0,0","0,1/2,0","1/2,1/2,0" ],"desc": "-1","geom": "point","label": "e","mult": 9 },{ "coord": [ "1/2,0,1/2","0,1/2,1/2","1/2,1/2,1/2" ],"desc": "-1","geom": "point","label": "d","mult": 9 },{ "coord": [ "0,0,z","0,0,-z" ],"desc": "3.","geom": "line","label": "c","mult": 6 },{ "coord": [ "0,0,1/2" ],"desc": "-3.","geom": "point","label": "b","mult": 3 },{ "coord": [ "0,0,0" ],"desc": "-3.","geom": "point","label": "a","mult": 3 } ] } },{ "cleg": "148:2/3a+1/3b+1/3c,-1/3a+1/3b+1/3c,-1/3a-2/3b+1/3c","det": 0.3333333333333333,"gen": [ "x,y,z","z,x,y","-x,-y,-z","x,y,z" ],"gp": [ "x,y,z","z,x,y","y,z,x","-x,-y,-z","-z,-x,-y","-y,-z,-x" ],"hall": "-P 3*","hm": "R -3 :R","id": "R_-3_R","jmolId": "148:r","set": 2,"sg": 148,"tm": "2/3a+1/3b+1/3c,-1/3a+1/3b+1/3c,-1/3a-2/3b+1/3c","trm": "2/3a+1/3b+1/3c,-1/3a+1/3b+1/3c,-1/3a-2/3b+1/3c","wpos": { "pos": [ { "desc": "1","geom": "general","label": "f","mult": 18 },{ "coord": [ "1/2,1/2,0","0,1/2,1/2","1/2,0,1/2" ],"desc": "-1","geom": "point","label": "e","mult": 9 },{ "coord": [ "0,0,1/2","1/2,0,0","0,1/2,0" ],"desc": "-1","geom": "point","label": "d","mult": 9 },{ "coord": [ "z,z,z","-z,-z,-z" ],"desc": "3.","geom": "line","label": "c","mult": 6 },{ "coord": [ "1/2,1/2,1/2" ],"desc": "-3.","geom": "point","label": "b","mult": 3 },{ "coord": [ "0,0,0" ],"desc": "-3.","geom": "point","label": "a","mult": 3 } ] } } ],"n": 2,"sg": 148 }