{ "its": [ { "cleg": "50","det": 1.0,"gen": [ "x,y,z","-x+1/2,-y+1/2,z","-x+1/2,y,-z","-x,-y,-z" ],"gp": [ "x,y,z","-x+1/2,-y+1/2,z","-x+1/2,y,-z","x,-y+1/2,-z","-x,-y,-z","x+1/2,y+1/2,-z","x+1/2,-y,z","-x,y+1/2,z" ],"hall": "-P 2ab 2b","hm": "P b a n  :2","id": "P_b_a_n__2","jmolId": "50:2","set": 1,"sg": 50,"tm": "a,b,c","trm": "a,b,c","wpos": { "pos": [ { "desc": "1","geom": "general","label": "m","mult": 8 },{ "coord": [ "1/4,3/4,z","1/4,3/4,-z","3/4,1/4,-z","3/4,1/4,z" ],"desc": "..2","geom": "line","label": "l","mult": 4 },{ "coord": [ "1/4,1/4,z","1/4,1/4,-z","3/4,3/4,-z","3/4,3/4,z" ],"desc": "..2","geom": "line","label": "k","mult": 4 },{ "coord": [ "1/4,y,1/2","1/4,-y+1/2,1/2","3/4,-y,1/2","3/4,y+1/2,1/2" ],"desc": ".2.","geom": "line","label": "j","mult": 4 },{ "coord": [ "1/4,y,0","1/4,-y+1/2,0","3/4,-y,0","3/4,y+1/2,0" ],"desc": ".2.","geom": "line","label": "i","mult": 4 },{ "coord": [ "x,1/4,1/2","-x+1/2,1/4,1/2","-x,3/4,1/2","x+1/2,3/4,1/2" ],"desc": "2..","geom": "line","label": "h","mult": 4 },{ "coord": [ "x,1/4,0","-x+1/2,1/4,0","-x,3/4,0","x+1/2,3/4,0" ],"desc": "2..","geom": "line","label": "g","mult": 4 },{ "coord": [ "0,0,1/2","1/2,1/2,1/2","1/2,0,1/2","0,1/2,1/2" ],"desc": "-1","geom": "point","label": "f","mult": 4 },{ "coord": [ "0,0,0","1/2,1/2,0","1/2,0,0","0,1/2,0" ],"desc": "-1","geom": "point","label": "e","mult": 4 },{ "coord": [ "1/4,1/4,1/2","3/4,3/4,1/2" ],"desc": "222","geom": "point","label": "d","mult": 2 },{ "coord": [ "3/4,1/4,1/2","1/4,3/4,1/2" ],"desc": "222","geom": "point","label": "c","mult": 2 },{ "coord": [ "3/4,1/4,0","1/4,3/4,0" ],"desc": "222","geom": "point","label": "b","mult": 2 },{ "coord": [ "1/4,1/4,0","3/4,3/4,0" ],"desc": "222","geom": "point","label": "a","mult": 2 } ] } },{ "cleg": "50:c,a,b","det": 1.0,"gen": [ "x,y,z","x,-y+1/2,-z+1/2","-x,-y+1/2,z","-x,-y,-z" ],"gp": [ "x,y,z","x,-y+1/2,-z+1/2","-x,-y+1/2,z","-x,y,-z+1/2","-x,-y,-z","-x,y+1/2,z+1/2","x,y+1/2,-z","x,-y,z+1/2" ],"hall": "-P 2b 2bc","hm": "P n c b :2","id": "P_n_c_b_2","jmolId": "50:2cab","set": 2,"sg": 50,"tm": "c,a,b","trm": "c,a,b","wpos": { "pos": [ { "desc": "1","geom": "general","label": "m","mult": 8 },{ "coord": [ "z,1/4,3/4","-z,1/4,3/4","-z,3/4,1/4","z,3/4,1/4" ],"desc": "..2","geom": "line","label": "l","mult": 4 },{ "coord": [ "z,1/4,1/4","-z,1/4,1/4","-z,3/4,3/4","z,3/4,3/4" ],"desc": "..2","geom": "line","label": "k","mult": 4 },{ "coord": [ "1/2,1/4,y","1/2,1/4,-y+1/2","1/2,3/4,-y","1/2,3/4,y+1/2" ],"desc": ".2.","geom": "line","label": "j","mult": 4 },{ "coord": [ "0,1/4,y","0,1/4,-y+1/2","0,3/4,-y","0,3/4,y+1/2" ],"desc": ".2.","geom": "line","label": "i","mult": 4 },{ "coord": [ "1/2,x,1/4","1/2,-x+1/2,1/4","1/2,-x,3/4","1/2,x+1/2,3/4" ],"desc": "2..","geom": "line","label": "h","mult": 4 },{ "coord": [ "0,x,1/4","0,-x+1/2,1/4","0,-x,3/4","0,x+1/2,3/4" ],"desc": "2..","geom": "line","label": "g","mult": 4 },{ "coord": [ "1/2,0,0","1/2,1/2,1/2","1/2,1/2,0","1/2,0,1/2" ],"desc": "-1","geom": "point","label": "f","mult": 4 },{ "coord": [ "0,0,0","0,1/2,1/2","0,1/2,0","0,0,1/2" ],"desc": "-1","geom": "point","label": "e","mult": 4 },{ "coord": [ "1/2,1/4,1/4","1/2,3/4,3/4" ],"desc": "222","geom": "point","label": "d","mult": 2 },{ "coord": [ "1/2,3/4,1/4","1/2,1/4,3/4" ],"desc": "222","geom": "point","label": "c","mult": 2 },{ "coord": [ "0,3/4,1/4","0,1/4,3/4" ],"desc": "222","geom": "point","label": "b","mult": 2 },{ "coord": [ "0,1/4,1/4","0,3/4,3/4" ],"desc": "222","geom": "point","label": "a","mult": 2 } ] } },{ "cleg": "50:b,c,a","det": 1.0,"gen": [ "x,y,z","-x+1/2,y,-z+1/2","x,-y,-z+1/2","-x,-y,-z" ],"gp": [ "x,y,z","-x+1/2,y,-z+1/2","x,-y,-z+1/2","-x+1/2,-y,z","-x,-y,-z","x+1/2,-y,z+1/2","-x,y,z+1/2","x+1/2,y,-z" ],"hall": "-P 2a 2c","hm": "P c n a :2","id": "P_c_n_a_2","jmolId": "50:2bca","set": 3,"sg": 50,"tm": "b,c,a","trm": "b,c,a","wpos": { "pos": [ { "desc": "1","geom": "general","label": "m","mult": 8 },{ "coord": [ "3/4,z,1/4","3/4,-z,1/4","1/4,-z,3/4","1/4,z,3/4" ],"desc": "..2","geom": "line","label": "l","mult": 4 },{ "coord": [ "1/4,z,1/4","1/4,-z,1/4","3/4,-z,3/4","3/4,z,3/4" ],"desc": "..2","geom": "line","label": "k","mult": 4 },{ "coord": [ "y,1/2,1/4","-y+1/2,1/2,1/4","-y,1/2,3/4","y+1/2,1/2,3/4" ],"desc": ".2.","geom": "line","label": "j","mult": 4 },{ "coord": [ "y,0,1/4","-y+1/2,0,1/4","-y,0,3/4","y+1/2,0,3/4" ],"desc": ".2.","geom": "line","label": "i","mult": 4 },{ "coord": [ "1/4,1/2,x","1/4,1/2,-x+1/2","3/4,1/2,-x","3/4,1/2,x+1/2" ],"desc": "2..","geom": "line","label": "h","mult": 4 },{ "coord": [ "1/4,0,x","1/4,0,-x+1/2","3/4,0,-x","3/4,0,x+1/2" ],"desc": "2..","geom": "line","label": "g","mult": 4 },{ "coord": [ "0,1/2,0","1/2,1/2,1/2","0,1/2,1/2","1/2,1/2,0" ],"desc": "-1","geom": "point","label": "f","mult": 4 },{ "coord": [ "0,0,0","1/2,0,1/2","0,0,1/2","1/2,0,0" ],"desc": "-1","geom": "point","label": "e","mult": 4 },{ "coord": [ "1/4,1/2,1/4","3/4,1/2,3/4" ],"desc": "222","geom": "point","label": "d","mult": 2 },{ "coord": [ "1/4,1/2,3/4","3/4,1/2,1/4" ],"desc": "222","geom": "point","label": "c","mult": 2 },{ "coord": [ "1/4,0,3/4","3/4,0,1/4" ],"desc": "222","geom": "point","label": "b","mult": 2 },{ "coord": [ "1/4,0,1/4","3/4,0,3/4" ],"desc": "222","geom": "point","label": "a","mult": 2 } ] } },{ "cleg": "50:a,b,c;1/4,1/4,0","det": 1.0,"gen": [ "x,y,z","-x,-y,z","-x,y,-z","-x+1/2,-y+1/2,-z" ],"gp": [ "x,y,z","-x,-y,z","-x,y,-z","x,-y,-z","-x+1/2,-y+1/2,-z","x+1/2,y+1/2,-z","x+1/2,-y+1/2,z","-x+1/2,y+1/2,z" ],"hall": "P 2 2 -1ab","hm": "P b a n :1","id": "P_b_a_n_1","jmolId": "50:1","set": 4,"sg": 50,"tm": "a+1/4,b+1/4,c","trm": "a,b,c;1/4,1/4,0","wpos": { "pos": [ { "desc": "1","geom": "general","label": "m","mult": 8 },{ "coord": [ "0,1/2,z","0,1/2,-z","1/2,0,-z","1/2,0,z" ],"desc": "..2","geom": "line","label": "l","mult": 4 },{ "coord": [ "0,0,z","0,0,-z","1/2,1/2,-z","1/2,1/2,z" ],"desc": "..2","geom": "line","label": "k","mult": 4 },{ "coord": [ "0,y+3/4,1/2","0,-y+1/4,1/2","1/2,-y+3/4,1/2","1/2,y+1/4,1/2" ],"desc": ".2.","geom": "line","label": "j","mult": 4 },{ "coord": [ "0,y+3/4,0","0,-y+1/4,0","1/2,-y+3/4,0","1/2,y+1/4,0" ],"desc": ".2.","geom": "line","label": "i","mult": 4 },{ "coord": [ "x+3/4,0,1/2","-x+1/4,0,1/2","-x+3/4,1/2,1/2","x+1/4,1/2,1/2" ],"desc": "2..","geom": "line","label": "h","mult": 4 },{ "coord": [ "x+3/4,0,0","-x+1/4,0,0","-x+3/4,1/2,0","x+1/4,1/2,0" ],"desc": "2..","geom": "line","label": "g","mult": 4 },{ "coord": [ "3/4,3/4,1/2","1/4,1/4,1/2","1/4,3/4,1/2","3/4,1/4,1/2" ],"desc": "-1","geom": "point","label": "f","mult": 4 },{ "coord": [ "3/4,3/4,0","1/4,1/4,0","1/4,3/4,0","3/4,1/4,0" ],"desc": "-1","geom": "point","label": "e","mult": 4 },{ "coord": [ "0,0,1/2","1/2,1/2,1/2" ],"desc": "222","geom": "point","label": "d","mult": 2 },{ "coord": [ "1/2,0,1/2","0,1/2,1/2" ],"desc": "222","geom": "point","label": "c","mult": 2 },{ "coord": [ "1/2,0,0","0,1/2,0" ],"desc": "222","geom": "point","label": "b","mult": 2 },{ "coord": [ "0,0,0","1/2,1/2,0" ],"desc": "222","geom": "point","label": "a","mult": 2 } ] } },{ "cleg": "50:c,a,b;1/4,1/4,0","det": 1.0,"gen": [ "x,y,z","x,-y,-z","-x,-y,z","-x,-y+1/2,-z+1/2" ],"gp": [ "x,y,z","x,-y,-z","-x,-y,z","-x,y,-z","-x,-y+1/2,-z+1/2","-x,y+1/2,z+1/2","x,y+1/2,-z+1/2","x,-y+1/2,z+1/2" ],"hall": "P 2 2 -1bc","hm": "P n c b :1","id": "P_n_c_b_1","jmolId": "50:1cab","set": 5,"sg": 50,"tm": "c+1/4,a+1/4,b","trm": "c,a,b;1/4,1/4,0","wpos": { "pos": [ { "desc": "1","geom": "general","label": "m","mult": 8 },{ "coord": [ "z,0,1/2","-z,0,1/2","-z,1/2,0","z,1/2,0" ],"desc": "..2","geom": "line","label": "l","mult": 4 },{ "coord": [ "z,0,0","-z,0,0","-z,1/2,1/2","z,1/2,1/2" ],"desc": "..2","geom": "line","label": "k","mult": 4 },{ "coord": [ "1/2,0,y+3/4","1/2,0,-y+1/4","1/2,1/2,-y+3/4","1/2,1/2,y+1/4" ],"desc": ".2.","geom": "line","label": "j","mult": 4 },{ "coord": [ "0,0,y+3/4","0,0,-y+1/4","0,1/2,-y+3/4","0,1/2,y+1/4" ],"desc": ".2.","geom": "line","label": "i","mult": 4 },{ "coord": [ "1/2,x+3/4,0","1/2,-x+1/4,0","1/2,-x+3/4,1/2","1/2,x+1/4,1/2" ],"desc": "2..","geom": "line","label": "h","mult": 4 },{ "coord": [ "0,x+3/4,0","0,-x+1/4,0","0,-x+3/4,1/2","0,x+1/4,1/2" ],"desc": "2..","geom": "line","label": "g","mult": 4 },{ "coord": [ "1/2,3/4,3/4","1/2,1/4,1/4","1/2,1/4,3/4","1/2,3/4,1/4" ],"desc": "-1","geom": "point","label": "f","mult": 4 },{ "coord": [ "0,3/4,3/4","0,1/4,1/4","0,1/4,3/4","0,3/4,1/4" ],"desc": "-1","geom": "point","label": "e","mult": 4 },{ "coord": [ "1/2,0,0","1/2,1/2,1/2" ],"desc": "222","geom": "point","label": "d","mult": 2 },{ "coord": [ "1/2,1/2,0","1/2,0,1/2" ],"desc": "222","geom": "point","label": "c","mult": 2 },{ "coord": [ "0,1/2,0","0,0,1/2" ],"desc": "222","geom": "point","label": "b","mult": 2 },{ "coord": [ "0,0,0","0,1/2,1/2" ],"desc": "222","geom": "point","label": "a","mult": 2 } ] } },{ "cleg": "50:b,c,a;1/4,1/4,0","det": 1.0,"gen": [ "x,y,z","-x,y,-z","x,-y,-z","-x+1/2,-y,-z+1/2" ],"gp": [ "x,y,z","-x,y,-z","x,-y,-z","-x,-y,z","-x+1/2,-y,-z+1/2","x+1/2,-y,z+1/2","-x+1/2,y,z+1/2","x+1/2,y,-z+1/2" ],"hall": "P 2 2 -1ac","hm": "P c n a :1","id": "P_c_n_a_1","jmolId": "50:1bca","set": 6,"sg": 50,"tm": "b+1/4,c+1/4,a","trm": "b,c,a;1/4,1/4,0","wpos": { "pos": [ { "desc": "1","geom": "general","label": "m","mult": 8 },{ "coord": [ "1/2,z,0","1/2,-z,0","0,-z,1/2","0,z,1/2" ],"desc": "..2","geom": "line","label": "l","mult": 4 },{ "coord": [ "0,z,0","0,-z,0","1/2,-z,1/2","1/2,z,1/2" ],"desc": "..2","geom": "line","label": "k","mult": 4 },{ "coord": [ "y+3/4,1/2,0","-y+1/4,1/2,0","-y+3/4,1/2,1/2","y+1/4,1/2,1/2" ],"desc": ".2.","geom": "line","label": "j","mult": 4 },{ "coord": [ "y+3/4,0,0","-y+1/4,0,0","-y+3/4,0,1/2","y+1/4,0,1/2" ],"desc": ".2.","geom": "line","label": "i","mult": 4 },{ "coord": [ "0,1/2,x+3/4","0,1/2,-x+1/4","1/2,1/2,-x+3/4","1/2,1/2,x+1/4" ],"desc": "2..","geom": "line","label": "h","mult": 4 },{ "coord": [ "0,0,x+3/4","0,0,-x+1/4","1/2,0,-x+3/4","1/2,0,x+1/4" ],"desc": "2..","geom": "line","label": "g","mult": 4 },{ "coord": [ "3/4,1/2,3/4","1/4,1/2,1/4","3/4,1/2,1/4","1/4,1/2,3/4" ],"desc": "-1","geom": "point","label": "f","mult": 4 },{ "coord": [ "3/4,0,3/4","1/4,0,1/4","3/4,0,1/4","1/4,0,3/4" ],"desc": "-1","geom": "point","label": "e","mult": 4 },{ "coord": [ "0,1/2,0","1/2,1/2,1/2" ],"desc": "222","geom": "point","label": "d","mult": 2 },{ "coord": [ "0,1/2,1/2","1/2,1/2,0" ],"desc": "222","geom": "point","label": "c","mult": 2 },{ "coord": [ "0,0,1/2","1/2,0,0" ],"desc": "222","geom": "point","label": "b","mult": 2 },{ "coord": [ "0,0,0","1/2,0,1/2" ],"desc": "222","geom": "point","label": "a","mult": 2 } ] } } ],"n": 6,"sg": 50 }