{ "its": [ { "cleg": "195","det": 1.0,"gen": [ "x,y,z","-x,-y,z","-x,y,-z","z,x,y" ],"gp": [ "x,y,z","-x,-y,z","-x,y,-z","x,-y,-z","z,x,y","z,-x,-y","-z,-x,y","-z,x,-y","y,z,x","-y,z,-x","y,-z,-x","-y,-z,x" ],"hall": "P 2 2 3","hm": "P 2 3","id": "P_2_3","jmolId": "195","set": 1,"sg": 195,"tm": "a,b,c","trm": "a,b,c","wpos": { "pos": [ { "desc": "1","geom": "general","label": "j","mult": 12 },{ "coord": [ "x,1/2,1/2","-x,1/2,1/2","1/2,x,1/2","1/2,-x,1/2","1/2,1/2,x","1/2,1/2,-x" ],"desc": "2..","geom": "line","label": "i","mult": 6 },{ "coord": [ "x,1/2,0","-x,1/2,0","0,x,1/2","0,-x,1/2","1/2,0,x","1/2,0,-x" ],"desc": "2..","geom": "line","label": "h","mult": 6 },{ "coord": [ "x,0,1/2","-x,0,1/2","1/2,x,0","1/2,-x,0","0,1/2,x","0,1/2,-x" ],"desc": "2..","geom": "line","label": "g","mult": 6 },{ "coord": [ "x,0,0","-x,0,0","0,x,0","0,-x,0","0,0,x","0,0,-x" ],"desc": "2..","geom": "line","label": "f","mult": 6 },{ "coord": [ "x,x,x","-x,-x,x","-x,x,-x","x,-x,-x" ],"desc": ".3.","geom": "line","label": "e","mult": 4 },{ "coord": [ "1/2,0,0","0,1/2,0","0,0,1/2" ],"desc": "222 . .","geom": "point","label": "d","mult": 3 },{ "coord": [ "0,1/2,1/2","1/2,0,1/2","1/2,1/2,0" ],"desc": "222 . .","geom": "point","label": "c","mult": 3 },{ "coord": [ "1/2,1/2,1/2" ],"desc": "23.","geom": "point","label": "b","mult": 1 },{ "coord": [ "0,0,0" ],"desc": "23.","geom": "point","label": "a","mult": 1 } ] } } ],"n": 1,"sg": 195 }