{ "its": [ { "cleg": "209","det": 1.0,"gen": [ "x,y,z","-x,-y,z","-x,y,-z","z,x,y","y,x,-z","x,y+1/2,z+1/2","x+1/2,y,z+1/2" ],"gp": [ "x,y,z","-x,-y,z","-x,y,-z","x,-y,-z","z,x,y","z,-x,-y","-z,-x,y","-z,x,-y","y,z,x","-y,z,-x","y,-z,-x","-y,-z,x","y,x,-z","-y,-x,-z","y,-x,z","-y,x,z","x,z,-y","-x,z,y","-x,-z,-y","x,-z,y","z,y,-x","z,-y,x","-z,y,x","-z,-y,-x","x,y+1/2,z+1/2","-x,-y+1/2,z+1/2","-x,y+1/2,-z+1/2","x,-y+1/2,-z+1/2","z,x+1/2,y+1/2","z,-x+1/2,-y+1/2","-z,-x+1/2,y+1/2","-z,x+1/2,-y+1/2","y,z+1/2,x+1/2","-y,z+1/2,-x+1/2","y,-z+1/2,-x+1/2","-y,-z+1/2,x+1/2","y,x+1/2,-z+1/2","-y,-x+1/2,-z+1/2","y,-x+1/2,z+1/2","-y,x+1/2,z+1/2","x,z+1/2,-y+1/2","-x,z+1/2,y+1/2","-x,-z+1/2,-y+1/2","x,-z+1/2,y+1/2","z,y+1/2,-x+1/2","z,-y+1/2,x+1/2","-z,y+1/2,x+1/2","-z,-y+1/2,-x+1/2","x+1/2,y,z+1/2","-x+1/2,-y,z+1/2","-x+1/2,y,-z+1/2","x+1/2,-y,-z+1/2","z+1/2,x,y+1/2","z+1/2,-x,-y+1/2","-z+1/2,-x,y+1/2","-z+1/2,x,-y+1/2","y+1/2,z,x+1/2","-y+1/2,z,-x+1/2","y+1/2,-z,-x+1/2","-y+1/2,-z,x+1/2","y+1/2,x,-z+1/2","-y+1/2,-x,-z+1/2","y+1/2,-x,z+1/2","-y+1/2,x,z+1/2","x+1/2,z,-y+1/2","-x+1/2,z,y+1/2","-x+1/2,-z,-y+1/2","x+1/2,-z,y+1/2","z+1/2,y,-x+1/2","z+1/2,-y,x+1/2","-z+1/2,y,x+1/2","-z+1/2,-y,-x+1/2","x+1/2,y+1/2,z","-x+1/2,-y+1/2,z","-x+1/2,y+1/2,-z","x+1/2,-y+1/2,-z","z+1/2,x+1/2,y","z+1/2,-x+1/2,-y","-z+1/2,-x+1/2,y","-z+1/2,x+1/2,-y","y+1/2,z+1/2,x","-y+1/2,z+1/2,-x","y+1/2,-z+1/2,-x","-y+1/2,-z+1/2,x","y+1/2,x+1/2,-z","-y+1/2,-x+1/2,-z","y+1/2,-x+1/2,z","-y+1/2,x+1/2,z","x+1/2,z+1/2,-y","-x+1/2,z+1/2,y","-x+1/2,-z+1/2,-y","x+1/2,-z+1/2,y","z+1/2,y+1/2,-x","z+1/2,-y+1/2,x","-z+1/2,y+1/2,x","-z+1/2,-y+1/2,-x" ],"hall": "F 4 2 3","hm": "F 4 3 2","id": "F_4_3_2","jmolId": "209","set": 1,"sg": 209,"tm": "a,b,c","trm": "a,b,c","wpos": { "cent": [ "0,1/2,1/2","1/2,0,1/2","1/2,1/2,0" ],"pos": [ { "desc": "1","geom": "general","label": "j","mult": 96 },{ "coord": [ "x,1/4,1/4","-x,3/4,1/4","1/4,x,1/4","1/4,-x,3/4","1/4,1/4,x","3/4,1/4,-x","1/4,x,3/4","3/4,-x,3/4","x,1/4,3/4","-x,1/4,1/4","1/4,1/4,-x","1/4,3/4,x" ],"desc": "2..","geom": "line","label": "i","mult": 48 },{ "coord": [ "1/2,y,y","1/2,-y,y","1/2,y,-y","1/2,-y,-y","y,1/2,y","y,1/2,-y","-y,1/2,y","-y,1/2,-y","y,y,1/2","-y,y,1/2","y,-y,1/2","-y,-y,1/2" ],"desc": "..2","geom": "line","label": "h","mult": 48 },{ "coord": [ "0,y,y","0,-y,y","0,y,-y","0,-y,-y","y,0,y","y,0,-y","-y,0,y","-y,0,-y","y,y,0","-y,y,0","y,-y,0","-y,-y,0" ],"desc": "..2","geom": "line","label": "g","mult": 48 },{ "coord": [ "x,x,x","-x,-x,x","-x,x,-x","x,-x,-x","x,x,-x","-x,-x,-x","x,-x,x","-x,x,x" ],"desc": ".3.","geom": "line","label": "f","mult": 32 },{ "coord": [ "x,0,0","-x,0,0","0,x,0","0,-x,0","0,0,x","0,0,-x" ],"desc": "4..","geom": "line","label": "e","mult": 24 },{ "coord": [ "0,1/4,1/4","0,3/4,1/4","1/4,0,1/4","1/4,0,3/4","1/4,1/4,0","3/4,1/4,0" ],"desc": "2.2 2","geom": "point","label": "d","mult": 24 },{ "coord": [ "1/4,1/4,1/4","1/4,1/4,3/4" ],"desc": "23.","geom": "point","label": "c","mult": 8 },{ "coord": [ "1/2,1/2,1/2" ],"desc": "432","geom": "point","label": "b","mult": 4 },{ "coord": [ "0,0,0" ],"desc": "432","geom": "point","label": "a","mult": 4 } ] } } ],"n": 1,"sg": 209 }