{ "its": [ { "cleg": "15","det": 1.0,"gen": [ "x,y,z","-x,y,-z+1/2","-x,-y,-z","x+1/2,y+1/2,z" ],"gp": [ "x,y,z","-x,y,-z+1/2","-x,-y,-z","x,-y,z+1/2","x+1/2,y+1/2,z","-x+1/2,y+1/2,-z+1/2","-x+1/2,-y+1/2,-z","x+1/2,-y+1/2,z+1/2" ],"hall": "-C 2yc","hm": "C 1 2/c 1","id": "C_1_2/c_1","jmolId": "15:b1","set": 1,"sg": 15,"tm": "a,b,c","trm": "a,b,c","wpos": { "cent": [ "1/2,1/2,0" ],"pos": [ { "desc": "1","geom": "general","label": "f","mult": 8 },{ "coord": [ "0,y,1/4","0,-y,3/4" ],"desc": "2","geom": "line","label": "e","mult": 4 },{ "coord": [ "1/4,1/4,1/2","3/4,1/4,0" ],"desc": "-1","geom": "point","label": "d","mult": 4 },{ "coord": [ "1/4,1/4,0","3/4,1/4,1/2" ],"desc": "-1","geom": "point","label": "c","mult": 4 },{ "coord": [ "0,1/2,0","0,1/2,1/2" ],"desc": "-1","geom": "point","label": "b","mult": 4 },{ "coord": [ "0,0,0","0,0,1/2" ],"desc": "-1","geom": "point","label": "a","mult": 4 } ] } },{ "cleg": "15:-a-c,b,a","det": 1.0,"gen": [ "x,y,z","-x+1/2,y,-z+1/2","-x,-y,-z","x,y+1/2,z+1/2" ],"gp": [ "x,y,z","-x+1/2,y,-z+1/2","-x,-y,-z","x+1/2,-y,z+1/2","x,y+1/2,z+1/2","-x+1/2,y+1/2,-z","-x,-y+1/2,-z+1/2","x+1/2,-y+1/2,z" ],"hall": "-A 2yab","hm": "A 1 2/n 1","id": "A_1_2/n_1","jmolId": "15:b2","set": 2,"sg": 15,"tm": "-a-c,b,a","trm": "-a-c,b,a","wpos": { "cent": [ "0,1/2,1/2" ],"pos": [ { "desc": "1","geom": "general","label": "f","mult": 8 },{ "coord": [ "3/4,y,3/4","1/4,-y,1/4" ],"desc": "2","geom": "line","label": "e","mult": 4 },{ "coord": [ "1/2,1/4,3/4","0,1/4,3/4" ],"desc": "-1","geom": "point","label": "d","mult": 4 },{ "coord": [ "0,1/4,1/4","1/2,1/4,1/4" ],"desc": "-1","geom": "point","label": "c","mult": 4 },{ "coord": [ "0,1/2,0","1/2,1/2,1/2" ],"desc": "-1","geom": "point","label": "b","mult": 4 },{ "coord": [ "0,0,0","1/2,0,1/2" ],"desc": "-1","geom": "point","label": "a","mult": 4 } ] } },{ "cleg": "15:c,b,-a-c","det": 1.0,"gen": [ "x,y,z","-x+1/2,y,-z","-x,-y,-z","x+1/2,y+1/2,z+1/2" ],"gp": [ "x,y,z","-x+1/2,y,-z","-x,-y,-z","x+1/2,-y,z","x+1/2,y+1/2,z+1/2","-x,y+1/2,-z+1/2","-x+1/2,-y+1/2,-z+1/2","x,-y+1/2,z+1/2" ],"hall": "-I 2ya","hm": "I 1 2/a 1","id": "I_1_2/a_1","jmolId": "15:b3","set": 3,"sg": 15,"tm": "c,b,-a-c","trm": "c,b,-a-c","wpos": { "cent": [ "1/2,1/2,1/2" ],"pos": [ { "desc": "1","geom": "general","label": "f","mult": 8 },{ "coord": [ "1/4,y,0","3/4,-y,0" ],"desc": "2","geom": "line","label": "e","mult": 4 },{ "coord": [ "1/4,1/4,3/4","1/4,1/4,1/4" ],"desc": "-1","geom": "point","label": "d","mult": 4 },{ "coord": [ "3/4,1/4,3/4","3/4,1/4,1/4" ],"desc": "-1","geom": "point","label": "c","mult": 4 },{ "coord": [ "0,1/2,0","1/2,1/2,0" ],"desc": "-1","geom": "point","label": "b","mult": 4 },{ "coord": [ "0,0,0","1/2,0,0" ],"desc": "-1","geom": "point","label": "a","mult": 4 } ] } },{ "cleg": "15:c,-b,a","det": 1.0,"gen": [ "x,y,z","-x+1/2,y,-z","-x,-y,-z","x,y+1/2,z+1/2" ],"gp": [ "x,y,z","-x+1/2,y,-z","-x,-y,-z","x+1/2,-y,z","x,y+1/2,z+1/2","-x+1/2,y+1/2,-z+1/2","-x,-y+1/2,-z+1/2","x+1/2,-y+1/2,z+1/2" ],"hall": "-A 2ya","hm": "A 1 2/a 1","id": "A_1_2/a_1","jmolId": "15:-b1","set": 4,"sg": 15,"tm": "c,-b,a","trm": "c,-b,a","wpos": { "cent": [ "0,1/2,1/2" ],"pos": [ { "desc": "1","geom": "general","label": "f","mult": 8 },{ "coord": [ "1/4,-y,0","3/4,y,0" ],"desc": "2","geom": "line","label": "e","mult": 4 },{ "coord": [ "1/2,3/4,1/4","0,3/4,3/4" ],"desc": "-1","geom": "point","label": "d","mult": 4 },{ "coord": [ "0,3/4,1/4","1/2,3/4,3/4" ],"desc": "-1","geom": "point","label": "c","mult": 4 },{ "coord": [ "0,1/2,0","1/2,1/2,0" ],"desc": "-1","geom": "point","label": "b","mult": 4 },{ "coord": [ "0,0,0","1/2,0,0" ],"desc": "-1","geom": "point","label": "a","mult": 4 } ] } },{ "cleg": "15:a,-b,-a-c","det": 1.0,"gen": [ "x,y,z","-x+1/2,y,-z+1/2","-x,-y,-z","x+1/2,y+1/2,z" ],"gp": [ "x,y,z","-x+1/2,y,-z+1/2","-x,-y,-z","x+1/2,-y,z+1/2","x+1/2,y+1/2,z","-x,y+1/2,-z+1/2","-x+1/2,-y+1/2,-z","x,-y+1/2,z+1/2" ],"hall": "-C 2yac","hm": "C 1 2/n 1","id": "C_1_2/n_1","jmolId": "15:-b2","set": 5,"sg": 15,"tm": "a,-b,-a-c","trm": "a,-b,-a-c","wpos": { "cent": [ "1/2,1/2,0" ],"pos": [ { "desc": "1","geom": "general","label": "f","mult": 8 },{ "coord": [ "3/4,-y,3/4","1/4,y,1/4" ],"desc": "2","geom": "line","label": "e","mult": 4 },{ "coord": [ "3/4,3/4,1/2","3/4,3/4,0" ],"desc": "-1","geom": "point","label": "d","mult": 4 },{ "coord": [ "1/4,3/4,0","1/4,3/4,1/2" ],"desc": "-1","geom": "point","label": "c","mult": 4 },{ "coord": [ "0,1/2,0","1/2,1/2,1/2" ],"desc": "-1","geom": "point","label": "b","mult": 4 },{ "coord": [ "0,0,0","1/2,0,1/2" ],"desc": "-1","geom": "point","label": "a","mult": 4 } ] } },{ "cleg": "15:-a-c,-b,c","det": 1.0,"gen": [ "x,y,z","-x,y,-z+1/2","-x,-y,-z","x+1/2,y+1/2,z+1/2" ],"gp": [ "x,y,z","-x,y,-z+1/2","-x,-y,-z","x,-y,z+1/2","x+1/2,y+1/2,z+1/2","-x+1/2,y+1/2,-z","-x+1/2,-y+1/2,-z+1/2","x+1/2,-y+1/2,z" ],"hall": "-I 2yc","hm": "I 1 2/c 1","id": "I_1_2/c_1","jmolId": "15:-b3","set": 6,"sg": 15,"tm": "-a-c,-b,c","trm": "-a-c,-b,c","wpos": { "cent": [ "1/2,1/2,1/2" ],"pos": [ { "desc": "1","geom": "general","label": "f","mult": 8 },{ "coord": [ "0,-y,1/4","0,y,3/4" ],"desc": "2","geom": "line","label": "e","mult": 4 },{ "coord": [ "3/4,3/4,1/4","1/4,3/4,1/4" ],"desc": "-1","geom": "point","label": "d","mult": 4 },{ "coord": [ "3/4,3/4,3/4","1/4,3/4,3/4" ],"desc": "-1","geom": "point","label": "c","mult": 4 },{ "coord": [ "0,1/2,0","0,1/2,1/2" ],"desc": "-1","geom": "point","label": "b","mult": 4 },{ "coord": [ "0,0,0","0,0,1/2" ],"desc": "-1","geom": "point","label": "a","mult": 4 } ] } },{ "cleg": "15:c,a,b","det": 1.0,"gen": [ "x,y,z","-x+1/2,-y,z","-x,-y,-z","x,y+1/2,z+1/2" ],"gp": [ "x,y,z","-x+1/2,-y,z","-x,-y,-z","x+1/2,y,-z","x,y+1/2,z+1/2","-x+1/2,-y+1/2,z+1/2","-x,-y+1/2,-z+1/2","x+1/2,y+1/2,-z+1/2" ],"hall": "-A 2a","hm": "A 1 1 2/a","id": "A_1_1_2/a","jmolId": "15:c1","set": 7,"sg": 15,"tm": "c,a,b","trm": "c,a,b","wpos": { "cent": [ "0,1/2,1/2" ],"pos": [ { "desc": "1","geom": "general","label": "f","mult": 8 },{ "coord": [ "1/4,0,y","3/4,0,-y" ],"desc": "2","geom": "line","label": "e","mult": 4 },{ "coord": [ "1/2,1/4,1/4","0,3/4,1/4" ],"desc": "-1","geom": "point","label": "d","mult": 4 },{ "coord": [ "0,1/4,1/4","1/2,3/4,1/4" ],"desc": "-1","geom": "point","label": "c","mult": 4 },{ "coord": [ "0,0,1/2","1/2,0,1/2" ],"desc": "-1","geom": "point","label": "b","mult": 4 },{ "coord": [ "0,0,0","1/2,0,0" ],"desc": "-1","geom": "point","label": "a","mult": 4 } ] } },{ "cleg": "15:a,-a-c,b","det": 1.0,"gen": [ "x,y,z","-x+1/2,-y+1/2,z","-x,-y,-z","x+1/2,y,z+1/2" ],"gp": [ "x,y,z","-x+1/2,-y+1/2,z","-x,-y,-z","x+1/2,y+1/2,-z","x+1/2,y,z+1/2","-x,-y+1/2,z+1/2","-x+1/2,-y,-z+1/2","x,y+1/2,-z+1/2" ],"hall": "-B 2ab","hm": "B 1 1 2/n","id": "B_1_1_2/n","jmolId": "15:c2","set": 8,"sg": 15,"tm": "a,-a-c,b","trm": "a,-a-c,b","wpos": { "cent": [ "1/2,0,1/2" ],"pos": [ { "desc": "1","geom": "general","label": "f","mult": 8 },{ "coord": [ "3/4,3/4,y","1/4,1/4,-y" ],"desc": "2","geom": "line","label": "e","mult": 4 },{ "coord": [ "3/4,1/2,1/4","3/4,0,1/4" ],"desc": "-1","geom": "point","label": "d","mult": 4 },{ "coord": [ "1/4,0,1/4","1/4,1/2,1/4" ],"desc": "-1","geom": "point","label": "c","mult": 4 },{ "coord": [ "0,0,1/2","1/2,1/2,1/2" ],"desc": "-1","geom": "point","label": "b","mult": 4 },{ "coord": [ "0,0,0","1/2,1/2,0" ],"desc": "-1","geom": "point","label": "a","mult": 4 } ] } },{ "cleg": "15:-a-c,c,b","det": 1.0,"gen": [ "x,y,z","-x,-y+1/2,z","-x,-y,-z","x+1/2,y+1/2,z+1/2" ],"gp": [ "x,y,z","-x,-y+1/2,z","-x,-y,-z","x,y+1/2,-z","x+1/2,y+1/2,z+1/2","-x+1/2,-y,z+1/2","-x+1/2,-y+1/2,-z+1/2","x+1/2,y,-z+1/2" ],"hall": "-I 2b","hm": "I 1 1 2/b","id": "I_1_1_2/b","jmolId": "15:c3","set": 9,"sg": 15,"tm": "-a-c,c,b","trm": "-a-c,c,b","wpos": { "cent": [ "1/2,1/2,1/2" ],"pos": [ { "desc": "1","geom": "general","label": "f","mult": 8 },{ "coord": [ "0,1/4,y","0,3/4,-y" ],"desc": "2","geom": "line","label": "e","mult": 4 },{ "coord": [ "3/4,1/4,1/4","1/4,1/4,1/4" ],"desc": "-1","geom": "point","label": "d","mult": 4 },{ "coord": [ "3/4,3/4,1/4","1/4,3/4,1/4" ],"desc": "-1","geom": "point","label": "c","mult": 4 },{ "coord": [ "0,0,1/2","0,1/2,1/2" ],"desc": "-1","geom": "point","label": "b","mult": 4 },{ "coord": [ "0,0,0","0,1/2,0" ],"desc": "-1","geom": "point","label": "a","mult": 4 } ] } },{ "cleg": "15:a,c,-b","det": 1.0,"gen": [ "x,y,z","-x,-y+1/2,z","-x,-y,-z","x+1/2,y,z+1/2" ],"gp": [ "x,y,z","-x,-y+1/2,z","-x,-y,-z","x,y+1/2,-z","x+1/2,y,z+1/2","-x+1/2,-y+1/2,z+1/2","-x+1/2,-y,-z+1/2","x+1/2,y+1/2,-z+1/2" ],"hall": "-B 2b","hm": "B 1 1 2/b","id": "B_1_1_2/b","jmolId": "15:-c1","set": 10,"sg": 15,"tm": "a,c,-b","trm": "a,c,-b","wpos": { "cent": [ "1/2,0,1/2" ],"pos": [ { "desc": "1","geom": "general","label": "f","mult": 8 },{ "coord": [ "0,1/4,-y","0,3/4,y" ],"desc": "2","geom": "line","label": "e","mult": 4 },{ "coord": [ "1/4,1/2,3/4","3/4,0,3/4" ],"desc": "-1","geom": "point","label": "d","mult": 4 },{ "coord": [ "1/4,0,3/4","3/4,1/2,3/4" ],"desc": "-1","geom": "point","label": "c","mult": 4 },{ "coord": [ "0,0,1/2","0,1/2,1/2" ],"desc": "-1","geom": "point","label": "b","mult": 4 },{ "coord": [ "0,0,0","0,1/2,0" ],"desc": "-1","geom": "point","label": "a","mult": 4 } ] } },{ "cleg": "15:-a-c,a,-b","det": 1.0,"gen": [ "x,y,z","-x+1/2,-y+1/2,z","-x,-y,-z","x,y+1/2,z+1/2" ],"gp": [ "x,y,z","-x+1/2,-y+1/2,z","-x,-y,-z","x+1/2,y+1/2,-z","x,y+1/2,z+1/2","-x+1/2,-y,z+1/2","-x,-y+1/2,-z+1/2","x+1/2,y,-z+1/2" ],"hall": "-A 2ab","hm": "A 1 1 2/n","id": "A_1_1_2/n","jmolId": "15:-c2","set": 11,"sg": 15,"tm": "-a-c,a,-b","trm": "-a-c,a,-b","wpos": { "cent": [ "0,1/2,1/2" ],"pos": [ { "desc": "1","geom": "general","label": "f","mult": 8 },{ "coord": [ "3/4,3/4,-y","1/4,1/4,y" ],"desc": "2","geom": "line","label": "e","mult": 4 },{ "coord": [ "1/2,3/4,3/4","0,3/4,3/4" ],"desc": "-1","geom": "point","label": "d","mult": 4 },{ "coord": [ "0,1/4,3/4","1/2,1/4,3/4" ],"desc": "-1","geom": "point","label": "c","mult": 4 },{ "coord": [ "0,0,1/2","1/2,1/2,1/2" ],"desc": "-1","geom": "point","label": "b","mult": 4 },{ "coord": [ "0,0,0","1/2,1/2,0" ],"desc": "-1","geom": "point","label": "a","mult": 4 } ] } },{ "cleg": "15:c,-a-c,-b","det": 1.0,"gen": [ "x,y,z","-x+1/2,-y,z","-x,-y,-z","x+1/2,y+1/2,z+1/2" ],"gp": [ "x,y,z","-x+1/2,-y,z","-x,-y,-z","x+1/2,y,-z","x+1/2,y+1/2,z+1/2","-x,-y+1/2,z+1/2","-x+1/2,-y+1/2,-z+1/2","x,y+1/2,-z+1/2" ],"hall": "-I 2a","hm": "I 1 1 2/a","id": "I_1_1_2/a","jmolId": "15:-c3","set": 12,"sg": 15,"tm": "c,-a-c,-b","trm": "c,-a-c,-b","wpos": { "cent": [ "1/2,1/2,1/2" ],"pos": [ { "desc": "1","geom": "general","label": "f","mult": 8 },{ "coord": [ "1/4,0,-y","3/4,0,y" ],"desc": "2","geom": "line","label": "e","mult": 4 },{ "coord": [ "1/4,3/4,3/4","1/4,1/4,3/4" ],"desc": "-1","geom": "point","label": "d","mult": 4 },{ "coord": [ "3/4,3/4,3/4","3/4,1/4,3/4" ],"desc": "-1","geom": "point","label": "c","mult": 4 },{ "coord": [ "0,0,1/2","1/2,0,1/2" ],"desc": "-1","geom": "point","label": "b","mult": 4 },{ "coord": [ "0,0,0","1/2,0,0" ],"desc": "-1","geom": "point","label": "a","mult": 4 } ] } },{ "cleg": "15:b,c,a","det": 1.0,"gen": [ "x,y,z","x,-y+1/2,-z","-x,-y,-z","x+1/2,y,z+1/2" ],"gp": [ "x,y,z","x,-y+1/2,-z","-x,-y,-z","-x,y+1/2,z","x+1/2,y,z+1/2","x+1/2,-y+1/2,-z+1/2","-x+1/2,-y,-z+1/2","-x+1/2,y+1/2,z+1/2" ],"hall": "-B 2xb","hm": "B 2/b 1 1","id": "B_2/b_1_1","jmolId": "15:a1","set": 13,"sg": 15,"tm": "b,c,a","trm": "b,c,a","wpos": { "cent": [ "1/2,0,1/2" ],"pos": [ { "desc": "1","geom": "general","label": "f","mult": 8 },{ "coord": [ "y,1/4,0","-y,3/4,0" ],"desc": "2","geom": "line","label": "e","mult": 4 },{ "coord": [ "1/4,1/2,1/4","1/4,0,3/4" ],"desc": "-1","geom": "point","label": "d","mult": 4 },{ "coord": [ "1/4,0,1/4","1/4,1/2,3/4" ],"desc": "-1","geom": "point","label": "c","mult": 4 },{ "coord": [ "1/2,0,0","1/2,1/2,0" ],"desc": "-1","geom": "point","label": "b","mult": 4 },{ "coord": [ "0,0,0","0,1/2,0" ],"desc": "-1","geom": "point","label": "a","mult": 4 } ] } },{ "cleg": "15:b,a,-a-c","det": 1.0,"gen": [ "x,y,z","x,-y+1/2,-z+1/2","-x,-y,-z","x+1/2,y+1/2,z" ],"gp": [ "x,y,z","x,-y+1/2,-z+1/2","-x,-y,-z","-x,y+1/2,z+1/2","x+1/2,y+1/2,z","x+1/2,-y,-z+1/2","-x+1/2,-y+1/2,-z","-x+1/2,y,z+1/2" ],"hall": "-C 2xac","hm": "C 2/n 1 1","id": "C_2/n_1_1","jmolId": "15:a2","set": 14,"sg": 15,"tm": "b,a,-a-c","trm": "b,a,-a-c","wpos": { "cent": [ "1/2,1/2,0" ],"pos": [ { "desc": "1","geom": "general","label": "f","mult": 8 },{ "coord": [ "y,3/4,3/4","-y,1/4,1/4" ],"desc": "2","geom": "line","label": "e","mult": 4 },{ "coord": [ "1/4,3/4,1/2","1/4,3/4,0" ],"desc": "-1","geom": "point","label": "d","mult": 4 },{ "coord": [ "1/4,1/4,0","1/4,1/4,1/2" ],"desc": "-1","geom": "point","label": "c","mult": 4 },{ "coord": [ "1/2,0,0","1/2,1/2,1/2" ],"desc": "-1","geom": "point","label": "b","mult": 4 },{ "coord": [ "0,0,0","0,1/2,1/2" ],"desc": "-1","geom": "point","label": "a","mult": 4 } ] } },{ "cleg": "15:b,-a-c,c","det": 1.0,"gen": [ "x,y,z","x,-y,-z+1/2","-x,-y,-z","x+1/2,y+1/2,z+1/2" ],"gp": [ "x,y,z","x,-y,-z+1/2","-x,-y,-z","-x,y,z+1/2","x+1/2,y+1/2,z+1/2","x+1/2,-y+1/2,-z","-x+1/2,-y+1/2,-z+1/2","-x+1/2,y+1/2,z" ],"hall": "-I 2xc","hm": "I 2/c 1 1","id": "I_2/c_1_1","jmolId": "15:a3","set": 15,"sg": 15,"tm": "b,-a-c,c","trm": "b,-a-c,c","wpos": { "cent": [ "1/2,1/2,1/2" ],"pos": [ { "desc": "1","geom": "general","label": "f","mult": 8 },{ "coord": [ "y,0,1/4","-y,0,3/4" ],"desc": "2","geom": "line","label": "e","mult": 4 },{ "coord": [ "1/4,3/4,1/4","1/4,1/4,1/4" ],"desc": "-1","geom": "point","label": "d","mult": 4 },{ "coord": [ "1/4,3/4,3/4","1/4,1/4,3/4" ],"desc": "-1","geom": "point","label": "c","mult": 4 },{ "coord": [ "1/2,0,0","1/2,0,1/2" ],"desc": "-1","geom": "point","label": "b","mult": 4 },{ "coord": [ "0,0,0","0,0,1/2" ],"desc": "-1","geom": "point","label": "a","mult": 4 } ] } },{ "cleg": "15:-b,a,c","det": 1.0,"gen": [ "x,y,z","x,-y,-z+1/2","-x,-y,-z","x+1/2,y+1/2,z" ],"gp": [ "x,y,z","x,-y,-z+1/2","-x,-y,-z","-x,y,z+1/2","x+1/2,y+1/2,z","x+1/2,-y+1/2,-z+1/2","-x+1/2,-y+1/2,-z","-x+1/2,y+1/2,z+1/2" ],"hall": "-C 2xc","hm": "C 2/c 1 1","id": "C_2/c_1_1","jmolId": "15:-a1","set": 16,"sg": 15,"tm": "-b,a,c","trm": "-b,a,c","wpos": { "cent": [ "1/2,1/2,0" ],"pos": [ { "desc": "1","geom": "general","label": "f","mult": 8 },{ "coord": [ "-y,0,1/4","y,0,3/4" ],"desc": "2","geom": "line","label": "e","mult": 4 },{ "coord": [ "3/4,1/4,1/2","3/4,3/4,0" ],"desc": "-1","geom": "point","label": "d","mult": 4 },{ "coord": [ "3/4,1/4,0","3/4,3/4,1/2" ],"desc": "-1","geom": "point","label": "c","mult": 4 },{ "coord": [ "1/2,0,0","1/2,0,1/2" ],"desc": "-1","geom": "point","label": "b","mult": 4 },{ "coord": [ "0,0,0","0,0,1/2" ],"desc": "-1","geom": "point","label": "a","mult": 4 } ] } },{ "cleg": "15:-b,-a-c,a","det": 1.0,"gen": [ "x,y,z","x,-y+1/2,-z+1/2","-x,-y,-z","x+1/2,y,z+1/2" ],"gp": [ "x,y,z","x,-y+1/2,-z+1/2","-x,-y,-z","-x,y+1/2,z+1/2","x+1/2,y,z+1/2","x+1/2,-y+1/2,-z","-x+1/2,-y,-z+1/2","-x+1/2,y+1/2,z" ],"hall": "-B 2xab","hm": "B 2/n 1 1","id": "B_2/n_1_1","jmolId": "15:-a2","set": 17,"sg": 15,"tm": "-b,-a-c,a","trm": "-b,-a-c,a","wpos": { "cent": [ "1/2,0,1/2" ],"pos": [ { "desc": "1","geom": "general","label": "f","mult": 8 },{ "coord": [ "-y,3/4,3/4","y,1/4,1/4" ],"desc": "2","geom": "line","label": "e","mult": 4 },{ "coord": [ "3/4,1/2,3/4","3/4,0,3/4" ],"desc": "-1","geom": "point","label": "d","mult": 4 },{ "coord": [ "3/4,0,1/4","3/4,1/2,1/4" ],"desc": "-1","geom": "point","label": "c","mult": 4 },{ "coord": [ "1/2,0,0","1/2,1/2,1/2" ],"desc": "-1","geom": "point","label": "b","mult": 4 },{ "coord": [ "0,0,0","0,1/2,1/2" ],"desc": "-1","geom": "point","label": "a","mult": 4 } ] } },{ "cleg": "15:-b,c,-a-c","det": 1.0,"gen": [ "x,y,z","x,-y+1/2,-z","-x,-y,-z","x+1/2,y+1/2,z+1/2" ],"gp": [ "x,y,z","x,-y+1/2,-z","-x,-y,-z","-x,y+1/2,z","x+1/2,y+1/2,z+1/2","x+1/2,-y,-z+1/2","-x+1/2,-y+1/2,-z+1/2","-x+1/2,y,z+1/2" ],"hall": "-I 2xb","hm": "I 2/b 1 1","id": "I_2/b_1_1","jmolId": "15:-a3","set": 18,"sg": 15,"tm": "-b,c,-a-c","trm": "-b,c,-a-c","wpos": { "cent": [ "1/2,1/2,1/2" ],"pos": [ { "desc": "1","geom": "general","label": "f","mult": 8 },{ "coord": [ "-y,1/4,0","y,3/4,0" ],"desc": "2","geom": "line","label": "e","mult": 4 },{ "coord": [ "3/4,1/4,3/4","3/4,1/4,1/4" ],"desc": "-1","geom": "point","label": "d","mult": 4 },{ "coord": [ "3/4,3/4,3/4","3/4,3/4,1/4" ],"desc": "-1","geom": "point","label": "c","mult": 4 },{ "coord": [ "1/2,0,0","1/2,1/2,0" ],"desc": "-1","geom": "point","label": "b","mult": 4 },{ "coord": [ "0,0,0","0,1/2,0" ],"desc": "-1","geom": "point","label": "a","mult": 4 } ] } } ],"n": 18,"sg": 15 }