{ "its": [ { "cleg": "224","det": 1.0,"gen": [ "x,y,z","-x+1/2,-y+1/2,z","-x+1/2,y,-z+1/2","z,x,y","y+1/2,x+1/2,-z","-x,-y,-z" ],"gp": [ "x,y,z","-x+1/2,-y+1/2,z","-x+1/2,y,-z+1/2","x,-y+1/2,-z+1/2","z,x,y","z,-x+1/2,-y+1/2","-z+1/2,-x+1/2,y","-z+1/2,x,-y+1/2","y,z,x","-y+1/2,z,-x+1/2","y,-z+1/2,-x+1/2","-y+1/2,-z+1/2,x","y+1/2,x+1/2,-z","-y,-x,-z","y+1/2,-x,z+1/2","-y,x+1/2,z+1/2","x+1/2,z+1/2,-y","-x,z+1/2,y+1/2","-x,-z,-y","x+1/2,-z,y+1/2","z+1/2,y+1/2,-x","z+1/2,-y,x+1/2","-z,y+1/2,x+1/2","-z,-y,-x","-x,-y,-z","x+1/2,y+1/2,-z","x+1/2,-y,z+1/2","-x,y+1/2,z+1/2","-z,-x,-y","-z,x+1/2,y+1/2","z+1/2,x+1/2,-y","z+1/2,-x,y+1/2","-y,-z,-x","y+1/2,-z,x+1/2","-y,z+1/2,x+1/2","y+1/2,z+1/2,-x","-y+1/2,-x+1/2,z","y,x,z","-y+1/2,x,-z+1/2","y,-x+1/2,-z+1/2","-x+1/2,-z+1/2,y","x,-z+1/2,-y+1/2","x,z,y","-x+1/2,z,-y+1/2","-z+1/2,-y+1/2,x","-z+1/2,y,-x+1/2","z,-y+1/2,-x+1/2","z,y,x" ],"hall": "-P 4bc 2bc 3","hm": "P n -3 m  :2","id": "P_n_-3_m__2","jmolId": "224:2","set": 1,"sg": 224,"tm": "a,b,c","trm": "a,b,c","wpos": { "pos": [ { "desc": "1","geom": "general","label": "l","mult": 48 },{ "coord": [ "x,x,z","-x+1/2,-x+1/2,z","-x+1/2,x,-z+1/2","x,-x+1/2,-z+1/2","z,x,x","z,-x+1/2,-x+1/2","-z+1/2,-x+1/2,x","-z+1/2,x,-x+1/2","x,z,x","-x+1/2,z,-x+1/2","x,-z+1/2,-x+1/2","-x+1/2,-z+1/2,x","x+1/2,x+1/2,-z","-x,-x,-z","x+1/2,-x,z+1/2","-x,x+1/2,z+1/2","x+1/2,z+1/2,-x","-x,z+1/2,x+1/2","-x,-z,-x","x+1/2,-z,x+1/2","z+1/2,x+1/2,-x","z+1/2,-x,x+1/2","-z,x+1/2,x+1/2","-z,-x,-x" ],"desc": "..m","geom": "plane","label": "k","mult": 24 },{ "coord": [ "1/2,y,-y","0,-y+1/2,-y","0,y,y+1/2","1/2,-y+1/2,y+1/2","-y,1/2,y","-y,0,-y+1/2","y+1/2,0,y","y+1/2,1/2,-y+1/2","y,-y,1/2","-y+1/2,-y,0","y,y+1/2,0","-y+1/2,y+1/2,1/2","1/2,-y,y","0,y+1/2,y","0,-y,-y+1/2","1/2,y+1/2,-y+1/2","y,1/2,-y","y,0,y+1/2","-y+1/2,0,-y","-y+1/2,1/2,y+1/2","-y,y,1/2","y+1/2,y,0","-y,-y+1/2,0","y+1/2,-y+1/2,1/2" ],"desc": "..2","geom": "line","label": "j","mult": 24 },{ "coord": [ "1/2,y,y+1/2","0,-y+1/2,y+1/2","0,y,-y","1/2,-y+1/2,-y","y+1/2,1/2,y","y+1/2,0,-y+1/2","-y,0,y","-y,1/2,-y+1/2","y,y+1/2,1/2","-y+1/2,y+1/2,0","y,-y,0","-y+1/2,-y,1/2","1/2,-y,-y+1/2","0,y+1/2,-y+1/2","0,-y,y","1/2,y+1/2,y","-y+1/2,1/2,-y","-y+1/2,0,y+1/2","y,0,-y","y,1/2,y+1/2","-y,-y+1/2,1/2","y+1/2,-y+1/2,0","-y,y,0","y+1/2,y,1/2" ],"desc": "..2","geom": "line","label": "i","mult": 24 },{ "coord": [ "x,1/4,3/4","-x+1/2,1/4,3/4","3/4,x,1/4","3/4,-x+1/2,1/4","1/4,3/4,x","1/4,3/4,-x+1/2","3/4,x+1/2,1/4","3/4,-x,1/4","x+1/2,1/4,3/4","-x,1/4,3/4","1/4,3/4,-x","1/4,3/4,x+1/2","-x,3/4,1/4","x+1/2,3/4,1/4","1/4,-x,3/4","1/4,x+1/2,3/4","3/4,1/4,-x","3/4,1/4,x+1/2","1/4,-x+1/2,3/4","1/4,x,3/4","-x+1/2,3/4,1/4","x,3/4,1/4","3/4,1/4,x","3/4,1/4,-x+1/2" ],"desc": "2..","geom": "line","label": "h","mult": 24 },{ "coord": [ "x,1/4,1/4","-x+1/2,1/4,1/4","1/4,x,1/4","1/4,-x+1/2,1/4","1/4,1/4,x","1/4,1/4,-x+1/2","3/4,x+1/2,3/4","3/4,-x,3/4","x+1/2,3/4,3/4","-x,3/4,3/4","3/4,3/4,-x","3/4,3/4,x+1/2" ],"desc": "2.m m","geom": "line","label": "g","mult": 12 },{ "coord": [ "1/2,1/4,3/4","0,1/4,3/4","3/4,1/2,1/4","3/4,0,1/4","1/4,3/4,1/2","1/4,3/4,0","1/2,3/4,1/4","0,3/4,1/4","1/4,1/2,3/4","1/4,0,3/4","3/4,1/4,1/2","3/4,1/4,0" ],"desc": "2.2 2","geom": "point","label": "f","mult": 12 },{ "coord": [ "x,x,x","-x+1/2,-x+1/2,x","-x+1/2,x,-x+1/2","x,-x+1/2,-x+1/2","x+1/2,x+1/2,-x","-x,-x,-x","x+1/2,-x,x+1/2","-x,x+1/2,x+1/2" ],"desc": ".3m","geom": "line","label": "e","mult": 8 },{ "coord": [ "1/4,3/4,3/4","3/4,1/4,3/4","3/4,3/4,1/4","1/4,3/4,1/4","3/4,1/4,1/4","1/4,1/4,3/4" ],"desc": "-42. m","geom": "point","label": "d","mult": 6 },{ "coord": [ "1/2,1/2,1/2","0,0,1/2","0,1/2,0","1/2,0,0" ],"desc": ".-3m","geom": "point","label": "c","mult": 4 },{ "coord": [ "0,0,0","1/2,1/2,0","1/2,0,1/2","0,1/2,1/2" ],"desc": ".-3m","geom": "point","label": "b","mult": 4 },{ "coord": [ "1/4,1/4,1/4","3/4,3/4,3/4" ],"desc": "-43m","geom": "point","label": "a","mult": 2 } ] } },{ "cleg": "224:a,b,c;-1/4,-1/4,-1/4","det": 1.0,"gen": [ "x,y,z","-x,-y,z","-x,y,-z","z,x,y","y+1/2,x+1/2,-z+1/2","-x+1/2,-y+1/2,-z+1/2" ],"gp": [ "x,y,z","-x,-y,z","-x,y,-z","x,-y,-z","z,x,y","z,-x,-y","-z,-x,y","-z,x,-y","y,z,x","-y,z,-x","y,-z,-x","-y,-z,x","y+1/2,x+1/2,-z+1/2","-y+1/2,-x+1/2,-z+1/2","y+1/2,-x+1/2,z+1/2","-y+1/2,x+1/2,z+1/2","x+1/2,z+1/2,-y+1/2","-x+1/2,z+1/2,y+1/2","-x+1/2,-z+1/2,-y+1/2","x+1/2,-z+1/2,y+1/2","z+1/2,y+1/2,-x+1/2","z+1/2,-y+1/2,x+1/2","-z+1/2,y+1/2,x+1/2","-z+1/2,-y+1/2,-x+1/2","-x+1/2,-y+1/2,-z+1/2","x+1/2,y+1/2,-z+1/2","x+1/2,-y+1/2,z+1/2","-x+1/2,y+1/2,z+1/2","-z+1/2,-x+1/2,-y+1/2","-z+1/2,x+1/2,y+1/2","z+1/2,x+1/2,-y+1/2","z+1/2,-x+1/2,y+1/2","-y+1/2,-z+1/2,-x+1/2","y+1/2,-z+1/2,x+1/2","-y+1/2,z+1/2,x+1/2","y+1/2,z+1/2,-x+1/2","-y,-x,z","y,x,z","-y,x,-z","y,-x,-z","-x,-z,y","x,-z,-y","x,z,y","-x,z,-y","-z,-y,x","-z,y,-x","z,-y,-x","z,y,x" ],"hall": "P 4n 2 3 -1n","hm": "P n -3 m :1","id": "P_n_-3_m_1","jmolId": "224:1","set": 2,"sg": 224,"tm": "a-1/4,b-1/4,c-1/4","trm": "a,b,c;-1/4,-1/4,-1/4","wpos": { "pos": [ { "desc": "1","geom": "general","label": "l","mult": 48 },{ "coord": [ "x+1/4,x+1/4,z+1/4","-x+3/4,-x+3/4,z+1/4","-x+3/4,x+1/4,-z+3/4","x+1/4,-x+3/4,-z+3/4","z+1/4,x+1/4,x+1/4","z+1/4,-x+3/4,-x+3/4","-z+3/4,-x+3/4,x+1/4","-z+3/4,x+1/4,-x+3/4","x+1/4,z+1/4,x+1/4","-x+3/4,z+1/4,-x+3/4","x+1/4,-z+3/4,-x+3/4","-x+3/4,-z+3/4,x+1/4","x+3/4,x+3/4,-z+1/4","-x+1/4,-x+1/4,-z+1/4","x+3/4,-x+1/4,z+3/4","-x+1/4,x+3/4,z+3/4","x+3/4,z+3/4,-x+1/4","-x+1/4,z+3/4,x+3/4","-x+1/4,-z+1/4,-x+1/4","x+3/4,-z+1/4,x+3/4","z+3/4,x+3/4,-x+1/4","z+3/4,-x+1/4,x+3/4","-z+1/4,x+3/4,x+3/4","-z+1/4,-x+1/4,-x+1/4" ],"desc": "..m","geom": "plane","label": "k","mult": 24 },{ "coord": [ "3/4,y+1/4,-y+1/4","1/4,-y+3/4,-y+1/4","1/4,y+1/4,y+3/4","3/4,-y+3/4,y+3/4","-y+1/4,3/4,y+1/4","-y+1/4,1/4,-y+3/4","y+3/4,1/4,y+1/4","y+3/4,3/4,-y+3/4","y+1/4,-y+1/4,3/4","-y+3/4,-y+1/4,1/4","y+1/4,y+3/4,1/4","-y+3/4,y+3/4,3/4","3/4,-y+1/4,y+1/4","1/4,y+3/4,y+1/4","1/4,-y+1/4,-y+3/4","3/4,y+3/4,-y+3/4","y+1/4,3/4,-y+1/4","y+1/4,1/4,y+3/4","-y+3/4,1/4,-y+1/4","-y+3/4,3/4,y+3/4","-y+1/4,y+1/4,3/4","y+3/4,y+1/4,1/4","-y+1/4,-y+3/4,1/4","y+3/4,-y+3/4,3/4" ],"desc": "..2","geom": "line","label": "j","mult": 24 },{ "coord": [ "3/4,y+1/4,y+3/4","1/4,-y+3/4,y+3/4","1/4,y+1/4,-y+1/4","3/4,-y+3/4,-y+1/4","y+3/4,3/4,y+1/4","y+3/4,1/4,-y+3/4","-y+1/4,1/4,y+1/4","-y+1/4,3/4,-y+3/4","y+1/4,y+3/4,3/4","-y+3/4,y+3/4,1/4","y+1/4,-y+1/4,1/4","-y+3/4,-y+1/4,3/4","3/4,-y+1/4,-y+3/4","1/4,y+3/4,-y+3/4","1/4,-y+1/4,y+1/4","3/4,y+3/4,y+1/4","-y+3/4,3/4,-y+1/4","-y+3/4,1/4,y+3/4","y+1/4,1/4,-y+1/4","y+1/4,3/4,y+3/4","-y+1/4,-y+3/4,3/4","y+3/4,-y+3/4,1/4","-y+1/4,y+1/4,1/4","y+3/4,y+1/4,3/4" ],"desc": "..2","geom": "line","label": "i","mult": 24 },{ "coord": [ "x+1/4,1/2,0","-x+3/4,1/2,0","0,x+1/4,1/2","0,-x+3/4,1/2","1/2,0,x+1/4","1/2,0,-x+3/4","0,x+3/4,1/2","0,-x+1/4,1/2","x+3/4,1/2,0","-x+1/4,1/2,0","1/2,0,-x+1/4","1/2,0,x+3/4","-x+1/4,0,1/2","x+3/4,0,1/2","1/2,-x+1/4,0","1/2,x+3/4,0","0,1/2,-x+1/4","0,1/2,x+3/4","1/2,-x+3/4,0","1/2,x+1/4,0","-x+3/4,0,1/2","x+1/4,0,1/2","0,1/2,x+1/4","0,1/2,-x+3/4" ],"desc": "2..","geom": "line","label": "h","mult": 24 },{ "coord": [ "x+1/4,1/2,1/2","-x+3/4,1/2,1/2","1/2,x+1/4,1/2","1/2,-x+3/4,1/2","1/2,1/2,x+1/4","1/2,1/2,-x+3/4","0,x+3/4,0","0,-x+1/4,0","x+3/4,0,0","-x+1/4,0,0","0,0,-x+1/4","0,0,x+3/4" ],"desc": "2.m m","geom": "line","label": "g","mult": 12 },{ "coord": [ "3/4,1/2,0","1/4,1/2,0","0,3/4,1/2","0,1/4,1/2","1/2,0,3/4","1/2,0,1/4","3/4,0,1/2","1/4,0,1/2","1/2,3/4,0","1/2,1/4,0","0,1/2,3/4","0,1/2,1/4" ],"desc": "2.2 2","geom": "point","label": "f","mult": 12 },{ "coord": [ "x+1/4,x+1/4,x+1/4","-x+3/4,-x+3/4,x+1/4","-x+3/4,x+1/4,-x+3/4","x+1/4,-x+3/4,-x+3/4","x+3/4,x+3/4,-x+1/4","-x+1/4,-x+1/4,-x+1/4","x+3/4,-x+1/4,x+3/4","-x+1/4,x+3/4,x+3/4" ],"desc": ".3m","geom": "line","label": "e","mult": 8 },{ "coord": [ "1/2,0,0","0,1/2,0","0,0,1/2","1/2,0,1/2","0,1/2,1/2","1/2,1/2,0" ],"desc": "-42. m","geom": "point","label": "d","mult": 6 },{ "coord": [ "3/4,3/4,3/4","1/4,1/4,3/4","1/4,3/4,1/4","3/4,1/4,1/4" ],"desc": ".-3m","geom": "point","label": "c","mult": 4 },{ "coord": [ "1/4,1/4,1/4","3/4,3/4,1/4","3/4,1/4,3/4","1/4,3/4,3/4" ],"desc": ".-3m","geom": "point","label": "b","mult": 4 },{ "coord": [ "1/2,1/2,1/2","0,0,0" ],"desc": "-43m","geom": "point","label": "a","mult": 2 } ] } } ],"n": 2,"sg": 224 }