{ "its": [ { "cleg": "30","det": 1.0,"gen": [ "x,y,z","-x,-y,z","x,-y+1/2,z+1/2" ],"gp": [ "x,y,z","-x,-y,z","x,-y+1/2,z+1/2","-x,y+1/2,z+1/2" ],"hall": "P 2 -2bc","hm": "P n c 2","id": "P_n_c_2","jmolId": "30","set": 1,"sg": 30,"tm": "a,b,c","trm": "a,b,c","wpos": { "pos": [ { "desc": "1","geom": "general","label": "c","mult": 4 },{ "coord": [ "1/2,0,z","1/2,1/2,z+1/2" ],"desc": "..2","geom": "line","label": "b","mult": 2 },{ "coord": [ "0,0,z","0,1/2,z+1/2" ],"desc": "..2","geom": "line","label": "a","mult": 2 } ] } },{ "cleg": "30:b,a,-c","det": 1.0,"gen": [ "x,y,z","-x,-y,z","-x+1/2,y,z+1/2" ],"gp": [ "x,y,z","-x,-y,z","-x+1/2,y,z+1/2","x+1/2,-y,z+1/2" ],"hall": "P 2 -2ac","hm": "P c n 2","id": "P_c_n_2","jmolId": "30:ba-c","set": 2,"sg": 30,"tm": "b,a,-c","trm": "b,a,-c","wpos": { "pos": [ { "desc": "1","geom": "general","label": "c","mult": 4 },{ "coord": [ "0,1/2,-z","1/2,1/2,-z+1/2" ],"desc": "..2","geom": "line","label": "b","mult": 2 },{ "coord": [ "0,0,-z","1/2,0,-z+1/2" ],"desc": "..2","geom": "line","label": "a","mult": 2 } ] } },{ "cleg": "30:c,a,b","det": 1.0,"gen": [ "x,y,z","x,-y,-z","x+1/2,y,-z+1/2" ],"gp": [ "x,y,z","x,-y,-z","x+1/2,y,-z+1/2","x+1/2,-y,z+1/2" ],"hall": "P -2ac 2","hm": "P 2 n a","id": "P_2_n_a","jmolId": "30:cab","set": 3,"sg": 30,"tm": "c,a,b","trm": "c,a,b","wpos": { "pos": [ { "desc": "1","geom": "general","label": "c","mult": 4 },{ "coord": [ "z,1/2,0","z+1/2,1/2,1/2" ],"desc": "..2","geom": "line","label": "b","mult": 2 },{ "coord": [ "z,0,0","z+1/2,0,1/2" ],"desc": "..2","geom": "line","label": "a","mult": 2 } ] } },{ "cleg": "30:-c,b,a","det": 1.0,"gen": [ "x,y,z","x,-y,-z","x+1/2,-y+1/2,z" ],"gp": [ "x,y,z","x,-y,-z","x+1/2,-y+1/2,z","x+1/2,y+1/2,-z" ],"hall": "P -2ab 2","hm": "P 2 a n","id": "P_2_a_n","jmolId": "30:-cba","set": 4,"sg": 30,"tm": "-c,b,a","trm": "-c,b,a","wpos": { "pos": [ { "desc": "1","geom": "general","label": "c","mult": 4 },{ "coord": [ "-z,0,1/2","-z+1/2,1/2,1/2" ],"desc": "..2","geom": "line","label": "b","mult": 2 },{ "coord": [ "-z,0,0","-z+1/2,1/2,0" ],"desc": "..2","geom": "line","label": "a","mult": 2 } ] } },{ "cleg": "30:b,c,a","det": 1.0,"gen": [ "x,y,z","-x,y,-z","-x+1/2,y+1/2,z" ],"gp": [ "x,y,z","-x,y,-z","-x+1/2,y+1/2,z","x+1/2,y+1/2,-z" ],"hall": "P -2ab -2ab","hm": "P b 2 n","id": "P_b_2_n","jmolId": "30:bca","set": 5,"sg": 30,"tm": "b,c,a","trm": "b,c,a","wpos": { "pos": [ { "desc": "1","geom": "general","label": "c","mult": 4 },{ "coord": [ "0,z,1/2","1/2,z+1/2,1/2" ],"desc": "..2","geom": "line","label": "b","mult": 2 },{ "coord": [ "0,z,0","1/2,z+1/2,0" ],"desc": "..2","geom": "line","label": "a","mult": 2 } ] } },{ "cleg": "30:a,-c,b","det": 1.0,"gen": [ "x,y,z","-x,y,-z","x,y+1/2,-z+1/2" ],"gp": [ "x,y,z","-x,y,-z","x,y+1/2,-z+1/2","-x,y+1/2,z+1/2" ],"hall": "P -2bc -2bc","hm": "P n 2 b","id": "P_n_2_b","jmolId": "30:a-cb","set": 6,"sg": 30,"tm": "a,-c,b","trm": "a,-c,b","wpos": { "pos": [ { "desc": "1","geom": "general","label": "c","mult": 4 },{ "coord": [ "1/2,-z,0","1/2,-z+1/2,1/2" ],"desc": "..2","geom": "line","label": "b","mult": 2 },{ "coord": [ "0,-z,0","0,-z+1/2,1/2" ],"desc": "..2","geom": "line","label": "a","mult": 2 } ] } } ],"n": 6,"sg": 30 }