{ "its": [ { "cleg": "34","det": 1.0,"gen": [ "x,y,z","-x,-y,z","x+1/2,-y+1/2,z+1/2" ],"gp": [ "x,y,z","-x,-y,z","x+1/2,-y+1/2,z+1/2","-x+1/2,y+1/2,z+1/2" ],"hall": "P 2 -2n","hm": "P n n 2","id": "P_n_n_2","jmolId": "34","set": 1,"sg": 34,"tm": "a,b,c","trm": "a,b,c","wpos": { "pos": [ { "desc": "1","geom": "general","label": "c","mult": 4 },{ "coord": [ "0,1/2,z","1/2,0,z+1/2" ],"desc": "..2","geom": "line","label": "b","mult": 2 },{ "coord": [ "0,0,z","1/2,1/2,z+1/2" ],"desc": "..2","geom": "line","label": "a","mult": 2 } ] } },{ "cleg": "34:c,a,b","det": 1.0,"gen": [ "x,y,z","x,-y,-z","x+1/2,y+1/2,-z+1/2" ],"gp": [ "x,y,z","x,-y,-z","x+1/2,y+1/2,-z+1/2","x+1/2,-y+1/2,z+1/2" ],"hall": "P -2n 2","hm": "P 2 n n","id": "P_2_n_n","jmolId": "34:cab","set": 2,"sg": 34,"tm": "c,a,b","trm": "c,a,b","wpos": { "pos": [ { "desc": "1","geom": "general","label": "c","mult": 4 },{ "coord": [ "z,0,1/2","z+1/2,1/2,0" ],"desc": "..2","geom": "line","label": "b","mult": 2 },{ "coord": [ "z,0,0","z+1/2,1/2,1/2" ],"desc": "..2","geom": "line","label": "a","mult": 2 } ] } },{ "cleg": "34:b,c,a","det": 1.0,"gen": [ "x,y,z","-x,y,-z","-x+1/2,y+1/2,z+1/2" ],"gp": [ "x,y,z","-x,y,-z","-x+1/2,y+1/2,z+1/2","x+1/2,y+1/2,-z+1/2" ],"hall": "P -2n -2n","hm": "P n 2 n","id": "P_n_2_n","jmolId": "34:bca","set": 3,"sg": 34,"tm": "b,c,a","trm": "b,c,a","wpos": { "pos": [ { "desc": "1","geom": "general","label": "c","mult": 4 },{ "coord": [ "1/2,z,0","0,z+1/2,1/2" ],"desc": "..2","geom": "line","label": "b","mult": 2 },{ "coord": [ "0,z,0","1/2,z+1/2,1/2" ],"desc": "..2","geom": "line","label": "a","mult": 2 } ] } } ],"n": 3,"sg": 34 }