{ "its": [ { "cleg": "174","det": 1.0,"gen": [ "x,y,z","-y,x-y,z","x,y,-z" ],"gp": [ "x,y,z","-y,x-y,z","-x+y,-x,z","x,y,-z","-y,x-y,-z","-x+y,-x,-z" ],"hall": "P -6","hm": "P -6","id": "P_-6","jmolId": "174","set": 1,"sg": 174,"tm": "a,b,c","trm": "a,b,c","wpos": { "pos": [ { "desc": "1","geom": "general","label": "l","mult": 6 },{ "coord": [ "x,y,1/2","-y,x-y,1/2","-x+y,-x,1/2" ],"desc": "m..","geom": "plane","label": "k","mult": 3 },{ "coord": [ "x,y,0","-y,x-y,0","-x+y,-x,0" ],"desc": "m..","geom": "plane","label": "j","mult": 3 },{ "coord": [ "2/3,1/3,z","2/3,1/3,-z" ],"desc": "3..","geom": "line","label": "i","mult": 2 },{ "coord": [ "1/3,2/3,z","1/3,2/3,-z" ],"desc": "3..","geom": "line","label": "h","mult": 2 },{ "coord": [ "0,0,z","0,0,-z" ],"desc": "3..","geom": "line","label": "g","mult": 2 },{ "coord": [ "2/3,1/3,1/2" ],"desc": "-6..","geom": "point","label": "f","mult": 1 },{ "coord": [ "2/3,1/3,0" ],"desc": "-6..","geom": "point","label": "e","mult": 1 },{ "coord": [ "1/3,2/3,1/2" ],"desc": "-6..","geom": "point","label": "d","mult": 1 },{ "coord": [ "1/3,2/3,0" ],"desc": "-6..","geom": "point","label": "c","mult": 1 },{ "coord": [ "0,0,1/2" ],"desc": "-6..","geom": "point","label": "b","mult": 1 },{ "coord": [ "0,0,0" ],"desc": "-6..","geom": "point","label": "a","mult": 1 } ] } } ],"n": 1,"sg": 174 }