{ "its": [ { "cleg": "29","det": 1.0,"gen": [ "x,y,z","-x,-y,z+1/2","x+1/2,-y,z" ],"gp": [ "x,y,z","-x,-y,z+1/2","x+1/2,-y,z","-x+1/2,y,z+1/2" ],"hall": "P 2c -2ac","hm": "P c a 21","id": "P_c_a_21","jmolId": "29","set": 1,"sg": 29,"tm": "a,b,c","trm": "a,b,c","wpos": { "pos": [ { "desc": "1","geom": "general","label": "a","mult": 4 } ] } },{ "cleg": "29:b,a,-c","det": 1.0,"gen": [ "x,y,z","-x,-y,z+1/2","-x,y+1/2,z" ],"gp": [ "x,y,z","-x,-y,z+1/2","-x,y+1/2,z","x,-y+1/2,z+1/2" ],"hall": "P 2c -2b","hm": "P b c 21","id": "P_b_c_21","jmolId": "29:ba-c","set": 2,"sg": 29,"tm": "b,a,-c","trm": "b,a,-c","wpos": { "pos": [ { "desc": "1","geom": "general","label": "a","mult": 4 } ] } },{ "cleg": "29:c,a,b","det": 1.0,"gen": [ "x,y,z","x+1/2,-y,-z","x,y+1/2,-z" ],"gp": [ "x,y,z","x+1/2,-y,-z","x,y+1/2,-z","x+1/2,-y+1/2,z" ],"hall": "P -2b 2a","hm": "P 21 a b","id": "P_21_a_b","jmolId": "29:cab","set": 3,"sg": 29,"tm": "c,a,b","trm": "c,a,b","wpos": { "pos": [ { "desc": "1","geom": "general","label": "a","mult": 4 } ] } },{ "cleg": "29:-c,b,a","det": 1.0,"gen": [ "x,y,z","x+1/2,-y,-z","x,-y,z+1/2" ],"gp": [ "x,y,z","x+1/2,-y,-z","x,-y,z+1/2","x+1/2,y,-z+1/2" ],"hall": "P -2ac 2a","hm": "P 21 c a","id": "P_21_c_a","jmolId": "29:-cba","set": 4,"sg": 29,"tm": "-c,b,a","trm": "-c,b,a","wpos": { "pos": [ { "desc": "1","geom": "general","label": "a","mult": 4 } ] } },{ "cleg": "29:b,c,a","det": 1.0,"gen": [ "x,y,z","-x,y+1/2,-z","-x,y,z+1/2" ],"gp": [ "x,y,z","-x,y+1/2,-z","-x,y,z+1/2","x,y+1/2,-z+1/2" ],"hall": "P -2bc -2c","hm": "P c 21 b","id": "P_c_21_b","jmolId": "29:bca","set": 5,"sg": 29,"tm": "b,c,a","trm": "b,c,a","wpos": { "pos": [ { "desc": "1","geom": "general","label": "a","mult": 4 } ] } },{ "cleg": "29:a,-c,b","det": 1.0,"gen": [ "x,y,z","-x,y+1/2,-z","x+1/2,y,-z" ],"gp": [ "x,y,z","-x,y+1/2,-z","x+1/2,y,-z","-x+1/2,y+1/2,z" ],"hall": "P -2a -2ab","hm": "P b 21 a","id": "P_b_21_a","jmolId": "29:a-cb","set": 6,"sg": 29,"tm": "a,-c,b","trm": "a,-c,b","wpos": { "pos": [ { "desc": "1","geom": "general","label": "a","mult": 4 } ] } } ],"n": 6,"sg": 29 }