{ "its": [ { "cleg": "204","det": 1.0,"gen": [ "x,y,z","-x,-y,z","-x,y,-z","z,x,y","-x,-y,-z","x+1/2,y+1/2,z+1/2" ],"gp": [ "x,y,z","-x,-y,z","-x,y,-z","x,-y,-z","z,x,y","z,-x,-y","-z,-x,y","-z,x,-y","y,z,x","-y,z,-x","y,-z,-x","-y,-z,x","-x,-y,-z","x,y,-z","x,-y,z","-x,y,z","-z,-x,-y","-z,x,y","z,x,-y","z,-x,y","-y,-z,-x","y,-z,x","-y,z,x","y,z,-x","x+1/2,y+1/2,z+1/2","-x+1/2,-y+1/2,z+1/2","-x+1/2,y+1/2,-z+1/2","x+1/2,-y+1/2,-z+1/2","z+1/2,x+1/2,y+1/2","z+1/2,-x+1/2,-y+1/2","-z+1/2,-x+1/2,y+1/2","-z+1/2,x+1/2,-y+1/2","y+1/2,z+1/2,x+1/2","-y+1/2,z+1/2,-x+1/2","y+1/2,-z+1/2,-x+1/2","-y+1/2,-z+1/2,x+1/2","-x+1/2,-y+1/2,-z+1/2","x+1/2,y+1/2,-z+1/2","x+1/2,-y+1/2,z+1/2","-x+1/2,y+1/2,z+1/2","-z+1/2,-x+1/2,-y+1/2","-z+1/2,x+1/2,y+1/2","z+1/2,x+1/2,-y+1/2","z+1/2,-x+1/2,y+1/2","-y+1/2,-z+1/2,-x+1/2","y+1/2,-z+1/2,x+1/2","-y+1/2,z+1/2,x+1/2","y+1/2,z+1/2,-x+1/2" ],"hall": "-I 2 2 3","hm": "I m -3","id": "I_m_-3","jmolId": "204","set": 1,"sg": 204,"tm": "a,b,c","trm": "a,b,c","wpos": { "cent": [ "1/2,1/2,1/2" ],"pos": [ { "desc": "1","geom": "general","label": "h","mult": 48 },{ "coord": [ "0,y,z","0,-y,z","0,y,-z","0,-y,-z","z,0,y","z,0,-y","-z,0,y","-z,0,-y","y,z,0","-y,z,0","y,-z,0","-y,-z,0" ],"desc": "m..","geom": "plane","label": "g","mult": 24 },{ "coord": [ "x,x,x","-x,-x,x","-x,x,-x","x,-x,-x","-x,-x,-x","x,x,-x","x,-x,x","-x,x,x" ],"desc": ".3.","geom": "line","label": "f","mult": 16 },{ "coord": [ "x,0,1/2","-x,0,1/2","1/2,x,0","1/2,-x,0","0,1/2,x","0,1/2,-x" ],"desc": "mm2 . .","geom": "line","label": "e","mult": 12 },{ "coord": [ "x,0,0","-x,0,0","0,x,0","0,-x,0","0,0,x","0,0,-x" ],"desc": "mm2 . .","geom": "line","label": "d","mult": 12 },{ "coord": [ "1/4,1/4,1/4","3/4,3/4,1/4","3/4,1/4,3/4","1/4,3/4,3/4" ],"desc": ".-3.","geom": "point","label": "c","mult": 8 },{ "coord": [ "0,1/2,1/2","1/2,0,1/2","1/2,1/2,0" ],"desc": "mmm . .","geom": "point","label": "b","mult": 6 },{ "coord": [ "0,0,0" ],"desc": "m-3.","geom": "point","label": "a","mult": 2 } ] } } ],"n": 1,"sg": 204 }