{ "its": [ { "cleg": "25","det": 1.0,"gen": [ "x,y,z","-x,-y,z","x,-y,z" ],"gp": [ "x,y,z","-x,-y,z","x,-y,z","-x,y,z" ],"hall": "P 2 -2","hm": "P m m 2","id": "P_m_m_2","jmolId": "25","set": 1,"sg": 25,"tm": "a,b,c","trm": "a,b,c","wpos": { "pos": [ { "desc": "1","geom": "general","label": "i","mult": 4 },{ "coord": [ "1/2,y,z","1/2,-y,z" ],"desc": "m..","geom": "plane","label": "h","mult": 2 },{ "coord": [ "0,y,z","0,-y,z" ],"desc": "m..","geom": "plane","label": "g","mult": 2 },{ "coord": [ "x,1/2,z","-x,1/2,z" ],"desc": ".m.","geom": "plane","label": "f","mult": 2 },{ "coord": [ "x,0,z","-x,0,z" ],"desc": ".m.","geom": "plane","label": "e","mult": 2 },{ "coord": [ "1/2,1/2,z" ],"desc": "mm2","geom": "line","label": "d","mult": 1 },{ "coord": [ "1/2,0,z" ],"desc": "mm2","geom": "line","label": "c","mult": 1 },{ "coord": [ "0,1/2,z" ],"desc": "mm2","geom": "line","label": "b","mult": 1 },{ "coord": [ "0,0,z" ],"desc": "mm2","geom": "line","label": "a","mult": 1 } ] } },{ "cleg": "25:c,a,b","det": 1.0,"gen": [ "x,y,z","x,-y,-z","x,y,-z" ],"gp": [ "x,y,z","x,-y,-z","x,y,-z","x,-y,z" ],"hall": "P -2 2","hm": "P 2 m m","id": "P_2_m_m","jmolId": "25:cab","set": 2,"sg": 25,"tm": "c,a,b","trm": "c,a,b","wpos": { "pos": [ { "desc": "1","geom": "general","label": "i","mult": 4 },{ "coord": [ "z,1/2,y","z,1/2,-y" ],"desc": "m..","geom": "plane","label": "h","mult": 2 },{ "coord": [ "z,0,y","z,0,-y" ],"desc": "m..","geom": "plane","label": "g","mult": 2 },{ "coord": [ "z,x,1/2","z,-x,1/2" ],"desc": ".m.","geom": "plane","label": "f","mult": 2 },{ "coord": [ "z,x,0","z,-x,0" ],"desc": ".m.","geom": "plane","label": "e","mult": 2 },{ "coord": [ "z,1/2,1/2" ],"desc": "mm2","geom": "line","label": "d","mult": 1 },{ "coord": [ "z,1/2,0" ],"desc": "mm2","geom": "line","label": "c","mult": 1 },{ "coord": [ "z,0,1/2" ],"desc": "mm2","geom": "line","label": "b","mult": 1 },{ "coord": [ "z,0,0" ],"desc": "mm2","geom": "line","label": "a","mult": 1 } ] } },{ "cleg": "25:b,c,a","det": 1.0,"gen": [ "x,y,z","-x,y,-z","-x,y,z" ],"gp": [ "x,y,z","-x,y,-z","-x,y,z","x,y,-z" ],"hall": "P -2 -2","hm": "P m 2 m","id": "P_m_2_m","jmolId": "25:bca","set": 3,"sg": 25,"tm": "b,c,a","trm": "b,c,a","wpos": { "pos": [ { "desc": "1","geom": "general","label": "i","mult": 4 },{ "coord": [ "y,z,1/2","-y,z,1/2" ],"desc": "m..","geom": "plane","label": "h","mult": 2 },{ "coord": [ "y,z,0","-y,z,0" ],"desc": "m..","geom": "plane","label": "g","mult": 2 },{ "coord": [ "1/2,z,x","1/2,z,-x" ],"desc": ".m.","geom": "plane","label": "f","mult": 2 },{ "coord": [ "0,z,x","0,z,-x" ],"desc": ".m.","geom": "plane","label": "e","mult": 2 },{ "coord": [ "1/2,z,1/2" ],"desc": "mm2","geom": "line","label": "d","mult": 1 },{ "coord": [ "0,z,1/2" ],"desc": "mm2","geom": "line","label": "c","mult": 1 },{ "coord": [ "1/2,z,0" ],"desc": "mm2","geom": "line","label": "b","mult": 1 },{ "coord": [ "0,z,0" ],"desc": "mm2","geom": "line","label": "a","mult": 1 } ] } } ],"n": 3,"sg": 25 }