{ "its": [ { "cleg": "227","det": 1.0,"gen": [ "x,y,z","-x+3/4,-y+1/4,z+1/2","-x+1/4,y+1/2,-z+3/4","z,x,y","y+3/4,x+1/4,-z+1/2","-x,-y,-z","x,y+1/2,z+1/2","x+1/2,y,z+1/2" ],"gp": [ "x,y,z","-x+3/4,-y+1/4,z+1/2","-x+1/4,y+1/2,-z+3/4","x+1/2,-y+3/4,-z+1/4","z,x,y","z+1/2,-x+3/4,-y+1/4","-z+3/4,-x+1/4,y+1/2","-z+1/4,x+1/2,-y+3/4","y,z,x","-y+1/4,z+1/2,-x+3/4","y+1/2,-z+3/4,-x+1/4","-y+3/4,-z+1/4,x+1/2","y+3/4,x+1/4,-z+1/2","-y,-x,-z","y+1/4,-x+1/2,z+3/4","-y+1/2,x+3/4,z+1/4","x+3/4,z+1/4,-y+1/2","-x+1/2,z+3/4,y+1/4","-x,-z,-y","x+1/4,-z+1/2,y+3/4","z+3/4,y+1/4,-x+1/2","z+1/4,-y+1/2,x+3/4","-z+1/2,y+3/4,x+1/4","-z,-y,-x","-x,-y,-z","x+1/4,y+3/4,-z+1/2","x+3/4,-y+1/2,z+1/4","-x+1/2,y+1/4,z+3/4","-z,-x,-y","-z+1/2,x+1/4,y+3/4","z+1/4,x+3/4,-y+1/2","z+3/4,-x+1/2,y+1/4","-y,-z,-x","y+3/4,-z+1/2,x+1/4","-y+1/2,z+1/4,x+3/4","y+1/4,z+3/4,-x+1/2","-y+1/4,-x+3/4,z+1/2","y,x,z","-y+3/4,x+1/2,-z+1/4","y+1/2,-x+1/4,-z+3/4","-x+1/4,-z+3/4,y+1/2","x+1/2,-z+1/4,-y+3/4","x,z,y","-x+3/4,z+1/2,-y+1/4","-z+1/4,-y+3/4,x+1/2","-z+3/4,y+1/2,-x+1/4","z+1/2,-y+1/4,-x+3/4","z,y,x","x,y+1/2,z+1/2","-x+3/4,-y+3/4,z","-x+1/4,y,-z+1/4","x+1/2,-y+1/4,-z+3/4","z,x+1/2,y+1/2","z+1/2,-x+1/4,-y+3/4","-z+3/4,-x+3/4,y","-z+1/4,x,-y+1/4","y,z+1/2,x+1/2","-y+1/4,z,-x+1/4","y+1/2,-z+1/4,-x+3/4","-y+3/4,-z+3/4,x","y+3/4,x+3/4,-z","-y,-x+1/2,-z+1/2","y+1/4,-x,z+1/4","-y+1/2,x+1/4,z+3/4","x+3/4,z+3/4,-y","-x+1/2,z+1/4,y+3/4","-x,-z+1/2,-y+1/2","x+1/4,-z,y+1/4","z+3/4,y+3/4,-x","z+1/4,-y,x+1/4","-z+1/2,y+1/4,x+3/4","-z,-y+1/2,-x+1/2","-x,-y+1/2,-z+1/2","x+1/4,y+1/4,-z","x+3/4,-y,z+3/4","-x+1/2,y+3/4,z+1/4","-z,-x+1/2,-y+1/2","-z+1/2,x+3/4,y+1/4","z+1/4,x+1/4,-y","z+3/4,-x,y+3/4","-y,-z+1/2,-x+1/2","y+3/4,-z,x+3/4","-y+1/2,z+3/4,x+1/4","y+1/4,z+1/4,-x","-y+1/4,-x+1/4,z","y,x+1/2,z+1/2","-y+3/4,x,-z+3/4","y+1/2,-x+3/4,-z+1/4","-x+1/4,-z+1/4,y","x+1/2,-z+3/4,-y+1/4","x,z+1/2,y+1/2","-x+3/4,z,-y+3/4","-z+1/4,-y+1/4,x","-z+3/4,y,-x+3/4","z+1/2,-y+3/4,-x+1/4","z,y+1/2,x+1/2","x+1/2,y,z+1/2","-x+1/4,-y+1/4,z","-x+3/4,y+1/2,-z+1/4","x,-y+3/4,-z+3/4","z+1/2,x,y+1/2","z,-x+3/4,-y+3/4","-z+1/4,-x+1/4,y","-z+3/4,x+1/2,-y+1/4","y+1/2,z,x+1/2","-y+3/4,z+1/2,-x+1/4","y,-z+3/4,-x+3/4","-y+1/4,-z+1/4,x","y+1/4,x+1/4,-z","-y+1/2,-x,-z+1/2","y+3/4,-x+1/2,z+1/4","-y,x+3/4,z+3/4","x+1/4,z+1/4,-y","-x,z+3/4,y+3/4","-x+1/2,-z,-y+1/2","x+3/4,-z+1/2,y+1/4","z+1/4,y+1/4,-x","z+3/4,-y+1/2,x+1/4","-z,y+3/4,x+3/4","-z+1/2,-y,-x+1/2","-x+1/2,-y,-z+1/2","x+3/4,y+3/4,-z","x+1/4,-y+1/2,z+3/4","-x,y+1/4,z+1/4","-z+1/2,-x,-y+1/2","-z,x+1/4,y+1/4","z+3/4,x+3/4,-y","z+1/4,-x+1/2,y+3/4","-y+1/2,-z,-x+1/2","y+1/4,-z+1/2,x+3/4","-y,z+1/4,x+1/4","y+3/4,z+3/4,-x","-y+3/4,-x+3/4,z","y+1/2,x,z+1/2","-y+1/4,x+1/2,-z+3/4","y,-x+1/4,-z+1/4","-x+3/4,-z+3/4,y","x,-z+1/4,-y+1/4","x+1/2,z,y+1/2","-x+1/4,z+1/2,-y+3/4","-z+3/4,-y+3/4,x","-z+1/4,y+1/2,-x+3/4","z,-y+1/4,-x+1/4","z+1/2,y,x+1/2","x+1/2,y+1/2,z","-x+1/4,-y+3/4,z+1/2","-x+3/4,y,-z+3/4","x,-y+1/4,-z+1/4","z+1/2,x+1/2,y","z,-x+1/4,-y+1/4","-z+1/4,-x+3/4,y+1/2","-z+3/4,x,-y+3/4","y+1/2,z+1/2,x","-y+3/4,z,-x+3/4","y,-z+1/4,-x+1/4","-y+1/4,-z+3/4,x+1/2","y+1/4,x+3/4,-z+1/2","-y+1/2,-x+1/2,-z","y+3/4,-x,z+3/4","-y,x+1/4,z+1/4","x+1/4,z+3/4,-y+1/2","-x,z+1/4,y+1/4","-x+1/2,-z+1/2,-y","x+3/4,-z,y+3/4","z+1/4,y+3/4,-x+1/2","z+3/4,-y,x+3/4","-z,y+1/4,x+1/4","-z+1/2,-y+1/2,-x","-x+1/2,-y+1/2,-z","x+3/4,y+1/4,-z+1/2","x+1/4,-y,z+1/4","-x,y+3/4,z+3/4","-z+1/2,-x+1/2,-y","-z,x+3/4,y+3/4","z+3/4,x+1/4,-y+1/2","z+1/4,-x,y+1/4","-y+1/2,-z+1/2,-x","y+1/4,-z,x+1/4","-y,z+3/4,x+3/4","y+3/4,z+1/4,-x+1/2","-y+3/4,-x+1/4,z+1/2","y+1/2,x+1/2,z","-y+1/4,x,-z+1/4","y,-x+3/4,-z+3/4","-x+3/4,-z+1/4,y+1/2","x,-z+3/4,-y+3/4","x+1/2,z+1/2,y","-x+1/4,z,-y+1/4","-z+3/4,-y+1/4,x+1/2","-z+1/4,y,-x+1/4","z,-y+3/4,-x+3/4","z+1/2,y+1/2,x" ],"hall": "-F 4vw 2vw 3","hm": "F d -3 m  :2","id": "F_d_-3_m__2","jmolId": "227:2","set": 1,"sg": 227,"tm": "a,b,c","trm": "a,b,c","wpos": { "cent": [ "0,1/2,1/2","1/2,0,1/2","1/2,1/2,0" ],"pos": [ { "desc": "1","geom": "general","label": "i","mult": 192 },{ "coord": [ "0,y,-y","3/4,-y+1/4,-y+1/2","1/4,y+1/2,y+3/4","1/2,-y+3/4,y+1/4","-y,0,y","-y+1/2,3/4,-y+1/4","y+3/4,1/4,y+1/2","y+1/4,1/2,-y+3/4","y,-y,0","-y+1/4,-y+1/2,3/4","y+1/2,y+3/4,1/4","-y+3/4,y+1/4,1/2","0,-y,y","1/4,y+3/4,y+1/2","3/4,-y+1/2,-y+1/4","1/2,y+1/4,-y+3/4","y,0,-y","y+1/2,1/4,y+3/4","-y+1/4,3/4,-y+1/2","-y+3/4,1/2,y+1/4","-y,y,0","y+3/4,y+1/2,1/4","-y+1/2,-y+1/4,3/4","y+1/4,-y+3/4,1/2" ],"desc": "..2","geom": "line","label": "h","mult": 96 },{ "coord": [ "x,x,z","-x+3/4,-x+1/4,z+1/2","-x+1/4,x+1/2,-z+3/4","x+1/2,-x+3/4,-z+1/4","z,x,x","z+1/2,-x+3/4,-x+1/4","-z+3/4,-x+1/4,x+1/2","-z+1/4,x+1/2,-x+3/4","x,z,x","-x+1/4,z+1/2,-x+3/4","x+1/2,-z+3/4,-x+1/4","-x+3/4,-z+1/4,x+1/2","x+3/4,x+1/4,-z+1/2","-x,-x,-z","x+1/4,-x+1/2,z+3/4","-x+1/2,x+3/4,z+1/4","x+3/4,z+1/4,-x+1/2","-x+1/2,z+3/4,x+1/4","-x,-z,-x","x+1/4,-z+1/2,x+3/4","z+3/4,x+1/4,-x+1/2","z+1/4,-x+1/2,x+3/4","-z+1/2,x+3/4,x+1/4","-z,-x,-x" ],"desc": "..m","geom": "plane","label": "g","mult": 96 },{ "coord": [ "x,1/8,1/8","-x+3/4,1/8,5/8","1/8,x,1/8","5/8,-x+3/4,1/8","1/8,1/8,x","1/8,5/8,-x+3/4","7/8,x+1/4,3/8","7/8,-x,7/8","x+3/4,3/8,3/8","-x+1/2,7/8,3/8","7/8,3/8,-x+1/2","3/8,3/8,x+3/4" ],"desc": "2.m m","geom": "line","label": "f","mult": 48 },{ "coord": [ "x,x,x","-x+3/4,-x+1/4,x+1/2","-x+1/4,x+1/2,-x+3/4","x+1/2,-x+3/4,-x+1/4","x+3/4,x+1/4,-x+1/2","-x,-x,-x","x+1/4,-x+1/2,x+3/4","-x+1/2,x+3/4,x+1/4" ],"desc": ".3m","geom": "line","label": "e","mult": 32 },{ "coord": [ "1/2,1/2,1/2","1/4,3/4,0","3/4,0,1/4","0,1/4,3/4" ],"desc": ".-3m","geom": "point","label": "d","mult": 16 },{ "coord": [ "0,0,0","3/4,1/4,1/2","1/4,1/2,3/4","1/2,3/4,1/4" ],"desc": ".-3m","geom": "point","label": "c","mult": 16 },{ "coord": [ "3/8,3/8,3/8","1/8,5/8,1/8" ],"desc": "-43m","geom": "point","label": "b","mult": 8 },{ "coord": [ "1/8,1/8,1/8","7/8,3/8,3/8" ],"desc": "-43m","geom": "point","label": "a","mult": 8 } ] } },{ "cleg": "227:a,b,c;-1/8,-1/8,-1/8","det": 1.0,"gen": [ "x,y,z","-x,-y+1/2,z+1/2","-x+1/2,y+1/2,-z","z,x,y","y+3/4,x+1/4,-z+3/4","-x+1/4,-y+1/4,-z+1/4","x,y+1/2,z+1/2","x+1/2,y,z+1/2" ],"gp": [ "x,y,z","-x,-y+1/2,z+1/2","-x+1/2,y+1/2,-z","x+1/2,-y,-z+1/2","z,x,y","z+1/2,-x,-y+1/2","-z,-x+1/2,y+1/2","-z+1/2,x+1/2,-y","y,z,x","-y+1/2,z+1/2,-x","y+1/2,-z,-x+1/2","-y,-z+1/2,x+1/2","y+3/4,x+1/4,-z+3/4","-y+1/4,-x+1/4,-z+1/4","y+1/4,-x+3/4,z+3/4","-y+3/4,x+3/4,z+1/4","x+3/4,z+1/4,-y+3/4","-x+3/4,z+3/4,y+1/4","-x+1/4,-z+1/4,-y+1/4","x+1/4,-z+3/4,y+3/4","z+3/4,y+1/4,-x+3/4","z+1/4,-y+3/4,x+3/4","-z+3/4,y+3/4,x+1/4","-z+1/4,-y+1/4,-x+1/4","-x+1/4,-y+1/4,-z+1/4","x+1/4,y+3/4,-z+3/4","x+3/4,-y+3/4,z+1/4","-x+3/4,y+1/4,z+3/4","-z+1/4,-x+1/4,-y+1/4","-z+3/4,x+1/4,y+3/4","z+1/4,x+3/4,-y+3/4","z+3/4,-x+3/4,y+1/4","-y+1/4,-z+1/4,-x+1/4","y+3/4,-z+3/4,x+1/4","-y+3/4,z+1/4,x+3/4","y+1/4,z+3/4,-x+3/4","-y+1/2,-x,z+1/2","y,x,z","-y,x+1/2,-z+1/2","y+1/2,-x+1/2,-z","-x+1/2,-z,y+1/2","x+1/2,-z+1/2,-y","x,z,y","-x,z+1/2,-y+1/2","-z+1/2,-y,x+1/2","-z,y+1/2,-x+1/2","z+1/2,-y+1/2,-x","z,y,x","x,y+1/2,z+1/2","-x,-y,z","-x+1/2,y,-z+1/2","x+1/2,-y+1/2,-z","z,x+1/2,y+1/2","z+1/2,-x+1/2,-y","-z,-x,y","-z+1/2,x,-y+1/2","y,z+1/2,x+1/2","-y+1/2,z,-x+1/2","y+1/2,-z+1/2,-x","-y,-z,x","y+3/4,x+3/4,-z+1/4","-y+1/4,-x+3/4,-z+3/4","y+1/4,-x+1/4,z+1/4","-y+3/4,x+1/4,z+3/4","x+3/4,z+3/4,-y+1/4","-x+3/4,z+1/4,y+3/4","-x+1/4,-z+3/4,-y+3/4","x+1/4,-z+1/4,y+1/4","z+3/4,y+3/4,-x+1/4","z+1/4,-y+1/4,x+1/4","-z+3/4,y+1/4,x+3/4","-z+1/4,-y+3/4,-x+3/4","-x+1/4,-y+3/4,-z+3/4","x+1/4,y+1/4,-z+1/4","x+3/4,-y+1/4,z+3/4","-x+3/4,y+3/4,z+1/4","-z+1/4,-x+3/4,-y+3/4","-z+3/4,x+3/4,y+1/4","z+1/4,x+1/4,-y+1/4","z+3/4,-x+1/4,y+3/4","-y+1/4,-z+3/4,-x+3/4","y+3/4,-z+1/4,x+3/4","-y+3/4,z+3/4,x+1/4","y+1/4,z+1/4,-x+1/4","-y+1/2,-x+1/2,z","y,x+1/2,z+1/2","-y,x,-z","y+1/2,-x,-z+1/2","-x+1/2,-z+1/2,y","x+1/2,-z,-y+1/2","x,z+1/2,y+1/2","-x,z,-y","-z+1/2,-y+1/2,x","-z,y,-x","z+1/2,-y,-x+1/2","z,y+1/2,x+1/2","x+1/2,y,z+1/2","-x+1/2,-y+1/2,z","-x,y+1/2,-z+1/2","x,-y,-z","z+1/2,x,y+1/2","z,-x,-y","-z+1/2,-x+1/2,y","-z,x+1/2,-y+1/2","y+1/2,z,x+1/2","-y,z+1/2,-x+1/2","y,-z,-x","-y+1/2,-z+1/2,x","y+1/4,x+1/4,-z+1/4","-y+3/4,-x+1/4,-z+3/4","y+3/4,-x+3/4,z+1/4","-y+1/4,x+3/4,z+3/4","x+1/4,z+1/4,-y+1/4","-x+1/4,z+3/4,y+3/4","-x+3/4,-z+1/4,-y+3/4","x+3/4,-z+3/4,y+1/4","z+1/4,y+1/4,-x+1/4","z+3/4,-y+3/4,x+1/4","-z+1/4,y+3/4,x+3/4","-z+3/4,-y+1/4,-x+3/4","-x+3/4,-y+1/4,-z+3/4","x+3/4,y+3/4,-z+1/4","x+1/4,-y+3/4,z+3/4","-x+1/4,y+1/4,z+1/4","-z+3/4,-x+1/4,-y+3/4","-z+1/4,x+1/4,y+1/4","z+3/4,x+3/4,-y+1/4","z+1/4,-x+3/4,y+3/4","-y+3/4,-z+1/4,-x+3/4","y+1/4,-z+3/4,x+3/4","-y+1/4,z+1/4,x+1/4","y+3/4,z+3/4,-x+1/4","-y,-x,z","y+1/2,x,z+1/2","-y+1/2,x+1/2,-z","y,-x+1/2,-z+1/2","-x,-z,y","x,-z+1/2,-y+1/2","x+1/2,z,y+1/2","-x+1/2,z+1/2,-y","-z,-y,x","-z+1/2,y+1/2,-x","z,-y+1/2,-x+1/2","z+1/2,y,x+1/2","x+1/2,y+1/2,z","-x+1/2,-y,z+1/2","-x,y,-z","x,-y+1/2,-z+1/2","z+1/2,x+1/2,y","z,-x+1/2,-y+1/2","-z+1/2,-x,y+1/2","-z,x,-y","y+1/2,z+1/2,x","-y,z,-x","y,-z+1/2,-x+1/2","-y+1/2,-z,x+1/2","y+1/4,x+3/4,-z+3/4","-y+3/4,-x+3/4,-z+1/4","y+3/4,-x+1/4,z+3/4","-y+1/4,x+1/4,z+1/4","x+1/4,z+3/4,-y+3/4","-x+1/4,z+1/4,y+1/4","-x+3/4,-z+3/4,-y+1/4","x+3/4,-z+1/4,y+3/4","z+1/4,y+3/4,-x+3/4","z+3/4,-y+1/4,x+3/4","-z+1/4,y+1/4,x+1/4","-z+3/4,-y+3/4,-x+1/4","-x+3/4,-y+3/4,-z+1/4","x+3/4,y+1/4,-z+3/4","x+1/4,-y+1/4,z+1/4","-x+1/4,y+3/4,z+3/4","-z+3/4,-x+3/4,-y+1/4","-z+1/4,x+3/4,y+3/4","z+3/4,x+1/4,-y+3/4","z+1/4,-x+1/4,y+1/4","-y+3/4,-z+3/4,-x+1/4","y+1/4,-z+1/4,x+1/4","-y+1/4,z+3/4,x+3/4","y+3/4,z+1/4,-x+3/4","-y,-x+1/2,z+1/2","y+1/2,x+1/2,z","-y+1/2,x,-z+1/2","y,-x,-z","-x,-z+1/2,y+1/2","x,-z,-y","x+1/2,z+1/2,y","-x+1/2,z,-y+1/2","-z,-y+1/2,x+1/2","-z+1/2,y,-x+1/2","z,-y,-x","z+1/2,y+1/2,x" ],"hall": "F 4d 2 3 -1d","hm": "F d -3 m :1","id": "F_d_-3_m_1","jmolId": "227:1","set": 2,"sg": 227,"tm": "a-1/8,b-1/8,c-1/8","trm": "a,b,c;-1/8,-1/8,-1/8","wpos": { "cent": [ "0,1/2,1/2","1/2,0,1/2","1/2,1/2,0" ],"pos": [ { "desc": "1","geom": "general","label": "i","mult": 192 },{ "coord": [ "1/8,y+1/8,-y+1/8","7/8,-y+3/8,-y+5/8","3/8,y+5/8,y+7/8","5/8,-y+7/8,y+3/8","-y+1/8,1/8,y+1/8","-y+5/8,7/8,-y+3/8","y+7/8,3/8,y+5/8","y+3/8,5/8,-y+7/8","y+1/8,-y+1/8,1/8","-y+3/8,-y+5/8,7/8","y+5/8,y+7/8,3/8","-y+7/8,y+3/8,5/8","1/8,-y+1/8,y+1/8","3/8,y+7/8,y+5/8","7/8,-y+5/8,-y+3/8","5/8,y+3/8,-y+7/8","y+1/8,1/8,-y+1/8","y+5/8,3/8,y+7/8","-y+3/8,7/8,-y+5/8","-y+7/8,5/8,y+3/8","-y+1/8,y+1/8,1/8","y+7/8,y+5/8,3/8","-y+5/8,-y+3/8,7/8","y+3/8,-y+7/8,5/8" ],"desc": "..2","geom": "line","label": "h","mult": 96 },{ "coord": [ "x+1/8,x+1/8,z+1/8","-x+7/8,-x+3/8,z+5/8","-x+3/8,x+5/8,-z+7/8","x+5/8,-x+7/8,-z+3/8","z+1/8,x+1/8,x+1/8","z+5/8,-x+7/8,-x+3/8","-z+7/8,-x+3/8,x+5/8","-z+3/8,x+5/8,-x+7/8","x+1/8,z+1/8,x+1/8","-x+3/8,z+5/8,-x+7/8","x+5/8,-z+7/8,-x+3/8","-x+7/8,-z+3/8,x+5/8","x+7/8,x+3/8,-z+5/8","-x+1/8,-x+1/8,-z+1/8","x+3/8,-x+5/8,z+7/8","-x+5/8,x+7/8,z+3/8","x+7/8,z+3/8,-x+5/8","-x+5/8,z+7/8,x+3/8","-x+1/8,-z+1/8,-x+1/8","x+3/8,-z+5/8,x+7/8","z+7/8,x+3/8,-x+5/8","z+3/8,-x+5/8,x+7/8","-z+5/8,x+7/8,x+3/8","-z+1/8,-x+1/8,-x+1/8" ],"desc": "..m","geom": "plane","label": "g","mult": 96 },{ "coord": [ "x+1/8,1/4,1/4","-x+7/8,1/4,3/4","1/4,x+1/8,1/4","3/4,-x+7/8,1/4","1/4,1/4,x+1/8","1/4,3/4,-x+7/8","0,x+3/8,1/2","0,-x+1/8,0","x+7/8,1/2,1/2","-x+5/8,0,1/2","0,1/2,-x+5/8","1/2,1/2,x+7/8" ],"desc": "2.m m","geom": "line","label": "f","mult": 48 },{ "coord": [ "x+1/8,x+1/8,x+1/8","-x+7/8,-x+3/8,x+5/8","-x+3/8,x+5/8,-x+7/8","x+5/8,-x+7/8,-x+3/8","x+7/8,x+3/8,-x+5/8","-x+1/8,-x+1/8,-x+1/8","x+3/8,-x+5/8,x+7/8","-x+5/8,x+7/8,x+3/8" ],"desc": ".3m","geom": "line","label": "e","mult": 32 },{ "coord": [ "5/8,5/8,5/8","3/8,7/8,1/8","7/8,1/8,3/8","1/8,3/8,7/8" ],"desc": ".-3m","geom": "point","label": "d","mult": 16 },{ "coord": [ "1/8,1/8,1/8","7/8,3/8,5/8","3/8,5/8,7/8","5/8,7/8,3/8" ],"desc": ".-3m","geom": "point","label": "c","mult": 16 },{ "coord": [ "1/2,1/2,1/2","1/4,3/4,1/4" ],"desc": "-43m","geom": "point","label": "b","mult": 8 },{ "coord": [ "1/4,1/4,1/4","0,1/2,1/2" ],"desc": "-43m","geom": "point","label": "a","mult": 8 } ] } } ],"n": 2,"sg": 227 }