{ "its": [ { "cleg": "104","det": 1.0,"gen": [ "x,y,z","-x,-y,z","-y,x,z","x+1/2,-y+1/2,z+1/2" ],"gp": [ "x,y,z","-x,-y,z","-y,x,z","y,-x,z","x+1/2,-y+1/2,z+1/2","-x+1/2,y+1/2,z+1/2","-y+1/2,-x+1/2,z+1/2","y+1/2,x+1/2,z+1/2" ],"hall": "P 4 -2n","hm": "P 4 n c","id": "P_4_n_c","jmolId": "104","set": 1,"sg": 104,"tm": "a,b,c","trm": "a,b,c","wpos": { "pos": [ { "desc": "1","geom": "general","label": "c","mult": 8 },{ "coord": [ "0,1/2,z","1/2,0,z","1/2,0,z+1/2","0,1/2,z+1/2" ],"desc": "2..","geom": "line","label": "b","mult": 4 },{ "coord": [ "0,0,z","1/2,1/2,z+1/2" ],"desc": "4..","geom": "line","label": "a","mult": 2 } ] } },{ "cleg": "104:a-b,a+b,c","det": 2.0,"gen": [ "x,y,z","-x,-y,z","-y,x,z","y,x+1/2,z+1/2","x+1/2,y+1/2,z","-x+1/2,-y+1/2,z","-y+1/2,x+1/2,z","y+1/2,x,z+1/2" ],"gp": [ "x,y,z","-x,-y,z","-y,x,z","y,-x,z","y,x+1/2,z+1/2","-y,-x+1/2,z+1/2","x,-y+1/2,z+1/2","-x,y+1/2,z+1/2","x+1/2,y+1/2,z","-x+1/2,-y+1/2,z","-y+1/2,x+1/2,z","y+1/2,-x+1/2,z","y+1/2,x,z+1/2","-y+1/2,-x,z+1/2","x+1/2,-y,z+1/2","-x+1/2,y,z+1/2" ],"hall": "?","hm": "C 4 c g2","id": "C_4_c_g2","jmolId": "104:c","set": 2,"sg": 104,"tm": "a-b,a+b,c","trm": "a-b,a+b,c","wpos": { "pos": [ { "desc": "1","geom": "general","label": "c","mult": 8 },{ "coord": [ "3/4,1/4,z","1/4,1/4,z","1/4,1/4,z+1/2","3/4,1/4,z+1/2" ],"desc": "2..","geom": "line","label": "b","mult": 4 },{ "coord": [ "0,0,z","0,1/2,z+1/2" ],"desc": "4..","geom": "line","label": "a","mult": 2 } ] } } ],"n": 2,"sg": 104 }