{ "its": [ { "cleg": "196","det": 1.0,"gen": [ "x,y,z","-x,-y,z","-x,y,-z","z,x,y","x,y+1/2,z+1/2","x+1/2,y,z+1/2" ],"gp": [ "x,y,z","-x,-y,z","-x,y,-z","x,-y,-z","z,x,y","z,-x,-y","-z,-x,y","-z,x,-y","y,z,x","-y,z,-x","y,-z,-x","-y,-z,x","x,y+1/2,z+1/2","-x,-y+1/2,z+1/2","-x,y+1/2,-z+1/2","x,-y+1/2,-z+1/2","z,x+1/2,y+1/2","z,-x+1/2,-y+1/2","-z,-x+1/2,y+1/2","-z,x+1/2,-y+1/2","y,z+1/2,x+1/2","-y,z+1/2,-x+1/2","y,-z+1/2,-x+1/2","-y,-z+1/2,x+1/2","x+1/2,y,z+1/2","-x+1/2,-y,z+1/2","-x+1/2,y,-z+1/2","x+1/2,-y,-z+1/2","z+1/2,x,y+1/2","z+1/2,-x,-y+1/2","-z+1/2,-x,y+1/2","-z+1/2,x,-y+1/2","y+1/2,z,x+1/2","-y+1/2,z,-x+1/2","y+1/2,-z,-x+1/2","-y+1/2,-z,x+1/2","x+1/2,y+1/2,z","-x+1/2,-y+1/2,z","-x+1/2,y+1/2,-z","x+1/2,-y+1/2,-z","z+1/2,x+1/2,y","z+1/2,-x+1/2,-y","-z+1/2,-x+1/2,y","-z+1/2,x+1/2,-y","y+1/2,z+1/2,x","-y+1/2,z+1/2,-x","y+1/2,-z+1/2,-x","-y+1/2,-z+1/2,x" ],"hall": "F 2 2 3","hm": "F 2 3","id": "F_2_3","jmolId": "196","set": 1,"sg": 196,"tm": "a,b,c","trm": "a,b,c","wpos": { "cent": [ "0,1/2,1/2","1/2,0,1/2","1/2,1/2,0" ],"pos": [ { "desc": "1","geom": "general","label": "h","mult": 48 },{ "coord": [ "x,1/4,1/4","-x,3/4,1/4","1/4,x,1/4","1/4,-x,3/4","1/4,1/4,x","3/4,1/4,-x" ],"desc": "2..","geom": "line","label": "g","mult": 24 },{ "coord": [ "x,0,0","-x,0,0","0,x,0","0,-x,0","0,0,x","0,0,-x" ],"desc": "2..","geom": "line","label": "f","mult": 24 },{ "coord": [ "x,x,x","-x,-x,x","-x,x,-x","x,-x,-x" ],"desc": ".3.","geom": "line","label": "e","mult": 16 },{ "coord": [ "3/4,3/4,3/4" ],"desc": "23.","geom": "point","label": "d","mult": 4 },{ "coord": [ "1/4,1/4,1/4" ],"desc": "23.","geom": "point","label": "c","mult": 4 },{ "coord": [ "1/2,1/2,1/2" ],"desc": "23.","geom": "point","label": "b","mult": 4 },{ "coord": [ "0,0,0" ],"desc": "23.","geom": "point","label": "a","mult": 4 } ] } } ],"n": 1,"sg": 196 }