{ "its": [ { "cleg": "103","det": 1.0,"gen": [ "x,y,z","-x,-y,z","-y,x,z","x,-y,z+1/2" ],"gp": [ "x,y,z","-x,-y,z","-y,x,z","y,-x,z","x,-y,z+1/2","-x,y,z+1/2","-y,-x,z+1/2","y,x,z+1/2" ],"hall": "P 42 -2c","hm": "P 4 c c","id": "P_4_c_c","jmolId": "101*","set": 1,"sg": 103,"tm": "a,b,c","trm": "a,b,c","wpos": { "pos": [ { "desc": "1","geom": "general","label": "d","mult": 8 },{ "coord": [ "0,1/2,z","1/2,0,z","0,1/2,z+1/2","1/2,0,z+1/2" ],"desc": "2..","geom": "line","label": "c","mult": 4 },{ "coord": [ "1/2,1/2,z","1/2,1/2,z+1/2" ],"desc": "4..","geom": "line","label": "b","mult": 2 },{ "coord": [ "0,0,z","0,0,z+1/2" ],"desc": "4..","geom": "line","label": "a","mult": 2 } ] } },{ "cleg": "103:a-b,a+b,c","det": 2.0,"gen": [ "x,y,z","-x,-y,z","-y,x,z","y,x,z+1/2","x+1/2,y+1/2,z","-x+1/2,-y+1/2,z","-y+1/2,x+1/2,z","y+1/2,x+1/2,z+1/2" ],"gp": [ "x,y,z","-x,-y,z","-y,x,z","y,-x,z","y,x,z+1/2","-y,-x,z+1/2","x,-y,z+1/2","-x,y,z+1/2","x+1/2,y+1/2,z","-x+1/2,-y+1/2,z","-y+1/2,x+1/2,z","y+1/2,-x+1/2,z","y+1/2,x+1/2,z+1/2","-y+1/2,-x+1/2,z+1/2","x+1/2,-y+1/2,z+1/2","-x+1/2,y+1/2,z+1/2" ],"hall": "C 4 -2c","hm": "C 4 c c","id": "C_4_c_c","jmolId": "103:c","set": 2,"sg": 103,"tm": "a-b,a+b,c","trm": "a-b,a+b,c","wpos": { "pos": [ { "desc": "1","geom": "general","label": "d","mult": 8 },{ "coord": [ "3/4,1/4,z","1/4,1/4,z","3/4,1/4,z+1/2","1/4,1/4,z+1/2" ],"desc": "2..","geom": "line","label": "c","mult": 4 },{ "coord": [ "0,1/2,z","0,1/2,z+1/2" ],"desc": "4..","geom": "line","label": "b","mult": 2 },{ "coord": [ "0,0,z","0,0,z+1/2" ],"desc": "4..","geom": "line","label": "a","mult": 2 } ] } } ],"n": 2,"sg": 103 }