{ "its": [ { "cleg": "198","det": 1.0,"gen": [ "x,y,z","-x+1/2,-y,z+1/2","-x,y+1/2,-z+1/2","z,x,y" ],"gp": [ "x,y,z","-x+1/2,-y,z+1/2","-x,y+1/2,-z+1/2","x+1/2,-y+1/2,-z","z,x,y","z+1/2,-x+1/2,-y","-z+1/2,-x,y+1/2","-z,x+1/2,-y+1/2","y,z,x","-y,z+1/2,-x+1/2","y+1/2,-z+1/2,-x","-y+1/2,-z,x+1/2" ],"hall": "P 2ac 2ab 3","hm": "P 21 3","id": "P_21_3","jmolId": "198","set": 1,"sg": 198,"tm": "a,b,c","trm": "a,b,c","wpos": { "pos": [ { "desc": "1","geom": "general","label": "b","mult": 12 },{ "coord": [ "x,x,x","-x+1/2,-x,x+1/2","-x,x+1/2,-x+1/2","x+1/2,-x+1/2,-x" ],"desc": ".3.","geom": "line","label": "a","mult": 4 } ] } } ],"n": 1,"sg": 198 }