{ "its": [ { "cleg": "44","det": 1.0,"gen": [ "x,y,z","-x,-y,z","x,-y,z","x+1/2,y+1/2,z+1/2" ],"gp": [ "x,y,z","-x,-y,z","x,-y,z","-x,y,z","x+1/2,y+1/2,z+1/2","-x+1/2,-y+1/2,z+1/2","x+1/2,-y+1/2,z+1/2","-x+1/2,y+1/2,z+1/2" ],"hall": "I 2 -2","hm": "I m m 2","id": "I_m_m_2","jmolId": "44","set": 1,"sg": 44,"tm": "a,b,c","trm": "a,b,c","wpos": { "cent": [ "1/2,1/2,1/2" ],"pos": [ { "desc": "1","geom": "general","label": "e","mult": 8 },{ "coord": [ "0,y,z","0,-y,z" ],"desc": "m..","geom": "plane","label": "d","mult": 4 },{ "coord": [ "x,0,z","-x,0,z" ],"desc": ".m.","geom": "plane","label": "c","mult": 4 },{ "coord": [ "0,1/2,z" ],"desc": "mm2","geom": "line","label": "b","mult": 2 },{ "coord": [ "0,0,z" ],"desc": "mm2","geom": "line","label": "a","mult": 2 } ] } },{ "cleg": "44:c,a,b","det": 1.0,"gen": [ "x,y,z","x,-y,-z","x,y,-z","x+1/2,y+1/2,z+1/2" ],"gp": [ "x,y,z","x,-y,-z","x,y,-z","x,-y,z","x+1/2,y+1/2,z+1/2","x+1/2,-y+1/2,-z+1/2","x+1/2,y+1/2,-z+1/2","x+1/2,-y+1/2,z+1/2" ],"hall": "I -2 2","hm": "I 2 m m","id": "I_2_m_m","jmolId": "44:cab","set": 2,"sg": 44,"tm": "c,a,b","trm": "c,a,b","wpos": { "cent": [ "1/2,1/2,1/2" ],"pos": [ { "desc": "1","geom": "general","label": "e","mult": 8 },{ "coord": [ "z,0,y","z,0,-y" ],"desc": "m..","geom": "plane","label": "d","mult": 4 },{ "coord": [ "z,x,0","z,-x,0" ],"desc": ".m.","geom": "plane","label": "c","mult": 4 },{ "coord": [ "z,0,1/2" ],"desc": "mm2","geom": "line","label": "b","mult": 2 },{ "coord": [ "z,0,0" ],"desc": "mm2","geom": "line","label": "a","mult": 2 } ] } },{ "cleg": "44:b,c,a","det": 1.0,"gen": [ "x,y,z","-x,y,-z","-x,y,z","x+1/2,y+1/2,z+1/2" ],"gp": [ "x,y,z","-x,y,-z","-x,y,z","x,y,-z","x+1/2,y+1/2,z+1/2","-x+1/2,y+1/2,-z+1/2","-x+1/2,y+1/2,z+1/2","x+1/2,y+1/2,-z+1/2" ],"hall": "I -2 -2","hm": "I m 2 m","id": "I_m_2_m","jmolId": "44:bca","set": 3,"sg": 44,"tm": "b,c,a","trm": "b,c,a","wpos": { "cent": [ "1/2,1/2,1/2" ],"pos": [ { "desc": "1","geom": "general","label": "e","mult": 8 },{ "coord": [ "y,z,0","-y,z,0" ],"desc": "m..","geom": "plane","label": "d","mult": 4 },{ "coord": [ "0,z,x","0,z,-x" ],"desc": ".m.","geom": "plane","label": "c","mult": 4 },{ "coord": [ "1/2,z,0" ],"desc": "mm2","geom": "line","label": "b","mult": 2 },{ "coord": [ "0,z,0" ],"desc": "mm2","geom": "line","label": "a","mult": 2 } ] } } ],"n": 3,"sg": 44 }