{ "its": [ { "cleg": "55","det": 1.0,"gen": [ "x,y,z","-x,-y,z","-x+1/2,y+1/2,-z","-x,-y,-z" ],"gp": [ "x,y,z","-x,-y,z","-x+1/2,y+1/2,-z","x+1/2,-y+1/2,-z","-x,-y,-z","x,y,-z","x+1/2,-y+1/2,z","-x+1/2,y+1/2,z" ],"hall": "-P 2 2ab","hm": "P b a m","id": "P_b_a_m","jmolId": "55","set": 1,"sg": 55,"tm": "a,b,c","trm": "a,b,c","wpos": { "pos": [ { "desc": "1","geom": "general","label": "i","mult": 8 },{ "coord": [ "x,y,1/2","-x,-y,1/2","-x+1/2,y+1/2,1/2","x+1/2,-y+1/2,1/2" ],"desc": "..m","geom": "plane","label": "h","mult": 4 },{ "coord": [ "x,y,0","-x,-y,0","-x+1/2,y+1/2,0","x+1/2,-y+1/2,0" ],"desc": "..m","geom": "plane","label": "g","mult": 4 },{ "coord": [ "0,1/2,z","1/2,0,-z","0,1/2,-z","1/2,0,z" ],"desc": "..2","geom": "line","label": "f","mult": 4 },{ "coord": [ "0,0,z","1/2,1/2,-z","0,0,-z","1/2,1/2,z" ],"desc": "..2","geom": "line","label": "e","mult": 4 },{ "coord": [ "0,1/2,1/2","1/2,0,1/2" ],"desc": "..2/m","geom": "point","label": "d","mult": 2 },{ "coord": [ "0,1/2,0","1/2,0,0" ],"desc": "..2/m","geom": "point","label": "c","mult": 2 },{ "coord": [ "0,0,1/2","1/2,1/2,1/2" ],"desc": "..2/m","geom": "point","label": "b","mult": 2 },{ "coord": [ "0,0,0","1/2,1/2,0" ],"desc": "..2/m","geom": "point","label": "a","mult": 2 } ] } },{ "cleg": "55:c,a,b","det": 1.0,"gen": [ "x,y,z","x,-y,-z","-x,-y+1/2,z+1/2","-x,-y,-z" ],"gp": [ "x,y,z","x,-y,-z","-x,-y+1/2,z+1/2","-x,y+1/2,-z+1/2","-x,-y,-z","-x,y,z","x,y+1/2,-z+1/2","x,-y+1/2,z+1/2" ],"hall": "-P 2bc 2","hm": "P m c b","id": "P_m_c_b","jmolId": "55:cab","set": 2,"sg": 55,"tm": "c,a,b","trm": "c,a,b","wpos": { "pos": [ { "desc": "1","geom": "general","label": "i","mult": 8 },{ "coord": [ "1/2,x,y","1/2,-x,-y","1/2,-x+1/2,y+1/2","1/2,x+1/2,-y+1/2" ],"desc": "..m","geom": "plane","label": "h","mult": 4 },{ "coord": [ "0,x,y","0,-x,-y","0,-x+1/2,y+1/2","0,x+1/2,-y+1/2" ],"desc": "..m","geom": "plane","label": "g","mult": 4 },{ "coord": [ "z,0,1/2","-z,1/2,0","-z,0,1/2","z,1/2,0" ],"desc": "..2","geom": "line","label": "f","mult": 4 },{ "coord": [ "z,0,0","-z,1/2,1/2","-z,0,0","z,1/2,1/2" ],"desc": "..2","geom": "line","label": "e","mult": 4 },{ "coord": [ "1/2,0,1/2","1/2,1/2,0" ],"desc": "..2/m","geom": "point","label": "d","mult": 2 },{ "coord": [ "0,0,1/2","0,1/2,0" ],"desc": "..2/m","geom": "point","label": "c","mult": 2 },{ "coord": [ "1/2,0,0","1/2,1/2,1/2" ],"desc": "..2/m","geom": "point","label": "b","mult": 2 },{ "coord": [ "0,0,0","0,1/2,1/2" ],"desc": "..2/m","geom": "point","label": "a","mult": 2 } ] } },{ "cleg": "55:b,c,a","det": 1.0,"gen": [ "x,y,z","-x,y,-z","x+1/2,-y,-z+1/2","-x,-y,-z" ],"gp": [ "x,y,z","-x,y,-z","x+1/2,-y,-z+1/2","-x+1/2,-y,z+1/2","-x,-y,-z","x,-y,z","-x+1/2,y,z+1/2","x+1/2,y,-z+1/2" ],"hall": "-P 2ac 2ac","hm": "P c m a","id": "P_c_m_a","jmolId": "55:bca","set": 3,"sg": 55,"tm": "b,c,a","trm": "b,c,a","wpos": { "pos": [ { "desc": "1","geom": "general","label": "i","mult": 8 },{ "coord": [ "y,1/2,x","-y,1/2,-x","y+1/2,1/2,-x+1/2","-y+1/2,1/2,x+1/2" ],"desc": "..m","geom": "plane","label": "h","mult": 4 },{ "coord": [ "y,0,x","-y,0,-x","y+1/2,0,-x+1/2","-y+1/2,0,x+1/2" ],"desc": "..m","geom": "plane","label": "g","mult": 4 },{ "coord": [ "1/2,z,0","0,-z,1/2","1/2,-z,0","0,z,1/2" ],"desc": "..2","geom": "line","label": "f","mult": 4 },{ "coord": [ "0,z,0","1/2,-z,1/2","0,-z,0","1/2,z,1/2" ],"desc": "..2","geom": "line","label": "e","mult": 4 },{ "coord": [ "1/2,1/2,0","0,1/2,1/2" ],"desc": "..2/m","geom": "point","label": "d","mult": 2 },{ "coord": [ "1/2,0,0","0,0,1/2" ],"desc": "..2/m","geom": "point","label": "c","mult": 2 },{ "coord": [ "0,1/2,0","1/2,1/2,1/2" ],"desc": "..2/m","geom": "point","label": "b","mult": 2 },{ "coord": [ "0,0,0","1/2,0,1/2" ],"desc": "..2/m","geom": "point","label": "a","mult": 2 } ] } } ],"n": 3,"sg": 55 }