{ "its": [ { "cleg": "183","det": 1.0,"gen": [ "x,y,z","-y,x-y,z","-x,-y,z","-y,-x,z" ],"gp": [ "x,y,z","-y,x-y,z","-x+y,-x,z","-x,-y,z","y,-x+y,z","x-y,x,z","-y,-x,z","-x+y,y,z","x,x-y,z","y,x,z","x-y,-y,z","-x,-x+y,z" ],"hall": "P 6 -2","hm": "P 6 m m","id": "P_6_m_m","jmolId": "183","set": 1,"sg": 183,"tm": "a,b,c","trm": "a,b,c","wpos": { "pos": [ { "desc": "1","geom": "general","label": "f","mult": 12 },{ "coord": [ "x,-x,z","x,2x,z","-2x,-x,z","-x,x,z","-x,-2x,z","2x,x,z" ],"desc": ".m.","geom": "plane","label": "e","mult": 6 },{ "coord": [ "x,0,z","0,x,z","-x,-x,z","-x,0,z","0,-x,z","x,x,z" ],"desc": "..m","geom": "plane","label": "d","mult": 6 },{ "coord": [ "1/2,0,z","0,1/2,z","1/2,1/2,z" ],"desc": "2mm","geom": "line","label": "c","mult": 3 },{ "coord": [ "1/3,2/3,z","2/3,1/3,z" ],"desc": "3m.","geom": "line","label": "b","mult": 2 },{ "coord": [ "0,0,z" ],"desc": "6mm","geom": "line","label": "a","mult": 1 } ] } } ],"n": 1,"sg": 183 }