{ "its": [ { "cleg": "161","det": 1.0,"gen": [ "x,y,z","-y,x-y,z","-y,-x,z+1/2","x+2/3,y+1/3,z+1/3" ],"gp": [ "x,y,z","-y,x-y,z","-x+y,-x,z","-y,-x,z+1/2","-x+y,y,z+1/2","x,x-y,z+1/2","x+2/3,y+1/3,z+1/3","-y+2/3,x-y+1/3,z+1/3","-x+y+2/3,-x+1/3,z+1/3","-y+2/3,-x+1/3,z+5/6","-x+y+2/3,y+1/3,z+5/6","x+2/3,x-y+1/3,z+5/6","x+1/3,y+2/3,z+2/3","-y+1/3,x-y+2/3,z+2/3","-x+y+1/3,-x+2/3,z+2/3","-y+1/3,-x+2/3,z+1/6","-x+y+1/3,y+2/3,z+1/6","x+1/3,x-y+2/3,z+1/6" ],"hall": "R 3 -2\"c","hm": "R 3 c :h","id": "R_3_c_h","jmolId": "161:h","set": 1,"sg": 161,"tm": "a,b,c","trm": "a,b,c","wpos": { "cent": [ "2/3,1/3,1/3","1/3,2/3,2/3" ],"pos": [ { "desc": "1","geom": "general","label": "b","mult": 18 },{ "coord": [ "0,0,z","0,0,z+1/2" ],"desc": "3.","geom": "line","label": "a","mult": 6 } ] } },{ "cleg": "161:2/3a+1/3b+1/3c,-1/3a+1/3b+1/3c,-1/3a-2/3b+1/3c","det": 0.3333333333333333,"gen": [ "x,y,z","z,x,y","z+1/2,y+1/2,x+1/2","x,y,z" ],"gp": [ "x,y,z","z,x,y","y,z,x","z+1/2,y+1/2,x+1/2","y+1/2,x+1/2,z+1/2","x+1/2,z+1/2,y+1/2" ],"hall": "P 3* -2n","hm": "R 3 c :R","id": "R_3_c_R","jmolId": "161:r","set": 2,"sg": 161,"tm": "2/3a+1/3b+1/3c,-1/3a+1/3b+1/3c,-1/3a-2/3b+1/3c","trm": "2/3a+1/3b+1/3c,-1/3a+1/3b+1/3c,-1/3a-2/3b+1/3c","wpos": { "pos": [ { "desc": "1","geom": "general","label": "b","mult": 18 },{ "coord": [ "z,z,z","z+1/2,z+1/2,z+1/2" ],"desc": "3.","geom": "line","label": "a","mult": 6 } ] } } ],"n": 2,"sg": 161 }