{ "its": [ { "cleg": "153","det": 1.0,"gen": [ "x,y,z","-y,x-y,z+2/3","-y,-x,-z+1/3" ],"gp": [ "x,y,z","-y,x-y,z+2/3","-x+y,-x,z+1/3","-y,-x,-z+1/3","-x+y,y,-z+2/3","x,x-y,-z" ],"hall": "P 32 2 (0 0 2)","hm": "P 32 1 2","id": "P_32_1_2","jmolId": "153","set": 1,"sg": 153,"tm": "a,b,c","trm": "a,b,c","wpos": { "pos": [ { "desc": "1","geom": "general","label": "c","mult": 6 },{ "coord": [ "x,-x,1/6","x,2x,5/6","-2x,-x,1/2" ],"desc": "..2","geom": "line","label": "b","mult": 3 },{ "coord": [ "x,-x,2/3","x,2x,1/3","-2x,-x,0" ],"desc": "..2","geom": "line","label": "a","mult": 3 } ] } } ],"n": 1,"sg": 153 }