{ "its": [ { "cleg": "11","det": 1.0,"gen": [ "x,y,z","-x,y+1/2,-z","-x,-y,-z" ],"gp": [ "x,y,z","-x,y+1/2,-z","-x,-y,-z","x,-y+1/2,z" ],"hall": "-P 2yb","hm": "P 1 21/m 1","id": "P_1_21/m_1","jmolId": "11:b","set": 1,"sg": 11,"tm": "a,b,c","trm": "a,b,c","wpos": { "pos": [ { "desc": "1","geom": "general","label": "f","mult": 4 },{ "coord": [ "x,1/4,z","-x,3/4,-z" ],"desc": "m","geom": "plane","label": "e","mult": 2 },{ "coord": [ "1/2,0,1/2","1/2,1/2,1/2" ],"desc": "-1","geom": "point","label": "d","mult": 2 },{ "coord": [ "0,0,1/2","0,1/2,1/2" ],"desc": "-1","geom": "point","label": "c","mult": 2 },{ "coord": [ "1/2,0,0","1/2,1/2,0" ],"desc": "-1","geom": "point","label": "b","mult": 2 },{ "coord": [ "0,0,0","0,1/2,0" ],"desc": "-1","geom": "point","label": "a","mult": 2 } ] } },{ "cleg": "11:c,a,b","det": 1.0,"gen": [ "x,y,z","-x,-y,z+1/2","-x,-y,-z" ],"gp": [ "x,y,z","-x,-y,z+1/2","-x,-y,-z","x,y,-z+1/2" ],"hall": "-P 2c","hm": "P 1 1 21/m","id": "P_1_1_21/m","jmolId": "11:c","set": 2,"sg": 11,"tm": "c,a,b","trm": "c,a,b","wpos": { "pos": [ { "desc": "1","geom": "general","label": "f","mult": 4 },{ "coord": [ "z,x,1/4","-z,-x,3/4" ],"desc": "m","geom": "plane","label": "e","mult": 2 },{ "coord": [ "1/2,1/2,0","1/2,1/2,1/2" ],"desc": "-1","geom": "point","label": "d","mult": 2 },{ "coord": [ "1/2,0,0","1/2,0,1/2" ],"desc": "-1","geom": "point","label": "c","mult": 2 },{ "coord": [ "0,1/2,0","0,1/2,1/2" ],"desc": "-1","geom": "point","label": "b","mult": 2 },{ "coord": [ "0,0,0","0,0,1/2" ],"desc": "-1","geom": "point","label": "a","mult": 2 } ] } },{ "cleg": "11:b,c,a","det": 1.0,"gen": [ "x,y,z","x+1/2,-y,-z","-x,-y,-z" ],"gp": [ "x,y,z","x+1/2,-y,-z","-x,-y,-z","-x+1/2,y,z" ],"hall": "-P 2xa","hm": "P 21/m 1 1","id": "P_21/m_1_1","jmolId": "11:a","set": 3,"sg": 11,"tm": "b,c,a","trm": "b,c,a","wpos": { "pos": [ { "desc": "1","geom": "general","label": "f","mult": 4 },{ "coord": [ "1/4,z,x","3/4,-z,-x" ],"desc": "m","geom": "plane","label": "e","mult": 2 },{ "coord": [ "0,1/2,1/2","1/2,1/2,1/2" ],"desc": "-1","geom": "point","label": "d","mult": 2 },{ "coord": [ "0,1/2,0","1/2,1/2,0" ],"desc": "-1","geom": "point","label": "c","mult": 2 },{ "coord": [ "0,0,1/2","1/2,0,1/2" ],"desc": "-1","geom": "point","label": "b","mult": 2 },{ "coord": [ "0,0,0","1/2,0,0" ],"desc": "-1","geom": "point","label": "a","mult": 2 } ] } } ],"n": 3,"sg": 11 }