{ "its": [ { "cleg": "27","det": 1.0,"gen": [ "x,y,z","-x,-y,z","x,-y,z+1/2" ],"gp": [ "x,y,z","-x,-y,z","x,-y,z+1/2","-x,y,z+1/2" ],"hall": "P 2 -2c","hm": "P c c 2","id": "P_c_c_2","jmolId": "27","set": 1,"sg": 27,"tm": "a,b,c","trm": "a,b,c","wpos": { "pos": [ { "desc": "1","geom": "general","label": "e","mult": 4 },{ "coord": [ "1/2,1/2,z","1/2,1/2,z+1/2" ],"desc": "..2","geom": "line","label": "d","mult": 2 },{ "coord": [ "1/2,0,z","1/2,0,z+1/2" ],"desc": "..2","geom": "line","label": "c","mult": 2 },{ "coord": [ "0,1/2,z","0,1/2,z+1/2" ],"desc": "..2","geom": "line","label": "b","mult": 2 },{ "coord": [ "0,0,z","0,0,z+1/2" ],"desc": "..2","geom": "line","label": "a","mult": 2 } ] } },{ "cleg": "27:c,a,b","det": 1.0,"gen": [ "x,y,z","x,-y,-z","x+1/2,y,-z" ],"gp": [ "x,y,z","x,-y,-z","x+1/2,y,-z","x+1/2,-y,z" ],"hall": "P -2a 2","hm": "P 2 a a","id": "P_2_a_a","jmolId": "27:cab","set": 2,"sg": 27,"tm": "c,a,b","trm": "c,a,b","wpos": { "pos": [ { "desc": "1","geom": "general","label": "e","mult": 4 },{ "coord": [ "z,1/2,1/2","z+1/2,1/2,1/2" ],"desc": "..2","geom": "line","label": "d","mult": 2 },{ "coord": [ "z,1/2,0","z+1/2,1/2,0" ],"desc": "..2","geom": "line","label": "c","mult": 2 },{ "coord": [ "z,0,1/2","z+1/2,0,1/2" ],"desc": "..2","geom": "line","label": "b","mult": 2 },{ "coord": [ "z,0,0","z+1/2,0,0" ],"desc": "..2","geom": "line","label": "a","mult": 2 } ] } },{ "cleg": "27:b,c,a","det": 1.0,"gen": [ "x,y,z","-x,y,-z","-x,y+1/2,z" ],"gp": [ "x,y,z","-x,y,-z","-x,y+1/2,z","x,y+1/2,-z" ],"hall": "P -2b -2b","hm": "P b 2 b","id": "P_b_2_b","jmolId": "27:bca","set": 3,"sg": 27,"tm": "b,c,a","trm": "b,c,a","wpos": { "pos": [ { "desc": "1","geom": "general","label": "e","mult": 4 },{ "coord": [ "1/2,z,1/2","1/2,z+1/2,1/2" ],"desc": "..2","geom": "line","label": "d","mult": 2 },{ "coord": [ "0,z,1/2","0,z+1/2,1/2" ],"desc": "..2","geom": "line","label": "c","mult": 2 },{ "coord": [ "1/2,z,0","1/2,z+1/2,0" ],"desc": "..2","geom": "line","label": "b","mult": 2 },{ "coord": [ "0,z,0","0,z+1/2,0" ],"desc": "..2","geom": "line","label": "a","mult": 2 } ] } } ],"n": 3,"sg": 27 }