{ "its": [ { "cleg": "134","det": 1.0,"gen": [ "x,y,z","-x+1/2,-y+1/2,z","-y+1/2,x,z+1/2","-x+1/2,y,-z+1/2","-x,-y,-z" ],"gp": [ "x,y,z","-x+1/2,-y+1/2,z","-y+1/2,x,z+1/2","y,-x+1/2,z+1/2","-x+1/2,y,-z+1/2","x,-y+1/2,-z+1/2","y,x,-z","-y+1/2,-x+1/2,-z","-x,-y,-z","x+1/2,y+1/2,-z","y+1/2,-x,-z+1/2","-y,x+1/2,-z+1/2","x+1/2,-y,z+1/2","-x,y+1/2,z+1/2","-y,-x,z","y+1/2,x+1/2,z" ],"hall": "-P 4ac 2bc","hm": "P 42/n n m  :2","id": "P_42/n_n_m__2","jmolId": "134:2","set": 1,"sg": 134,"tm": "a,b,c","trm": "a,b,c","wpos": { "pos": [ { "desc": "1","geom": "general","label": "n","mult": 16 },{ "coord": [ "x,-x,z","-x+1/2,x+1/2,z","x+1/2,x,z+1/2","-x,-x+1/2,z+1/2","-x+1/2,-x,-z+1/2","x,x+1/2,-z+1/2","-x,x,-z","x+1/2,-x+1/2,-z" ],"desc": "..m","geom": "plane","label": "m","mult": 8 },{ "coord": [ "x,x,1/2","-x+1/2,-x+1/2,1/2","-x+1/2,x,0","x,-x+1/2,0","-x,-x,1/2","x+1/2,x+1/2,1/2","x+1/2,-x,0","-x,x+1/2,0" ],"desc": "..2","geom": "line","label": "l","mult": 8 },{ "coord": [ "x,x,0","-x+1/2,-x+1/2,0","-x+1/2,x,1/2","x,-x+1/2,1/2","-x,-x,0","x+1/2,x+1/2,0","x+1/2,-x,1/2","-x,x+1/2,1/2" ],"desc": "..2","geom": "line","label": "k","mult": 8 },{ "coord": [ "x,1/4,1/4","-x+1/2,1/4,1/4","1/4,x,3/4","1/4,-x+1/2,3/4","-x,3/4,3/4","x+1/2,3/4,3/4","3/4,-x,1/4","3/4,x+1/2,1/4" ],"desc": ".2.","geom": "line","label": "j","mult": 8 },{ "coord": [ "x,1/4,3/4","-x+1/2,1/4,3/4","1/4,x,1/4","1/4,-x+1/2,1/4","-x,3/4,1/4","x+1/2,3/4,1/4","3/4,-x,3/4","3/4,x+1/2,3/4" ],"desc": ".2.","geom": "line","label": "i","mult": 8 },{ "coord": [ "1/4,1/4,z","1/4,1/4,z+1/2","1/4,1/4,-z+1/2","1/4,1/4,-z","3/4,3/4,-z","3/4,3/4,-z+1/2","3/4,3/4,z+1/2","3/4,3/4,z" ],"desc": "2..","geom": "line","label": "h","mult": 8 },{ "coord": [ "3/4,1/4,z","1/4,3/4,z+1/2","3/4,1/4,-z+1/2","1/4,3/4,-z" ],"desc": "2.m m","geom": "line","label": "g","mult": 4 },{ "coord": [ "0,0,0","1/2,1/2,0","1/2,0,1/2","0,1/2,1/2" ],"desc": "..2/m","geom": "point","label": "f","mult": 4 },{ "coord": [ "0,0,1/2","1/2,1/2,1/2","1/2,0,0","0,1/2,0" ],"desc": "..2/m","geom": "point","label": "e","mult": 4 },{ "coord": [ "1/4,1/4,0","1/4,1/4,1/2","3/4,3/4,0","3/4,3/4,1/2" ],"desc": "2.2 2","geom": "point","label": "d","mult": 4 },{ "coord": [ "1/4,1/4,1/4","1/4,1/4,3/4","3/4,3/4,3/4","3/4,3/4,1/4" ],"desc": "222 .","geom": "point","label": "c","mult": 4 },{ "coord": [ "3/4,1/4,1/4","1/4,3/4,3/4" ],"desc": "-42m","geom": "point","label": "b","mult": 2 },{ "coord": [ "1/4,3/4,1/4","3/4,1/4,3/4" ],"desc": "-42m","geom": "point","label": "a","mult": 2 } ] } },{ "cleg": "134:a-b,a+b,c","det": 2.0,"gen": [ "x,y,z","-x,-y+1/2,z","-y+1/4,x+1/4,z+1/2","-y+1/4,-x+1/4,-z+1/2","-x,-y,-z","x+1/2,y+1/2,z","-x+1/2,-y,z","-y+3/4,x+3/4,z+1/2","-y+3/4,-x+3/4,-z+1/2","-x+1/2,-y+1/2,-z" ],"gp": [ "x,y,z","-x,-y+1/2,z","-y+1/4,x+1/4,z+1/2","y+3/4,-x+1/4,z+1/2","-y+1/4,-x+1/4,-z+1/2","y+3/4,x+1/4,-z+1/2","-x,y,-z","x,-y+1/2,-z","-x,-y,-z","x,y+1/2,-z","y+1/4,-x+1/4,-z+1/2","-y+3/4,x+1/4,-z+1/2","y+1/4,x+1/4,z+1/2","-y+3/4,-x+1/4,z+1/2","x,-y,z","-x,y+1/2,z","x+1/2,y+1/2,z","-x+1/2,-y,z","-y+3/4,x+3/4,z+1/2","y+1/4,-x+3/4,z+1/2","-y+3/4,-x+3/4,-z+1/2","y+1/4,x+3/4,-z+1/2","-x+1/2,y+1/2,-z","x+1/2,-y,-z","-x+1/2,-y+1/2,-z","x+1/2,y,-z","y+3/4,-x+3/4,-z+1/2","-y+1/4,x+3/4,-z+1/2","y+3/4,x+3/4,z+1/2","-y+1/4,-x+3/4,z+1/2","x+1/2,-y+1/2,z","-x+1/2,y,z" ],"hall": "?","hm": "C 42/e m g2 :2","id": "C_42/e_m_g2_2","jmolId": "134:c2","set": 2,"sg": 134,"tm": "a-b,a+b,c","trm": "a-b,a+b,c","wpos": { "pos": [ { "desc": "1","geom": "general","label": "n","mult": 16 },{ "coord": [ "x,0,z","-x,1/2,z","1/4,x+1/4,z+1/2","3/4,-x+1/4,z+1/2","1/4,-x+1/4,-z+1/2","3/4,x+1/4,-z+1/2","-x,0,-z","x,1/2,-z" ],"desc": "..m","geom": "plane","label": "m","mult": 8 },{ "coord": [ "0,x,1/2","0,-x+1/2,1/2","-x+1/4,1/4,0","x+3/4,1/4,0","0,-x,1/2","0,x+1/2,1/2","x+1/4,1/4,0","-x+3/4,1/4,0" ],"desc": "..2","geom": "line","label": "l","mult": 8 },{ "coord": [ "0,x,0","0,-x+1/2,0","-x+1/4,1/4,1/2","x+3/4,1/4,1/2","0,-x,0","0,x+1/2,0","x+1/4,1/4,1/2","-x+3/4,1/4,1/2" ],"desc": "..2","geom": "line","label": "k","mult": 8 },{ "coord": [ "1/2x+7/8,1/2x+1/8,1/4","-1/2x+1/8,-1/2x+3/8,1/4","-1/2x+1/8,1/2x+1/8,3/4","1/2x+7/8,-1/2x+3/8,3/4","-1/2x+5/8,-1/2x+3/8,3/4","1/2x+7/8,1/2x+5/8,3/4","1/2x+3/8,-1/2x+3/8,1/4","-1/2x+1/8,1/2x+5/8,1/4" ],"desc": ".2.","geom": "line","label": "j","mult": 8 },{ "coord": [ "1/2x+7/8,1/2x+1/8,3/4","-1/2x+1/8,-1/2x+3/8,3/4","-1/2x+1/8,1/2x+1/8,1/4","1/2x+7/8,-1/2x+3/8,1/4","-1/2x+5/8,-1/2x+3/8,1/4","1/2x+7/8,1/2x+5/8,1/4","1/2x+3/8,-1/2x+3/8,3/4","-1/2x+1/8,1/2x+5/8,3/4" ],"desc": ".2.","geom": "line","label": "i","mult": 8 },{ "coord": [ "0,1/4,z","0,1/4,z+1/2","0,1/4,-z+1/2","0,1/4,-z","0,3/4,-z","0,3/4,-z+1/2","0,3/4,z+1/2","0,3/4,z" ],"desc": "2..","geom": "line","label": "h","mult": 8 },{ "coord": [ "1/4,1/2,z","3/4,1/2,z+1/2","1/4,1/2,-z+1/2","3/4,1/2,-z" ],"desc": "2.m m","geom": "line","label": "g","mult": 4 },{ "coord": [ "0,0,0","0,1/2,0","1/4,1/4,1/2","3/4,1/4,1/2" ],"desc": "..2/m","geom": "point","label": "f","mult": 4 },{ "coord": [ "0,0,1/2","0,1/2,1/2","1/4,1/4,0","3/4,1/4,0" ],"desc": "..2/m","geom": "point","label": "e","mult": 4 },{ "coord": [ "0,1/4,0","0,1/4,1/2","0,3/4,0","0,3/4,1/2" ],"desc": "2.2 2","geom": "point","label": "d","mult": 4 },{ "coord": [ "0,1/4,1/4","0,1/4,3/4","0,3/4,3/4","0,3/4,1/4" ],"desc": "222 .","geom": "point","label": "c","mult": 4 },{ "coord": [ "1/4,1/2,1/4","3/4,1/2,3/4" ],"desc": "-42m","geom": "point","label": "b","mult": 2 },{ "coord": [ "3/4,1/2,1/4","1/4,1/2,3/4" ],"desc": "-42m","geom": "point","label": "a","mult": 2 } ] } },{ "cleg": "134:a,b,c;-1/4,1/4,-1/4","det": 1.0,"gen": [ "x,y,z","-x,-y,z","-y+1/2,x+1/2,z+1/2","-x,y,-z","-x+1/2,-y+1/2,-z+1/2" ],"gp": [ "x,y,z","-x,-y,z","-y+1/2,x+1/2,z+1/2","y+1/2,-x+1/2,z+1/2","-x,y,-z","x,-y,-z","y+1/2,x+1/2,-z+1/2","-y+1/2,-x+1/2,-z+1/2","-x+1/2,-y+1/2,-z+1/2","x+1/2,y+1/2,-z+1/2","y,-x,-z","-y,x,-z","x+1/2,-y+1/2,z+1/2","-x+1/2,y+1/2,z+1/2","-y,-x,z","y,x,z" ],"hall": "P 4n 2 -1n","hm": "P 42/n n m :1","id": "P_42/n_n_m_1","jmolId": "134:1","set": 3,"sg": 134,"tm": "a-1/4,b+1/4,c-1/4","trm": "a,b,c;-1/4,1/4,-1/4","wpos": { "pos": [ { "desc": "1","geom": "general","label": "n","mult": 16 },{ "coord": [ "x+1/4,-x+3/4,z+1/4","-x+3/4,x+1/4,z+1/4","x+3/4,x+3/4,z+3/4","-x+1/4,-x+1/4,z+3/4","-x+3/4,-x+3/4,-z+3/4","x+1/4,x+1/4,-z+3/4","-x+1/4,x+3/4,-z+1/4","x+3/4,-x+1/4,-z+1/4" ],"desc": "..m","geom": "plane","label": "m","mult": 8 },{ "coord": [ "x+1/4,x+3/4,3/4","-x+3/4,-x+1/4,3/4","-x+3/4,x+3/4,1/4","x+1/4,-x+1/4,1/4","-x+1/4,-x+3/4,3/4","x+3/4,x+1/4,3/4","x+3/4,-x+3/4,1/4","-x+1/4,x+1/4,1/4" ],"desc": "..2","geom": "line","label": "l","mult": 8 },{ "coord": [ "x+1/4,x+3/4,1/4","-x+3/4,-x+1/4,1/4","-x+3/4,x+3/4,3/4","x+1/4,-x+1/4,3/4","-x+1/4,-x+3/4,1/4","x+3/4,x+1/4,1/4","x+3/4,-x+3/4,3/4","-x+1/4,x+1/4,3/4" ],"desc": "..2","geom": "line","label": "k","mult": 8 },{ "coord": [ "x+1/4,0,1/2","-x+3/4,0,1/2","1/2,x+3/4,0","1/2,-x+1/4,0","-x+1/4,1/2,0","x+3/4,1/2,0","0,-x+3/4,1/2","0,x+1/4,1/2" ],"desc": ".2.","geom": "line","label": "j","mult": 8 },{ "coord": [ "x+1/4,0,0","-x+3/4,0,0","1/2,x+3/4,1/2","1/2,-x+1/4,1/2","-x+1/4,1/2,1/2","x+3/4,1/2,1/2","0,-x+3/4,0","0,x+1/4,0" ],"desc": ".2.","geom": "line","label": "i","mult": 8 },{ "coord": [ "1/2,0,z+1/4","1/2,0,z+3/4","1/2,0,-z+3/4","1/2,0,-z+1/4","0,1/2,-z+1/4","0,1/2,-z+3/4","0,1/2,z+3/4","0,1/2,z+1/4" ],"desc": "2..","geom": "line","label": "h","mult": 8 },{ "coord": [ "0,0,z+1/4","1/2,1/2,z+3/4","0,0,-z+3/4","1/2,1/2,-z+1/4" ],"desc": "2.m m","geom": "line","label": "g","mult": 4 },{ "coord": [ "1/4,3/4,1/4","3/4,1/4,1/4","3/4,3/4,3/4","1/4,1/4,3/4" ],"desc": "..2/m","geom": "point","label": "f","mult": 4 },{ "coord": [ "1/4,3/4,3/4","3/4,1/4,3/4","3/4,3/4,1/4","1/4,1/4,1/4" ],"desc": "..2/m","geom": "point","label": "e","mult": 4 },{ "coord": [ "1/2,0,1/4","1/2,0,3/4","0,1/2,1/4","0,1/2,3/4" ],"desc": "2.2 2","geom": "point","label": "d","mult": 4 },{ "coord": [ "1/2,0,1/2","1/2,0,0","0,1/2,0","0,1/2,1/2" ],"desc": "222 .","geom": "point","label": "c","mult": 4 },{ "coord": [ "0,0,1/2","1/2,1/2,0" ],"desc": "-42m","geom": "point","label": "b","mult": 2 },{ "coord": [ "1/2,1/2,1/2","0,0,0" ],"desc": "-42m","geom": "point","label": "a","mult": 2 } ] } },{ "cleg": "134:a-b,a+b,c;-1/4,1/4,-1/4","det": 2.0,"gen": [ "x,y,z","-x+1/2,-y+1/2,z","-y+1/2,x,z+1/2","-y+1/2,-x+1/2,-z","-x+1/2,-y,-z+1/2","x+1/2,y+1/2,z","-x,-y,z","-y,x+1/2,z+1/2","-y,-x,-z","-x,-y+1/2,-z+1/2" ],"gp": [ "x,y,z","-x+1/2,-y+1/2,z","-y+1/2,x,z+1/2","y,-x+1/2,z+1/2","-y+1/2,-x+1/2,-z","y,x,-z","-x+1/2,y,-z+1/2","x,-y+1/2,-z+1/2","-x+1/2,-y,-z+1/2","x,y+1/2,-z+1/2","y+1/2,-x+1/2,-z","-y,x,-z","y+1/2,x,z+1/2","-y,-x+1/2,z+1/2","x,-y,z","-x+1/2,y+1/2,z","x+1/2,y+1/2,z","-x,-y,z","-y,x+1/2,z+1/2","y+1/2,-x,z+1/2","-y,-x,-z","y+1/2,x+1/2,-z","-x,y+1/2,-z+1/2","x+1/2,-y,-z+1/2","-x,-y+1/2,-z+1/2","x+1/2,y,-z+1/2","y,-x,-z","-y+1/2,x+1/2,-z","y,x+1/2,z+1/2","-y+1/2,-x,z+1/2","x+1/2,-y+1/2,z","-x,y,z" ],"hall": "?","hm": "C 42/e m g2 :1","id": "C_42/e_m_g2_1","jmolId": "134:c1","set": 4,"sg": 134,"tm": "a-b-1/4,a+b+1/4,c-1/4","trm": "a-b,a+b,c;-1/4,1/4,-1/4","wpos": { "pos": [ { "desc": "1","geom": "general","label": "n","mult": 16 },{ "coord": [ "x+1/4,0,z+1/4","-x+1/4,1/2,z+1/4","1/2,x+1/4,z+3/4","0,-x+1/4,z+3/4","1/2,-x+1/4,-z+3/4","0,x+1/4,-z+3/4","-x+1/4,0,-z+1/4","x+1/4,1/2,-z+1/4" ],"desc": "..m","geom": "plane","label": "m","mult": 8 },{ "coord": [ "1/4,x,3/4","1/4,-x+1/2,3/4","-x+1/2,1/4,1/4","x,1/4,1/4","1/4,-x,3/4","1/4,x+1/2,3/4","x+1/2,1/4,1/4","-x,1/4,1/4" ],"desc": "..2","geom": "line","label": "l","mult": 8 },{ "coord": [ "1/4,x,1/4","1/4,-x+1/2,1/4","-x+1/2,1/4,3/4","x,1/4,3/4","1/4,-x,1/4","1/4,x+1/2,1/4","x+1/2,1/4,3/4","-x,1/4,3/4" ],"desc": "..2","geom": "line","label": "k","mult": 8 },{ "coord": [ "1/2x+1/8,1/2x+1/8,1/2","-1/2x+3/8,-1/2x+3/8,1/2","-1/2x+3/8,1/2x+1/8,0","1/2x+1/8,-1/2x+3/8,0","-1/2x+7/8,-1/2x+3/8,0","1/2x+1/8,1/2x+5/8,0","1/2x+5/8,-1/2x+3/8,1/2","-1/2x+3/8,1/2x+5/8,1/2" ],"desc": ".2.","geom": "line","label": "j","mult": 8 },{ "coord": [ "1/2x+1/8,1/2x+1/8,0","-1/2x+3/8,-1/2x+3/8,0","-1/2x+3/8,1/2x+1/8,1/2","1/2x+1/8,-1/2x+3/8,1/2","-1/2x+7/8,-1/2x+3/8,1/2","1/2x+1/8,1/2x+5/8,1/2","1/2x+5/8,-1/2x+3/8,0","-1/2x+3/8,1/2x+5/8,0" ],"desc": ".2.","geom": "line","label": "i","mult": 8 },{ "coord": [ "1/4,1/4,z+1/4","1/4,1/4,z+3/4","1/4,1/4,-z+3/4","1/4,1/4,-z+1/4","1/4,3/4,-z+1/4","1/4,3/4,-z+3/4","1/4,3/4,z+3/4","1/4,3/4,z+1/4" ],"desc": "2..","geom": "line","label": "h","mult": 8 },{ "coord": [ "1/2,1/2,z+1/4","0,1/2,z+3/4","1/2,1/2,-z+3/4","0,1/2,-z+1/4" ],"desc": "2.m m","geom": "line","label": "g","mult": 4 },{ "coord": [ "1/4,0,1/4","1/4,1/2,1/4","1/2,1/4,3/4","0,1/4,3/4" ],"desc": "..2/m","geom": "point","label": "f","mult": 4 },{ "coord": [ "1/4,0,3/4","1/4,1/2,3/4","1/2,1/4,1/4","0,1/4,1/4" ],"desc": "..2/m","geom": "point","label": "e","mult": 4 },{ "coord": [ "1/4,1/4,1/4","1/4,1/4,3/4","1/4,3/4,1/4","1/4,3/4,3/4" ],"desc": "2.2 2","geom": "point","label": "d","mult": 4 },{ "coord": [ "1/4,1/4,1/2","1/4,1/4,0","1/4,3/4,0","1/4,3/4,1/2" ],"desc": "222 .","geom": "point","label": "c","mult": 4 },{ "coord": [ "1/2,1/2,1/2","0,1/2,0" ],"desc": "-42m","geom": "point","label": "b","mult": 2 },{ "coord": [ "0,1/2,1/2","1/2,1/2,0" ],"desc": "-42m","geom": "point","label": "a","mult": 2 } ] } } ],"n": 4,"sg": 134 }