{ "its": [ { "cleg": "40","det": 1.0,"gen": [ "x,y,z","-x,-y,z","x+1/2,-y,z","x,y+1/2,z+1/2" ],"gp": [ "x,y,z","-x,-y,z","x+1/2,-y,z","-x+1/2,y,z","x,y+1/2,z+1/2","-x,-y+1/2,z+1/2","x+1/2,-y+1/2,z+1/2","-x+1/2,y+1/2,z+1/2" ],"hall": "A 2 -2a","hm": "A m a 2","id": "A_m_a_2","jmolId": "40","set": 1,"sg": 40,"tm": "a,b,c","trm": "a,b,c","wpos": { "cent": [ "0,1/2,1/2" ],"pos": [ { "desc": "1","geom": "general","label": "c","mult": 8 },{ "coord": [ "1/4,y,z","3/4,-y,z" ],"desc": "m..","geom": "plane","label": "b","mult": 4 },{ "coord": [ "0,0,z","1/2,0,z" ],"desc": "..2","geom": "line","label": "a","mult": 4 } ] } },{ "cleg": "40:b,a,-c","det": 1.0,"gen": [ "x,y,z","-x,-y,z","-x,y+1/2,z","x+1/2,y,z+1/2" ],"gp": [ "x,y,z","-x,-y,z","-x,y+1/2,z","x,-y+1/2,z","x+1/2,y,z+1/2","-x+1/2,-y,z+1/2","-x+1/2,y+1/2,z+1/2","x+1/2,-y+1/2,z+1/2" ],"hall": "B 2 -2b","hm": "B b m 2","id": "B_b_m_2","jmolId": "40:ba-c","set": 2,"sg": 40,"tm": "b,a,-c","trm": "b,a,-c","wpos": { "cent": [ "1/2,0,1/2" ],"pos": [ { "desc": "1","geom": "general","label": "c","mult": 8 },{ "coord": [ "y,1/4,-z","-y,3/4,-z" ],"desc": "m..","geom": "plane","label": "b","mult": 4 },{ "coord": [ "0,0,-z","0,1/2,-z" ],"desc": "..2","geom": "line","label": "a","mult": 4 } ] } },{ "cleg": "40:c,a,b","det": 1.0,"gen": [ "x,y,z","x,-y,-z","x,y+1/2,-z","x+1/2,y,z+1/2" ],"gp": [ "x,y,z","x,-y,-z","x,y+1/2,-z","x,-y+1/2,z","x+1/2,y,z+1/2","x+1/2,-y,-z+1/2","x+1/2,y+1/2,-z+1/2","x+1/2,-y+1/2,z+1/2" ],"hall": "B -2b 2","hm": "B 2 m b","id": "B_2_m_b","jmolId": "40:cab","set": 3,"sg": 40,"tm": "c,a,b","trm": "c,a,b","wpos": { "cent": [ "1/2,0,1/2" ],"pos": [ { "desc": "1","geom": "general","label": "c","mult": 8 },{ "coord": [ "z,1/4,y","z,3/4,-y" ],"desc": "m..","geom": "plane","label": "b","mult": 4 },{ "coord": [ "z,0,0","z,1/2,0" ],"desc": "..2","geom": "line","label": "a","mult": 4 } ] } },{ "cleg": "40:-c,b,a","det": 1.0,"gen": [ "x,y,z","x,-y,-z","x,-y,z+1/2","x+1/2,y+1/2,z" ],"gp": [ "x,y,z","x,-y,-z","x,-y,z+1/2","x,y,-z+1/2","x+1/2,y+1/2,z","x+1/2,-y+1/2,-z","x+1/2,-y+1/2,z+1/2","x+1/2,y+1/2,-z+1/2" ],"hall": "C -2c 2","hm": "C 2 c m","id": "C_2_c_m","jmolId": "40:-cba","set": 4,"sg": 40,"tm": "-c,b,a","trm": "-c,b,a","wpos": { "cent": [ "1/2,1/2,0" ],"pos": [ { "desc": "1","geom": "general","label": "c","mult": 8 },{ "coord": [ "-z,y,1/4","-z,-y,3/4" ],"desc": "m..","geom": "plane","label": "b","mult": 4 },{ "coord": [ "-z,0,0","-z,0,1/2" ],"desc": "..2","geom": "line","label": "a","mult": 4 } ] } },{ "cleg": "40:b,c,a","det": 1.0,"gen": [ "x,y,z","-x,y,-z","-x,y,z+1/2","x+1/2,y+1/2,z" ],"gp": [ "x,y,z","-x,y,-z","-x,y,z+1/2","x,y,-z+1/2","x+1/2,y+1/2,z","-x+1/2,y+1/2,-z","-x+1/2,y+1/2,z+1/2","x+1/2,y+1/2,-z+1/2" ],"hall": "C -2c -2c","hm": "C c 2 m","id": "C_c_2_m","jmolId": "40:bca","set": 5,"sg": 40,"tm": "b,c,a","trm": "b,c,a","wpos": { "cent": [ "1/2,1/2,0" ],"pos": [ { "desc": "1","geom": "general","label": "c","mult": 8 },{ "coord": [ "y,z,1/4","-y,z,3/4" ],"desc": "m..","geom": "plane","label": "b","mult": 4 },{ "coord": [ "0,z,0","0,z,1/2" ],"desc": "..2","geom": "line","label": "a","mult": 4 } ] } },{ "cleg": "40:a,-c,b","det": 1.0,"gen": [ "x,y,z","-x,y,-z","x+1/2,y,-z","x,y+1/2,z+1/2" ],"gp": [ "x,y,z","-x,y,-z","x+1/2,y,-z","-x+1/2,y,z","x,y+1/2,z+1/2","-x,y+1/2,-z+1/2","x+1/2,y+1/2,-z+1/2","-x+1/2,y+1/2,z+1/2" ],"hall": "A -2a -2a","hm": "A m 2 a","id": "A_m_2_a","jmolId": "40:a-cb","set": 6,"sg": 40,"tm": "a,-c,b","trm": "a,-c,b","wpos": { "cent": [ "0,1/2,1/2" ],"pos": [ { "desc": "1","geom": "general","label": "c","mult": 8 },{ "coord": [ "1/4,-z,y","3/4,-z,-y" ],"desc": "m..","geom": "plane","label": "b","mult": 4 },{ "coord": [ "0,-z,0","1/2,-z,0" ],"desc": "..2","geom": "line","label": "a","mult": 4 } ] } } ],"n": 6,"sg": 40 }