{ "its": [ { "cleg": "219","det": 1.0,"gen": [ "x,y,z","-x,-y,z","-x,y,-z","z,x,y","y+1/2,x+1/2,z+1/2","x,y+1/2,z+1/2","x+1/2,y,z+1/2" ],"gp": [ "x,y,z","-x,-y,z","-x,y,-z","x,-y,-z","z,x,y","z,-x,-y","-z,-x,y","-z,x,-y","y,z,x","-y,z,-x","y,-z,-x","-y,-z,x","y+1/2,x+1/2,z+1/2","-y+1/2,-x+1/2,z+1/2","y+1/2,-x+1/2,-z+1/2","-y+1/2,x+1/2,-z+1/2","x+1/2,z+1/2,y+1/2","-x+1/2,z+1/2,-y+1/2","-x+1/2,-z+1/2,y+1/2","x+1/2,-z+1/2,-y+1/2","z+1/2,y+1/2,x+1/2","z+1/2,-y+1/2,-x+1/2","-z+1/2,y+1/2,-x+1/2","-z+1/2,-y+1/2,x+1/2","x,y+1/2,z+1/2","-x,-y+1/2,z+1/2","-x,y+1/2,-z+1/2","x,-y+1/2,-z+1/2","z,x+1/2,y+1/2","z,-x+1/2,-y+1/2","-z,-x+1/2,y+1/2","-z,x+1/2,-y+1/2","y,z+1/2,x+1/2","-y,z+1/2,-x+1/2","y,-z+1/2,-x+1/2","-y,-z+1/2,x+1/2","y+1/2,x,z","-y+1/2,-x,z","y+1/2,-x,-z","-y+1/2,x,-z","x+1/2,z,y","-x+1/2,z,-y","-x+1/2,-z,y","x+1/2,-z,-y","z+1/2,y,x","z+1/2,-y,-x","-z+1/2,y,-x","-z+1/2,-y,x","x+1/2,y,z+1/2","-x+1/2,-y,z+1/2","-x+1/2,y,-z+1/2","x+1/2,-y,-z+1/2","z+1/2,x,y+1/2","z+1/2,-x,-y+1/2","-z+1/2,-x,y+1/2","-z+1/2,x,-y+1/2","y+1/2,z,x+1/2","-y+1/2,z,-x+1/2","y+1/2,-z,-x+1/2","-y+1/2,-z,x+1/2","y,x+1/2,z","-y,-x+1/2,z","y,-x+1/2,-z","-y,x+1/2,-z","x,z+1/2,y","-x,z+1/2,-y","-x,-z+1/2,y","x,-z+1/2,-y","z,y+1/2,x","z,-y+1/2,-x","-z,y+1/2,-x","-z,-y+1/2,x","x+1/2,y+1/2,z","-x+1/2,-y+1/2,z","-x+1/2,y+1/2,-z","x+1/2,-y+1/2,-z","z+1/2,x+1/2,y","z+1/2,-x+1/2,-y","-z+1/2,-x+1/2,y","-z+1/2,x+1/2,-y","y+1/2,z+1/2,x","-y+1/2,z+1/2,-x","y+1/2,-z+1/2,-x","-y+1/2,-z+1/2,x","y,x,z+1/2","-y,-x,z+1/2","y,-x,-z+1/2","-y,x,-z+1/2","x,z,y+1/2","-x,z,-y+1/2","-x,-z,y+1/2","x,-z,-y+1/2","z,y,x+1/2","z,-y,-x+1/2","-z,y,-x+1/2","-z,-y,x+1/2" ],"hall": "F -4a 2 3","hm": "F -4 3 c","id": "F_-4_3_c","jmolId": "219","set": 1,"sg": 219,"tm": "a,b,c","trm": "a,b,c","wpos": { "cent": [ "0,1/2,1/2","1/2,0,1/2","1/2,1/2,0" ],"pos": [ { "desc": "1","geom": "general","label": "h","mult": 96 },{ "coord": [ "x,1/4,1/4","-x,3/4,1/4","1/4,x,1/4","1/4,-x,3/4","1/4,1/4,x","3/4,1/4,-x","3/4,x+1/2,3/4","1/4,-x+1/2,3/4","x+1/2,3/4,3/4","-x+1/2,3/4,1/4","3/4,3/4,x+1/2","3/4,1/4,-x+1/2" ],"desc": "2..","geom": "line","label": "g","mult": 48 },{ "coord": [ "x,0,0","-x,0,0","0,x,0","0,-x,0","0,0,x","0,0,-x","1/2,x+1/2,1/2","1/2,-x+1/2,1/2","x+1/2,1/2,1/2","-x+1/2,1/2,1/2","1/2,1/2,x+1/2","1/2,1/2,-x+1/2" ],"desc": "2..","geom": "line","label": "f","mult": 48 },{ "coord": [ "x,x,x","-x,-x,x","-x,x,-x","x,-x,-x","x+1/2,x+1/2,x+1/2","-x+1/2,-x+1/2,x+1/2","x+1/2,-x+1/2,-x+1/2","-x+1/2,x+1/2,-x+1/2" ],"desc": ".3.","geom": "line","label": "e","mult": 32 },{ "coord": [ "1/4,0,0","3/4,0,0","0,1/4,0","0,3/4,0","0,0,1/4","0,0,3/4" ],"desc": "-4..","geom": "point","label": "d","mult": 24 },{ "coord": [ "0,1/4,1/4","0,3/4,1/4","1/4,0,1/4","1/4,0,3/4","1/4,1/4,0","3/4,1/4,0" ],"desc": "-4..","geom": "point","label": "c","mult": 24 },{ "coord": [ "1/4,1/4,1/4","3/4,3/4,3/4" ],"desc": "23.","geom": "point","label": "b","mult": 8 },{ "coord": [ "0,0,0","1/2,1/2,1/2" ],"desc": "23.","geom": "point","label": "a","mult": 8 } ] } } ],"n": 1,"sg": 219 }