{ "its": [ { "cleg": "110","det": 1.0,"gen": [ "x,y,z","-x+1/2,-y+1/2,z+1/2","-y,x+1/2,z+1/4","x,-y,z+1/2","x+1/2,y+1/2,z+1/2" ],"gp": [ "x,y,z","-x+1/2,-y+1/2,z+1/2","-y,x+1/2,z+1/4","y+1/2,-x,z+3/4","x,-y,z+1/2","-x+1/2,y+1/2,z","-y,-x+1/2,z+3/4","y+1/2,x,z+1/4","x+1/2,y+1/2,z+1/2","-x,-y,z","-y+1/2,x,z+3/4","y,-x+1/2,z+1/4","x+1/2,-y+1/2,z","-x,y,z+1/2","-y+1/2,-x,z+1/4","y,x+1/2,z+3/4" ],"hall": "I 4bw -2c","hm": "I 41 c d","id": "I_41_c_d","jmolId": "110","set": 1,"sg": 110,"tm": "a,b,c","trm": "a,b,c","wpos": { "cent": [ "1/2,1/2,1/2" ],"pos": [ { "desc": "1","geom": "general","label": "b","mult": 16 },{ "coord": [ "0,0,z","0,1/2,z+1/4","0,0,z+1/2","0,1/2,z+3/4" ],"desc": "2..","geom": "line","label": "a","mult": 8 } ] } },{ "cleg": "110:a-b,a+b,c","det": 2.0,"gen": [ "x,y,z","-x,-y+1/2,z+1/2","-y+3/4,x+1/4,z+1/4","y,x,z+1/2","x,y+1/2,z+1/2","x+1/2,y+1/2,z","-x+1/2,-y,z+1/2","-y+1/4,x+3/4,z+1/4","y+1/2,x+1/2,z+1/2","x+1/2,y,z+1/2" ],"gp": [ "x,y,z","-x,-y+1/2,z+1/2","-y+3/4,x+1/4,z+1/4","y+1/4,-x+1/4,z+3/4","y,x,z+1/2","-y,-x+1/2,z","x+3/4,-y+1/4,z+3/4","-x+1/4,y+1/4,z+1/4","x,y+1/2,z+1/2","-x,-y,z","-y+1/4,x+1/4,z+3/4","y+3/4,-x+1/4,z+1/4","y,x+1/2,z","-y,-x,z+1/2","x+1/4,-y+1/4,z+1/4","-x+3/4,y+1/4,z+3/4","x+1/2,y+1/2,z","-x+1/2,-y,z+1/2","-y+1/4,x+3/4,z+1/4","y+3/4,-x+3/4,z+3/4","y+1/2,x+1/2,z+1/2","-y+1/2,-x,z","x+1/4,-y+3/4,z+3/4","-x+3/4,y+3/4,z+1/4","x+1/2,y,z+1/2","-x+1/2,-y+1/2,z","-y+3/4,x+3/4,z+3/4","y+1/4,-x+3/4,z+1/4","y+1/2,x,z","-y+1/2,-x+1/2,z+1/2","x+3/4,-y+3/4,z+1/4","-x+1/4,y+3/4,z+3/4" ],"hall": "?","hm": "F 41 d c","id": "F_41_d_c","jmolId": "110:f","set": 2,"sg": 110,"tm": "a-b,a+b,c","trm": "a-b,a+b,c","wpos": { "cent": [ "0,1/2,1/2" ],"pos": [ { "desc": "1","geom": "general","label": "b","mult": 16 },{ "coord": [ "0,0,z","3/4,1/4,z+1/4","0,0,z+1/2","3/4,1/4,z+3/4" ],"desc": "2..","geom": "line","label": "a","mult": 8 } ] } } ],"n": 2,"sg": 110 }