{ "its": [ { "cleg": "92","det": 1.0,"gen": [ "x,y,z","-x,-y,z+1/2","-y+1/2,x+1/2,z+1/4","-x+1/2,y+1/2,-z+1/4" ],"gp": [ "x,y,z","-x,-y,z+1/2","-y+1/2,x+1/2,z+1/4","y+1/2,-x+1/2,z+3/4","-x+1/2,y+1/2,-z+1/4","x+1/2,-y+1/2,-z+3/4","y,x,-z","-y,-x,-z+1/2" ],"hall": "P 4abw 2nw","hm": "P 41 21 2","id": "P_41_21_2","jmolId": "92","set": 1,"sg": 92,"tm": "a,b,c","trm": "a,b,c","wpos": { "pos": [ { "desc": "1","geom": "general","label": "b","mult": 8 },{ "coord": [ "x,x,0","-x,-x,1/2","-x+1/2,x+1/2,1/4","x+1/2,-x+1/2,3/4" ],"desc": "..2","geom": "line","label": "a","mult": 4 } ] } },{ "cleg": "92:a-b,a+b,c","det": 2.0,"gen": [ "x,y,z","-x,-y,z+1/2","-y,x+1/2,z+1/4","-y,-x+1/2,-z+1/4","x+1/2,y+1/2,z","-x+1/2,-y+1/2,z+1/2","-y+1/2,x,z+1/4","-y+1/2,-x,-z+1/4" ],"gp": [ "x,y,z","-x,-y,z+1/2","-y,x+1/2,z+1/4","y,-x+1/2,z+3/4","-y,-x+1/2,-z+1/4","y,x+1/2,-z+3/4","-x,y,-z","x,-y,-z+1/2","x+1/2,y+1/2,z","-x+1/2,-y+1/2,z+1/2","-y+1/2,x,z+1/4","y+1/2,-x,z+3/4","-y+1/2,-x,-z+1/4","y+1/2,x,-z+3/4","-x+1/2,y+1/2,-z","x+1/2,-y+1/2,-z+1/2" ],"hall": "?","hm": "C 41 2 21","id": "C_41_2_21","jmolId": "92:c","set": 2,"sg": 92,"tm": "a-b,a+b,c","trm": "a-b,a+b,c","wpos": { "pos": [ { "desc": "1","geom": "general","label": "b","mult": 8 },{ "coord": [ "0,x,0","0,-x,1/2","-x,1/2,1/4","x,1/2,3/4" ],"desc": "..2","geom": "line","label": "a","mult": 4 } ] } } ],"n": 2,"sg": 92 }