{ "its": [ { "cleg": "21","det": 1.0,"gen": [ "x,y,z","-x,-y,z","-x,y,-z","x+1/2,y+1/2,z" ],"gp": [ "x,y,z","-x,-y,z","-x,y,-z","x,-y,-z","x+1/2,y+1/2,z","-x+1/2,-y+1/2,z","-x+1/2,y+1/2,-z","x+1/2,-y+1/2,-z" ],"hall": "C 2 2","hm": "C 2 2 2","id": "C_2_2_2","jmolId": "21","set": 1,"sg": 21,"tm": "a,b,c","trm": "a,b,c","wpos": { "cent": [ "1/2,1/2,0" ],"pos": [ { "desc": "1","geom": "general","label": "l","mult": 8 },{ "coord": [ "1/4,1/4,z","3/4,1/4,-z" ],"desc": "..2","geom": "line","label": "k","mult": 4 },{ "coord": [ "0,1/2,z","0,1/2,-z" ],"desc": "..2","geom": "line","label": "j","mult": 4 },{ "coord": [ "0,0,z","0,0,-z" ],"desc": "..2","geom": "line","label": "i","mult": 4 },{ "coord": [ "0,y,1/2","0,-y,1/2" ],"desc": ".2.","geom": "line","label": "h","mult": 4 },{ "coord": [ "0,y,0","0,-y,0" ],"desc": ".2.","geom": "line","label": "g","mult": 4 },{ "coord": [ "x,0,1/2","-x,0,1/2" ],"desc": "2..","geom": "line","label": "f","mult": 4 },{ "coord": [ "x,0,0","-x,0,0" ],"desc": "2..","geom": "line","label": "e","mult": 4 },{ "coord": [ "0,0,1/2" ],"desc": "222","geom": "point","label": "d","mult": 2 },{ "coord": [ "1/2,0,1/2" ],"desc": "222","geom": "point","label": "c","mult": 2 },{ "coord": [ "0,1/2,0" ],"desc": "222","geom": "point","label": "b","mult": 2 },{ "coord": [ "0,0,0" ],"desc": "222","geom": "point","label": "a","mult": 2 } ] } },{ "cleg": "21:c,a,b","det": 1.0,"gen": [ "x,y,z","x,-y,-z","-x,-y,z","x,y+1/2,z+1/2" ],"gp": [ "x,y,z","x,-y,-z","-x,-y,z","-x,y,-z","x,y+1/2,z+1/2","x,-y+1/2,-z+1/2","-x,-y+1/2,z+1/2","-x,y+1/2,-z+1/2" ],"hall": "A 2 2","hm": "A 2 2 2","id": "A_2_2_2","jmolId": "21:cab","set": 2,"sg": 21,"tm": "c,a,b","trm": "c,a,b","wpos": { "cent": [ "0,1/2,1/2" ],"pos": [ { "desc": "1","geom": "general","label": "l","mult": 8 },{ "coord": [ "z,1/4,1/4","-z,3/4,1/4" ],"desc": "..2","geom": "line","label": "k","mult": 4 },{ "coord": [ "z,0,1/2","-z,0,1/2" ],"desc": "..2","geom": "line","label": "j","mult": 4 },{ "coord": [ "z,0,0","-z,0,0" ],"desc": "..2","geom": "line","label": "i","mult": 4 },{ "coord": [ "1/2,0,y","1/2,0,-y" ],"desc": ".2.","geom": "line","label": "h","mult": 4 },{ "coord": [ "0,0,y","0,0,-y" ],"desc": ".2.","geom": "line","label": "g","mult": 4 },{ "coord": [ "1/2,x,0","1/2,-x,0" ],"desc": "2..","geom": "line","label": "f","mult": 4 },{ "coord": [ "0,x,0","0,-x,0" ],"desc": "2..","geom": "line","label": "e","mult": 4 },{ "coord": [ "1/2,0,0" ],"desc": "222","geom": "point","label": "d","mult": 2 },{ "coord": [ "1/2,1/2,0" ],"desc": "222","geom": "point","label": "c","mult": 2 },{ "coord": [ "0,0,1/2" ],"desc": "222","geom": "point","label": "b","mult": 2 },{ "coord": [ "0,0,0" ],"desc": "222","geom": "point","label": "a","mult": 2 } ] } },{ "cleg": "21:b,c,a","det": 1.0,"gen": [ "x,y,z","-x,y,-z","x,-y,-z","x+1/2,y,z+1/2" ],"gp": [ "x,y,z","-x,y,-z","x,-y,-z","-x,-y,z","x+1/2,y,z+1/2","-x+1/2,y,-z+1/2","x+1/2,-y,-z+1/2","-x+1/2,-y,z+1/2" ],"hall": "B 2 2","hm": "B 2 2 2","id": "B_2_2_2","jmolId": "21:bca","set": 3,"sg": 21,"tm": "b,c,a","trm": "b,c,a","wpos": { "cent": [ "1/2,0,1/2" ],"pos": [ { "desc": "1","geom": "general","label": "l","mult": 8 },{ "coord": [ "1/4,z,1/4","1/4,-z,3/4" ],"desc": "..2","geom": "line","label": "k","mult": 4 },{ "coord": [ "1/2,z,0","1/2,-z,0" ],"desc": "..2","geom": "line","label": "j","mult": 4 },{ "coord": [ "0,z,0","0,-z,0" ],"desc": "..2","geom": "line","label": "i","mult": 4 },{ "coord": [ "y,1/2,0","-y,1/2,0" ],"desc": ".2.","geom": "line","label": "h","mult": 4 },{ "coord": [ "y,0,0","-y,0,0" ],"desc": ".2.","geom": "line","label": "g","mult": 4 },{ "coord": [ "0,1/2,x","0,1/2,-x" ],"desc": "2..","geom": "line","label": "f","mult": 4 },{ "coord": [ "0,0,x","0,0,-x" ],"desc": "2..","geom": "line","label": "e","mult": 4 },{ "coord": [ "0,1/2,0" ],"desc": "222","geom": "point","label": "d","mult": 2 },{ "coord": [ "0,1/2,1/2" ],"desc": "222","geom": "point","label": "c","mult": 2 },{ "coord": [ "1/2,0,0" ],"desc": "222","geom": "point","label": "b","mult": 2 },{ "coord": [ "0,0,0" ],"desc": "222","geom": "point","label": "a","mult": 2 } ] } } ],"n": 3,"sg": 21 }