{ "its": [ { "cleg": "3","det": 1.0,"gen": [ "x,y,z","-x,y,-z" ],"gp": [ "x,y,z","-x,y,-z" ],"hall": "P 2y","hm": "P 1 2 1","id": "P_1_2_1","jmolId": "3:b","set": 1,"sg": 3,"tm": "a,b,c","trm": "a,b,c","wpos": { "pos": [ { "desc": "1","geom": "general","label": "e","mult": 2 },{ "coord": [ "1/2,y,1/2" ],"desc": "2","geom": "line","label": "d","mult": 1 },{ "coord": [ "1/2,y,0" ],"desc": "2","geom": "line","label": "c","mult": 1 },{ "coord": [ "0,y,1/2" ],"desc": "2","geom": "line","label": "b","mult": 1 },{ "coord": [ "0,y,0" ],"desc": "2","geom": "line","label": "a","mult": 1 } ] } },{ "cleg": "3:c,a,b","det": 1.0,"gen": [ "x,y,z","-x,-y,z" ],"gp": [ "x,y,z","-x,-y,z" ],"hall": "P 2","hm": "P 1 1 2","id": "P_1_1_2","jmolId": "3:c","set": 2,"sg": 3,"tm": "c,a,b","trm": "c,a,b","wpos": { "pos": [ { "desc": "1","geom": "general","label": "e","mult": 2 },{ "coord": [ "1/2,1/2,y" ],"desc": "2","geom": "line","label": "d","mult": 1 },{ "coord": [ "0,1/2,y" ],"desc": "2","geom": "line","label": "c","mult": 1 },{ "coord": [ "1/2,0,y" ],"desc": "2","geom": "line","label": "b","mult": 1 },{ "coord": [ "0,0,y" ],"desc": "2","geom": "line","label": "a","mult": 1 } ] } },{ "cleg": "3:b,c,a","det": 1.0,"gen": [ "x,y,z","x,-y,-z" ],"gp": [ "x,y,z","x,-y,-z" ],"hall": "P 2x","hm": "P 2 1 1","id": "P_2_1_1","jmolId": "3:a","set": 3,"sg": 3,"tm": "b,c,a","trm": "b,c,a","wpos": { "pos": [ { "desc": "1","geom": "general","label": "e","mult": 2 },{ "coord": [ "y,1/2,1/2" ],"desc": "2","geom": "line","label": "d","mult": 1 },{ "coord": [ "y,0,1/2" ],"desc": "2","geom": "line","label": "c","mult": 1 },{ "coord": [ "y,1/2,0" ],"desc": "2","geom": "line","label": "b","mult": 1 },{ "coord": [ "y,0,0" ],"desc": "2","geom": "line","label": "a","mult": 1 } ] } } ],"n": 3,"sg": 3 }