{ "its": [ { "cleg": "156","det": 1.0,"gen": [ "x,y,z","-y,x-y,z","-y,-x,z" ],"gp": [ "x,y,z","-y,x-y,z","-x+y,-x,z","-y,-x,z","-x+y,y,z","x,x-y,z" ],"hall": "P 3 -2\"","hm": "P 3 m 1","id": "P_3_m_1","jmolId": "156","set": 1,"sg": 156,"tm": "a,b,c","trm": "a,b,c","wpos": { "pos": [ { "desc": "1","geom": "general","label": "e","mult": 6 },{ "coord": [ "x,-x,z","x,2x,z","-2x,-x,z" ],"desc": ".m.","geom": "plane","label": "d","mult": 3 },{ "coord": [ "2/3,1/3,z" ],"desc": "3m.","geom": "line","label": "c","mult": 1 },{ "coord": [ "1/3,2/3,z" ],"desc": "3m.","geom": "line","label": "b","mult": 1 },{ "coord": [ "0,0,z" ],"desc": "3m.","geom": "line","label": "a","mult": 1 } ] } } ],"n": 1,"sg": 156 }