{ "its": [ { "cleg": "98","det": 1.0,"gen": [ "x,y,z","-x+1/2,-y+1/2,z+1/2","-y,x+1/2,z+1/4","-x+1/2,y,-z+3/4","x+1/2,y+1/2,z+1/2" ],"gp": [ "x,y,z","-x+1/2,-y+1/2,z+1/2","-y,x+1/2,z+1/4","y+1/2,-x,z+3/4","-x+1/2,y,-z+3/4","x,-y+1/2,-z+1/4","y+1/2,x+1/2,-z+1/2","-y,-x,-z","x+1/2,y+1/2,z+1/2","-x,-y,z","-y+1/2,x,z+3/4","y,-x+1/2,z+1/4","-x,y+1/2,-z+1/4","x+1/2,-y,-z+3/4","y,x,-z","-y+1/2,-x+1/2,-z+1/2" ],"hall": "I 4bw 2bw","hm": "I 41 2 2","id": "I_41_2_2","jmolId": "98","set": 1,"sg": 98,"tm": "a,b,c","trm": "a,b,c","wpos": { "cent": [ "1/2,1/2,1/2" ],"pos": [ { "desc": "1","geom": "general","label": "g","mult": 16 },{ "coord": [ "x,1/4,1/8","-x+1/2,1/4,5/8","3/4,x+1/2,3/8","3/4,-x,7/8" ],"desc": ".2.","geom": "line","label": "f","mult": 8 },{ "coord": [ "-x,x,0","x+1/2,-x+1/2,1/2","-x,-x+1/2,1/4","x+1/2,x,3/4" ],"desc": "..2","geom": "line","label": "e","mult": 8 },{ "coord": [ "x,x,0","-x+1/2,-x+1/2,1/2","-x,x+1/2,1/4","x+1/2,-x,3/4" ],"desc": "..2","geom": "line","label": "d","mult": 8 },{ "coord": [ "0,0,z","0,1/2,z+1/4","1/2,0,-z+3/4","1/2,1/2,-z+1/2" ],"desc": "2..","geom": "line","label": "c","mult": 8 },{ "coord": [ "0,0,1/2","0,1/2,3/4" ],"desc": "2.2 2","geom": "point","label": "b","mult": 4 },{ "coord": [ "0,0,0","0,1/2,1/4" ],"desc": "2.2 2","geom": "point","label": "a","mult": 4 } ] } },{ "cleg": "98:a-b,a+b,c","det": 2.0,"gen": [ "x,y,z","-x,-y+1/2,z+1/2","-y+3/4,x+1/4,z+1/4","-y+1/4,-x+1/4,-z+3/4","x,y+1/2,z+1/2","x+1/2,y+1/2,z","-x+1/2,-y,z+1/2","-y+1/4,x+3/4,z+1/4","-y+3/4,-x+3/4,-z+3/4","x+1/2,y,z+1/2" ],"gp": [ "x,y,z","-x,-y+1/2,z+1/2","-y+3/4,x+1/4,z+1/4","y+1/4,-x+1/4,z+3/4","-y+1/4,-x+1/4,-z+3/4","y+3/4,x+1/4,-z+1/4","-x,y+1/2,-z+1/2","x,-y,-z","x,y+1/2,z+1/2","-x,-y,z","-y+1/4,x+1/4,z+3/4","y+3/4,-x+1/4,z+1/4","-y+3/4,-x+1/4,-z+1/4","y+1/4,x+1/4,-z+3/4","-x,y,-z","x,-y+1/2,-z+1/2","x+1/2,y+1/2,z","-x+1/2,-y,z+1/2","-y+1/4,x+3/4,z+1/4","y+3/4,-x+3/4,z+3/4","-y+3/4,-x+3/4,-z+3/4","y+1/4,x+3/4,-z+1/4","-x+1/2,y,-z+1/2","x+1/2,-y+1/2,-z","x+1/2,y,z+1/2","-x+1/2,-y+1/2,z","-y+3/4,x+3/4,z+3/4","y+1/4,-x+3/4,z+1/4","-y+1/4,-x+3/4,-z+1/4","y+3/4,x+3/4,-z+3/4","-x+1/2,y+1/2,-z","x+1/2,-y,-z+1/2" ],"hall": "?","hm": "F 41 2 2","id": "F_41_2_2","jmolId": "98:f","set": 2,"sg": 98,"tm": "a-b,a+b,c","trm": "a-b,a+b,c","wpos": { "cent": [ "0,1/2,1/2" ],"pos": [ { "desc": "1","geom": "general","label": "g","mult": 16 },{ "coord": [ "1/2x+7/8,1/2x+1/8,1/8","-1/2x+1/8,-1/2x+3/8,5/8","-1/2x+1/8,1/2x+5/8,3/8","1/2x+3/8,-1/2x+3/8,7/8" ],"desc": ".2.","geom": "line","label": "f","mult": 8 },{ "coord": [ "-x,0,0","x,1/2,1/2","3/4,-x+1/4,1/4","1/4,x+1/4,3/4" ],"desc": "..2","geom": "line","label": "e","mult": 8 },{ "coord": [ "0,x,0","0,-x+1/2,1/2","-x+3/4,1/4,1/4","x+1/4,1/4,3/4" ],"desc": "..2","geom": "line","label": "d","mult": 8 },{ "coord": [ "0,0,z","3/4,1/4,z+1/4","1/4,1/4,-z+3/4","0,1/2,-z+1/2" ],"desc": "2..","geom": "line","label": "c","mult": 8 },{ "coord": [ "0,0,1/2","3/4,1/4,3/4" ],"desc": "2.2 2","geom": "point","label": "b","mult": 4 },{ "coord": [ "0,0,0","3/4,1/4,1/4" ],"desc": "2.2 2","geom": "point","label": "a","mult": 4 } ] } } ],"n": 2,"sg": 98 }