{ "its": [ { "cleg": "24","det": 1.0,"gen": [ "x,y,z","-x+1/2,-y,z+1/2","-x,y+1/2,-z+1/2","x+1/2,y+1/2,z+1/2" ],"gp": [ "x,y,z","-x+1/2,-y,z+1/2","-x,y+1/2,-z+1/2","x+1/2,-y+1/2,-z","x+1/2,y+1/2,z+1/2","-x,-y+1/2,z","-x+1/2,y,-z","x,-y,-z+1/2" ],"hall": "I 2b 2c","hm": "I 21 21 21","id": "I_21_21_21","jmolId": "24","set": 1,"sg": 24,"tm": "a,b,c","trm": "a,b,c","wpos": { "cent": [ "1/2,1/2,1/2" ],"pos": [ { "desc": "1","geom": "general","label": "d","mult": 8 },{ "coord": [ "0,1/4,z","0,3/4,-z+1/2" ],"desc": "..2","geom": "line","label": "c","mult": 4 },{ "coord": [ "1/4,y,0","1/4,-y,1/2" ],"desc": ".2.","geom": "line","label": "b","mult": 4 },{ "coord": [ "x,0,1/4","-x+1/2,0,3/4" ],"desc": "2..","geom": "line","label": "a","mult": 4 } ] } } ],"n": 1,"sg": 24 }