{ "its": [ { "cleg": "142","det": 1.0,"gen": [ "x,y,z","-x+1/2,-y,z+1/2","-y+1/4,x+3/4,z+1/4","-x+1/2,y,-z","-x,-y,-z","x+1/2,y+1/2,z+1/2" ],"gp": [ "x,y,z","-x+1/2,-y,z+1/2","-y+1/4,x+3/4,z+1/4","y+1/4,-x+1/4,z+3/4","-x+1/2,y,-z","x,-y,-z+1/2","y+1/4,x+3/4,-z+3/4","-y+1/4,-x+1/4,-z+1/4","-x,-y,-z","x+1/2,y,-z+1/2","y+3/4,-x+1/4,-z+3/4","-y+3/4,x+3/4,-z+1/4","x+1/2,-y,z","-x,y,z+1/2","-y+3/4,-x+1/4,z+1/4","y+3/4,x+3/4,z+3/4","x+1/2,y+1/2,z+1/2","-x,-y+1/2,z","-y+3/4,x+1/4,z+3/4","y+3/4,-x+3/4,z+1/4","-x,y+1/2,-z+1/2","x+1/2,-y+1/2,-z","y+3/4,x+1/4,-z+1/4","-y+3/4,-x+3/4,-z+3/4","-x+1/2,-y+1/2,-z+1/2","x,y+1/2,-z","y+1/4,-x+3/4,-z+1/4","-y+1/4,x+1/4,-z+3/4","x,-y+1/2,z+1/2","-x+1/2,y+1/2,z","-y+1/4,-x+3/4,z+3/4","y+1/4,x+1/4,z+1/4" ],"hall": "-I 4bd 2c","hm": "I 41/a c d  :2","id": "I_41/a_c_d__2","jmolId": "142:2","set": 1,"sg": 142,"tm": "a,b,c","trm": "a,b,c","wpos": { "cent": [ "1/2,1/2,1/2" ],"pos": [ { "desc": "1","geom": "general","label": "g","mult": 32 },{ "coord": [ "x,x+1/4,1/8","-x+1/2,-x+3/4,5/8","-x,x+3/4,3/8","x+1/2,-x+1/4,7/8","-x,-x+3/4,7/8","x+1/2,x+1/4,3/8","x,-x+1/4,5/8","-x+1/2,x+3/4,1/8" ],"desc": "..2","geom": "line","label": "f","mult": 16 },{ "coord": [ "x,0,1/4","-x+1/2,0,3/4","1/4,x+3/4,1/2","1/4,-x+1/4,0","-x,0,3/4","x+1/2,0,1/4","3/4,-x+1/4,1/2","3/4,x+3/4,0" ],"desc": ".2.","geom": "line","label": "e","mult": 16 },{ "coord": [ "0,1/4,z","0,3/4,z+1/4","1/2,1/4,-z","1/2,3/4,-z+3/4","0,3/4,-z","0,1/4,-z+3/4","1/2,3/4,z","1/2,1/4,z+1/4" ],"desc": "2..","geom": "line","label": "d","mult": 16 },{ "coord": [ "0,0,0","1/2,0,1/2","1/4,3/4,1/4","1/4,1/4,3/4","1/2,0,0","0,0,1/2","1/4,3/4,3/4","1/4,1/4,1/4" ],"desc": "-1","geom": "point","label": "c","mult": 16 },{ "coord": [ "0,1/4,1/8","0,3/4,3/8","0,3/4,7/8","0,1/4,5/8" ],"desc": "2.2 2","geom": "point","label": "b","mult": 8 },{ "coord": [ "0,1/4,3/8","0,3/4,5/8","1/2,1/4,5/8","1/2,3/4,3/8" ],"desc": "-4..","geom": "point","label": "a","mult": 8 } ] } },{ "cleg": "142:a-b,a+b,c","det": 2.0,"gen": [ "x,y,z","-x+1/4,-y+1/4,z+1/2","-y+3/4,x+1/2,z+1/4","-y+1/4,-x+1/4,-z","-x,-y,-z","x,y+1/2,z+1/2","x+1/2,y+1/2,z","-x+3/4,-y+3/4,z+1/2","-y+1/4,x,z+1/4","-y+3/4,-x+3/4,-z","-x+1/2,-y+1/2,-z","x+1/2,y,z+1/2" ],"gp": [ "x,y,z","-x+1/4,-y+1/4,z+1/2","-y+3/4,x+1/2,z+1/4","y,-x+1/4,z+3/4","-y+1/4,-x+1/4,-z","y,x,-z+1/2","-x+3/4,y+1/2,-z+3/4","x,-y+1/4,-z+1/4","-x,-y,-z","x+1/4,y+1/4,-z+1/2","y+1/4,-x+1/2,-z+3/4","-y,x+3/4,-z+1/4","y+1/4,x+1/4,z","-y,-x,z+1/2","x+1/4,-y+1/2,z+1/4","-x,y+3/4,z+3/4","x,y+1/2,z+1/2","-x+3/4,-y+1/4,z","-y+1/4,x+1/2,z+3/4","y,-x+3/4,z+1/4","-y+3/4,-x+1/4,-z+1/2","y,x+1/2,-z","-x+1/4,y+1/2,-z+1/4","x,-y+3/4,-z+3/4","-x,-y+1/2,-z+1/2","x+3/4,y+1/4,-z","y+3/4,-x+1/2,-z+1/4","-y,x+1/4,-z+3/4","y+3/4,x+1/4,z+1/2","-y,-x+1/2,z","x+3/4,-y+1/2,z+3/4","-x,y+1/4,z+1/4","x+1/2,y+1/2,z","-x+3/4,-y+3/4,z+1/2","-y+1/4,x,z+1/4","y+1/2,-x+3/4,z+3/4","-y+3/4,-x+3/4,-z","y+1/2,x+1/2,-z+1/2","-x+1/4,y,-z+3/4","x+1/2,-y+3/4,-z+1/4","-x+1/2,-y+1/2,-z","x+3/4,y+3/4,-z+1/2","y+3/4,-x,-z+3/4","-y+1/2,x+5/4,-z+1/4","y+3/4,x+3/4,z","-y+1/2,-x+1/2,z+1/2","x+3/4,-y,z+1/4","-x+1/2,y+5/4,z+3/4","x+1/2,y,z+1/2","-x+1/4,-y+3/4,z","-y+3/4,x,z+3/4","y+1/2,-x+5/4,z+1/4","-y+1/4,-x+3/4,-z+1/2","y+1/2,x,-z","-x+3/4,y,-z+1/4","x+1/2,-y+5/4,-z+3/4","-x+1/2,-y,-z+1/2","x+1/4,y+3/4,-z","y+1/4,-x,-z+1/4","-y+1/2,x+3/4,-z+3/4","y+1/4,x+3/4,z+1/2","-y+1/2,-x,z","x+1/4,-y,z+3/4","-x+1/2,y+3/4,z+1/4" ],"hall": "?","hm": "F 41/d d c :2","id": "F_41/d_d_c_2","jmolId": "142:f2","set": 2,"sg": 142,"tm": "a-b,a+b,c","trm": "a-b,a+b,c","wpos": { "cent": [ "0,1/2,1/2" ],"pos": [ { "desc": "1","geom": "general","label": "g","mult": 32 },{ "coord": [ "7/8,x+1/8,1/8","7/8,-x+5/8,5/8","-x+5/8,3/8,3/8","x+1/8,3/8,7/8","5/8,-x+3/8,7/8","1/8,x+3/8,3/8","x+7/8,1/8,5/8","-x+7/8,5/8,1/8" ],"desc": "..2","geom": "line","label": "f","mult": 16 },{ "coord": [ "1/2x,1/2x,1/4","-1/2x+1/4,-1/2x+1/4,3/4","-1/2x+3/4,1/2x+1/2,1/2","1/2x,-1/2x+1/4,0","-1/2x,-1/2x,3/4","1/2x+1/4,1/2x+1/4,1/4","1/2x+1/4,-1/2x+1/2,1/2","-1/2x,1/2x+3/4,0" ],"desc": ".2.","geom": "line","label": "e","mult": 16 },{ "coord": [ "7/8,1/8,z","5/8,3/8,z+1/4","1/8,3/8,-z","7/8,5/8,-z+3/4","5/8,3/8,-z","7/8,1/8,-z+3/4","7/8,5/8,z","1/8,3/8,z+1/4" ],"desc": "2..","geom": "line","label": "d","mult": 16 },{ "coord": [ "0,0,0","1/4,1/4,1/2","3/4,1/2,1/4","0,1/4,3/4","1/4,1/4,0","0,0,1/2","3/4,1/2,3/4","0,1/4,1/4" ],"desc": "-1","geom": "point","label": "c","mult": 16 },{ "coord": [ "7/8,1/8,1/8","5/8,3/8,3/8","5/8,3/8,7/8","7/8,1/8,5/8" ],"desc": "2.2 2","geom": "point","label": "b","mult": 8 },{ "coord": [ "7/8,1/8,3/8","5/8,3/8,5/8","1/8,3/8,5/8","7/8,5/8,3/8" ],"desc": "-4..","geom": "point","label": "a","mult": 8 } ] } },{ "cleg": "142:a,b,c;0,1/4,-1/8","det": 1.0,"gen": [ "x,y,z","-x+1/2,-y+1/2,z+1/2","-y,x+1/2,z+1/4","-x+1/2,y,-z+1/4","-x,-y+1/2,-z+1/4","x+1/2,y+1/2,z+1/2" ],"gp": [ "x,y,z","-x+1/2,-y+1/2,z+1/2","-y,x+1/2,z+1/4","y+1/2,-x,z+3/4","-x+1/2,y,-z+1/4","x,-y+1/2,-z+3/4","y+1/2,x+1/2,-z","-y,-x,-z+1/2","-x,-y+1/2,-z+1/4","x+1/2,y,-z+3/4","y,-x,-z","-y+1/2,x+1/2,-z+1/2","x+1/2,-y+1/2,z","-x,y,z+1/2","-y+1/2,-x,z+1/4","y,x+1/2,z+3/4","x+1/2,y+1/2,z+1/2","-x,-y,z","-y+1/2,x,z+3/4","y,-x+1/2,z+1/4","-x,y+1/2,-z+3/4","x+1/2,-y,-z+1/4","y,x,-z+1/2","-y+1/2,-x+1/2,-z","-x+1/2,-y,-z+3/4","x,y+1/2,-z+1/4","y+1/2,-x+1/2,-z+1/2","-y,x,-z","x,-y,z+1/2","-x+1/2,y+1/2,z","-y,-x+1/2,z+3/4","y+1/2,x,z+1/4" ],"hall": "I 4bw 2aw -1bw","hm": "I 41/a c d :1","id": "I_41/a_c_d_1","jmolId": "142:1","set": 3,"sg": 142,"tm": "a,b+1/4,c-1/8","trm": "a,b,c;0,1/4,-1/8","wpos": { "cent": [ "1/2,1/2,1/2" ],"pos": [ { "desc": "1","geom": "general","label": "g","mult": 32 },{ "coord": [ "x,x,1/4","-x+1/2,-x+1/2,3/4","-x,x+1/2,1/2","x+1/2,-x,0","-x,-x+1/2,0","x+1/2,x,1/2","x,-x,3/4","-x+1/2,x+1/2,1/4" ],"desc": "..2","geom": "line","label": "f","mult": 16 },{ "coord": [ "x,3/4,3/8","-x+1/2,3/4,7/8","1/4,x+1/2,5/8","1/4,-x,1/8","-x,3/4,7/8","x+1/2,3/4,3/8","3/4,-x,5/8","3/4,x+1/2,1/8" ],"desc": ".2.","geom": "line","label": "e","mult": 16 },{ "coord": [ "0,0,z+1/8","0,1/2,z+3/8","1/2,0,-z+1/8","1/2,1/2,-z+7/8","0,1/2,-z+1/8","0,0,-z+7/8","1/2,1/2,z+1/8","1/2,0,z+3/8" ],"desc": "2..","geom": "line","label": "d","mult": 16 },{ "coord": [ "0,3/4,1/8","1/2,3/4,5/8","1/4,1/2,3/8","1/4,0,7/8","1/2,3/4,1/8","0,3/4,5/8","1/4,1/2,7/8","1/4,0,3/8" ],"desc": "-1","geom": "point","label": "c","mult": 16 },{ "coord": [ "0,0,1/4","0,1/2,1/2","0,1/2,0","0,0,3/4" ],"desc": "2.2 2","geom": "point","label": "b","mult": 8 },{ "coord": [ "0,0,1/2","0,1/2,3/4","1/2,0,3/4","1/2,1/2,1/2" ],"desc": "-4..","geom": "point","label": "a","mult": 8 } ] } },{ "cleg": "142:a-b,a+b,c;0,1/4,-1/8","det": 2.0,"gen": [ "x,y,z","-x+1/2,-y,z+1/2","-y+3/4,x+1/4,z+1/4","-y+1/4,-x+1/4,-z+1/4","-x+1/4,-y+3/4,-z+1/4","x,y+1/2,z+1/2","x+1/2,y+1/2,z","-x,-y+1/2,z+1/2","-y+1/4,x+3/4,z+1/4","-y+3/4,-x+3/4,-z+1/4","-x+3/4,-y+1/4,-z+1/4","x+1/2,y,z+1/2" ],"gp": [ "x,y,z","-x+1/2,-y,z+1/2","-y+3/4,x+1/4,z+1/4","y+1/4,-x+1/4,z+3/4","-y+1/4,-x+1/4,-z+1/4","y+1/4,x+3/4,-z+3/4","-x,y+1/2,-z","x,-y,-z+1/2","-x+1/4,-y+3/4,-z+1/4","x+1/4,y+1/4,-z+3/4","y+1/2,-x+1/2,-z","-y,x+1/2,-z+1/2","y+1/2,x,z","-y,-x,z+1/2","x+1/4,-y+1/4,z+1/4","-x+1/4,y+3/4,z+3/4","x,y+1/2,z+1/2","-x,-y,z","-y+1/4,x+1/4,z+3/4","y+1/4,-x+3/4,z+1/4","-y+3/4,-x+1/4,-z+3/4","y+1/4,x+1/4,-z+1/4","-x+1/2,y+1/2,-z+1/2","x,-y+1/2,-z","-x+1/4,-y+1/4,-z+3/4","x+3/4,y+1/4,-z+1/4","y,-x+1/2,-z+1/2","-y,x,-z","y,x,z+1/2","-y,-x+1/2,z","x+3/4,-y+1/4,z+3/4","-x+1/4,y+1/4,z+1/4","x+1/2,y+1/2,z","-x,-y+1/2,z+1/2","-y+1/4,x+3/4,z+1/4","y+3/4,-x+3/4,z+3/4","-y+3/4,-x+3/4,-z+1/4","y+3/4,x+1/4,-z+3/4","-x+1/2,y,-z","x+1/2,-y+1/2,-z+1/2","-x+3/4,-y+1/4,-z+1/4","x+3/4,y+3/4,-z+3/4","y,-x,-z","-y+1/2,x,-z+1/2","y,x+1/2,z","-y+1/2,-x+1/2,z+1/2","x+3/4,-y+3/4,z+1/4","-x+3/4,y+5/4,z+3/4","x+1/2,y,z+1/2","-x+1/2,-y+1/2,z","-y+3/4,x+3/4,z+3/4","y+3/4,-x+5/4,z+1/4","-y+1/4,-x+3/4,-z+3/4","y+3/4,x+3/4,-z+1/4","-x,y,-z+1/2","x+1/2,-y,-z","-x+3/4,-y+3/4,-z+3/4","x+1/4,y+3/4,-z+1/4","y+1/2,-x,-z+1/2","-y+1/2,x+1/2,-z","y+1/2,x+1/2,z+1/2","-y+1/2,-x,z","x+1/4,-y+3/4,z+3/4","-x+3/4,y+3/4,z+1/4" ],"hall": "?","hm": "F 41/d d c :1","id": "F_41/d_d_c_1","jmolId": "142:f1","set": 4,"sg": 142,"tm": "a-b,a+b+1/4,c-1/8","trm": "a-b,a+b,c;0,1/4,-1/8","wpos": { "cent": [ "0,1/2,1/2" ],"pos": [ { "desc": "1","geom": "general","label": "g","mult": 32 },{ "coord": [ "0,x,1/4","0,-x+1/2,3/4","-x+3/4,1/4,1/2","x+1/4,1/4,0","3/4,-x+1/4,0","1/4,x+1/4,1/2","x,0,3/4","-x,1/2,1/4" ],"desc": "..2","geom": "line","label": "f","mult": 16 },{ "coord": [ "1/2x+1/8,1/2x+7/8,3/8","-1/2x+3/8,-1/2x+1/8,7/8","-1/2x+7/8,1/2x+3/8,5/8","1/2x+1/8,-1/2x+1/8,1/8","-1/2x+1/8,-1/2x+7/8,7/8","1/2x+3/8,1/2x+1/8,3/8","1/2x+3/8,-1/2x+3/8,5/8","-1/2x+1/8,1/2x+5/8,1/8" ],"desc": ".2.","geom": "line","label": "e","mult": 16 },{ "coord": [ "0,0,z+1/8","3/4,1/4,z+3/8","1/4,1/4,-z+1/8","0,1/2,-z+7/8","3/4,1/4,-z+1/8","0,0,-z+7/8","0,1/2,z+1/8","1/4,1/4,z+3/8" ],"desc": "2..","geom": "line","label": "d","mult": 16 },{ "coord": [ "1/8,7/8,1/8","3/8,1/8,5/8","7/8,3/8,3/8","1/8,1/8,7/8","3/8,1/8,1/8","1/8,7/8,5/8","7/8,3/8,7/8","1/8,1/8,3/8" ],"desc": "-1","geom": "point","label": "c","mult": 16 },{ "coord": [ "0,0,1/4","3/4,1/4,1/2","3/4,1/4,0","0,0,3/4" ],"desc": "2.2 2","geom": "point","label": "b","mult": 8 },{ "coord": [ "0,0,1/2","3/4,1/4,3/4","1/4,1/4,3/4","0,1/2,1/2" ],"desc": "-4..","geom": "point","label": "a","mult": 8 } ] } } ],"n": 4,"sg": 142 }