{ "its": [ { "cleg": "78","det": 1.0,"gen": [ "x,y,z","-x,-y,z+1/2","-y,x,z+3/4" ],"gp": [ "x,y,z","-x,-y,z+1/2","-y,x,z+3/4","y,-x,z+1/4" ],"hall": "P 4cw","hm": "P 43","id": "P_43","jmolId": "78","set": 1,"sg": 78,"tm": "a,b,c","trm": "a,b,c","wpos": { "pos": [ { "desc": "1","geom": "general","label": "a","mult": 4 } ] } },{ "cleg": "78:a-b,a+b,c","det": 2.0,"gen": [ "x,y,z","-x,-y,z+1/2","-y,x,z+3/4","x+1/2,y+1/2,z","-x+1/2,-y+1/2,z+1/2","-y+1/2,x+1/2,z+3/4" ],"gp": [ "x,y,z","-x,-y,z+1/2","-y,x,z+3/4","y,-x,z+1/4","x+1/2,y+1/2,z","-x+1/2,-y+1/2,z+1/2","-y+1/2,x+1/2,z+3/4","y+1/2,-x+1/2,z+1/4" ],"hall": "C 4cw","hm": "C 43","id": "C_43","jmolId": "78:c","set": 2,"sg": 78,"tm": "a-b,a+b,c","trm": "a-b,a+b,c","wpos": { "pos": [ { "desc": "1","geom": "general","label": "a","mult": 4 } ] } } ],"n": 2,"sg": 78 }