{ "its": [ { "cleg": "13","det": 1.0,"gen": [ "x,y,z","-x,y,-z+1/2","-x,-y,-z" ],"gp": [ "x,y,z","-x,y,-z+1/2","-x,-y,-z","x,-y,z+1/2" ],"hall": "-P 2yc","hm": "P 1 2/c 1","id": "P_1_2/c_1","jmolId": "13:b1","set": 1,"sg": 13,"tm": "a,b,c","trm": "a,b,c","wpos": { "pos": [ { "desc": "1","geom": "general","label": "g","mult": 4 },{ "coord": [ "1/2,y,1/4","1/2,-y,3/4" ],"desc": "2","geom": "line","label": "f","mult": 2 },{ "coord": [ "0,y,1/4","0,-y,3/4" ],"desc": "2","geom": "line","label": "e","mult": 2 },{ "coord": [ "1/2,0,0","1/2,0,1/2" ],"desc": "-1","geom": "point","label": "d","mult": 2 },{ "coord": [ "0,1/2,0","0,1/2,1/2" ],"desc": "-1","geom": "point","label": "c","mult": 2 },{ "coord": [ "1/2,1/2,0","1/2,1/2,1/2" ],"desc": "-1","geom": "point","label": "b","mult": 2 },{ "coord": [ "0,0,0","0,0,1/2" ],"desc": "-1","geom": "point","label": "a","mult": 2 } ] } },{ "cleg": "13:-a-c,b,a","det": 1.0,"gen": [ "x,y,z","-x+1/2,y,-z+1/2","-x,-y,-z" ],"gp": [ "x,y,z","-x+1/2,y,-z+1/2","-x,-y,-z","x+1/2,-y,z+1/2" ],"hall": "-P 2yac","hm": "P 1 2/n 1","id": "P_1_2/n_1","jmolId": "13:b2","set": 2,"sg": 13,"tm": "-a-c,b,a","trm": "-a-c,b,a","wpos": { "pos": [ { "desc": "1","geom": "general","label": "g","mult": 4 },{ "coord": [ "3/4,y,1/4","1/4,-y,3/4" ],"desc": "2","geom": "line","label": "f","mult": 2 },{ "coord": [ "3/4,y,3/4","1/4,-y,1/4" ],"desc": "2","geom": "line","label": "e","mult": 2 },{ "coord": [ "0,0,1/2","1/2,0,0" ],"desc": "-1","geom": "point","label": "d","mult": 2 },{ "coord": [ "0,1/2,0","1/2,1/2,1/2" ],"desc": "-1","geom": "point","label": "c","mult": 2 },{ "coord": [ "0,1/2,1/2","1/2,1/2,0" ],"desc": "-1","geom": "point","label": "b","mult": 2 },{ "coord": [ "0,0,0","1/2,0,1/2" ],"desc": "-1","geom": "point","label": "a","mult": 2 } ] } },{ "cleg": "13:c,b,-a-c","det": 1.0,"gen": [ "x,y,z","-x+1/2,y,-z","-x,-y,-z" ],"gp": [ "x,y,z","-x+1/2,y,-z","-x,-y,-z","x+1/2,-y,z" ],"hall": "-P 2ya","hm": "P 1 2/a 1","id": "P_1_2/a_1","jmolId": "13:b3","set": 3,"sg": 13,"tm": "c,b,-a-c","trm": "c,b,-a-c","wpos": { "pos": [ { "desc": "1","geom": "general","label": "g","mult": 4 },{ "coord": [ "3/4,y,1/2","1/4,-y,1/2" ],"desc": "2","geom": "line","label": "f","mult": 2 },{ "coord": [ "1/4,y,0","3/4,-y,0" ],"desc": "2","geom": "line","label": "e","mult": 2 },{ "coord": [ "1/2,0,1/2","0,0,1/2" ],"desc": "-1","geom": "point","label": "d","mult": 2 },{ "coord": [ "0,1/2,0","1/2,1/2,0" ],"desc": "-1","geom": "point","label": "c","mult": 2 },{ "coord": [ "1/2,1/2,1/2","0,1/2,1/2" ],"desc": "-1","geom": "point","label": "b","mult": 2 },{ "coord": [ "0,0,0","1/2,0,0" ],"desc": "-1","geom": "point","label": "a","mult": 2 } ] } },{ "cleg": "13:c,a,b","det": 1.0,"gen": [ "x,y,z","-x+1/2,-y,z","-x,-y,-z" ],"gp": [ "x,y,z","-x+1/2,-y,z","-x,-y,-z","x+1/2,y,-z" ],"hall": "-P 2a","hm": "P 1 1 2/a","id": "P_1_1_2/a","jmolId": "13:c1","set": 4,"sg": 13,"tm": "c,a,b","trm": "c,a,b","wpos": { "pos": [ { "desc": "1","geom": "general","label": "g","mult": 4 },{ "coord": [ "1/4,1/2,y","3/4,1/2,-y" ],"desc": "2","geom": "line","label": "f","mult": 2 },{ "coord": [ "1/4,0,y","3/4,0,-y" ],"desc": "2","geom": "line","label": "e","mult": 2 },{ "coord": [ "0,1/2,0","1/2,1/2,0" ],"desc": "-1","geom": "point","label": "d","mult": 2 },{ "coord": [ "0,0,1/2","1/2,0,1/2" ],"desc": "-1","geom": "point","label": "c","mult": 2 },{ "coord": [ "0,1/2,1/2","1/2,1/2,1/2" ],"desc": "-1","geom": "point","label": "b","mult": 2 },{ "coord": [ "0,0,0","1/2,0,0" ],"desc": "-1","geom": "point","label": "a","mult": 2 } ] } },{ "cleg": "13:a,-a-c,b","det": 1.0,"gen": [ "x,y,z","-x+1/2,-y+1/2,z","-x,-y,-z" ],"gp": [ "x,y,z","-x+1/2,-y+1/2,z","-x,-y,-z","x+1/2,y+1/2,-z" ],"hall": "-P 2ab","hm": "P 1 1 2/n","id": "P_1_1_2/n","jmolId": "13:c2","set": 5,"sg": 13,"tm": "a,-a-c,b","trm": "a,-a-c,b","wpos": { "pos": [ { "desc": "1","geom": "general","label": "g","mult": 4 },{ "coord": [ "1/4,3/4,y","3/4,1/4,-y" ],"desc": "2","geom": "line","label": "f","mult": 2 },{ "coord": [ "3/4,3/4,y","1/4,1/4,-y" ],"desc": "2","geom": "line","label": "e","mult": 2 },{ "coord": [ "1/2,0,0","0,1/2,0" ],"desc": "-1","geom": "point","label": "d","mult": 2 },{ "coord": [ "0,0,1/2","1/2,1/2,1/2" ],"desc": "-1","geom": "point","label": "c","mult": 2 },{ "coord": [ "1/2,0,1/2","0,1/2,1/2" ],"desc": "-1","geom": "point","label": "b","mult": 2 },{ "coord": [ "0,0,0","1/2,1/2,0" ],"desc": "-1","geom": "point","label": "a","mult": 2 } ] } },{ "cleg": "13:-a-c,c,b","det": 1.0,"gen": [ "x,y,z","-x,-y+1/2,z","-x,-y,-z" ],"gp": [ "x,y,z","-x,-y+1/2,z","-x,-y,-z","x,y+1/2,-z" ],"hall": "-P 2b","hm": "P 1 1 2/b","id": "P_1_1_2/b","jmolId": "13:c3","set": 6,"sg": 13,"tm": "-a-c,c,b","trm": "-a-c,c,b","wpos": { "pos": [ { "desc": "1","geom": "general","label": "g","mult": 4 },{ "coord": [ "1/2,3/4,y","1/2,1/4,-y" ],"desc": "2","geom": "line","label": "f","mult": 2 },{ "coord": [ "0,1/4,y","0,3/4,-y" ],"desc": "2","geom": "line","label": "e","mult": 2 },{ "coord": [ "1/2,1/2,0","1/2,0,0" ],"desc": "-1","geom": "point","label": "d","mult": 2 },{ "coord": [ "0,0,1/2","0,1/2,1/2" ],"desc": "-1","geom": "point","label": "c","mult": 2 },{ "coord": [ "1/2,1/2,1/2","1/2,0,1/2" ],"desc": "-1","geom": "point","label": "b","mult": 2 },{ "coord": [ "0,0,0","0,1/2,0" ],"desc": "-1","geom": "point","label": "a","mult": 2 } ] } },{ "cleg": "13:b,c,a","det": 1.0,"gen": [ "x,y,z","x,-y+1/2,-z","-x,-y,-z" ],"gp": [ "x,y,z","x,-y+1/2,-z","-x,-y,-z","-x,y+1/2,z" ],"hall": "-P 2xb","hm": "P 2/b 1 1","id": "P_2/b_1_1","jmolId": "13:a1","set": 7,"sg": 13,"tm": "b,c,a","trm": "b,c,a","wpos": { "pos": [ { "desc": "1","geom": "general","label": "g","mult": 4 },{ "coord": [ "y,1/4,1/2","-y,3/4,1/2" ],"desc": "2","geom": "line","label": "f","mult": 2 },{ "coord": [ "y,1/4,0","-y,3/4,0" ],"desc": "2","geom": "line","label": "e","mult": 2 },{ "coord": [ "0,0,1/2","0,1/2,1/2" ],"desc": "-1","geom": "point","label": "d","mult": 2 },{ "coord": [ "1/2,0,0","1/2,1/2,0" ],"desc": "-1","geom": "point","label": "c","mult": 2 },{ "coord": [ "1/2,0,1/2","1/2,1/2,1/2" ],"desc": "-1","geom": "point","label": "b","mult": 2 },{ "coord": [ "0,0,0","0,1/2,0" ],"desc": "-1","geom": "point","label": "a","mult": 2 } ] } },{ "cleg": "13:b,a,-a-c","det": 1.0,"gen": [ "x,y,z","x,-y+1/2,-z+1/2","-x,-y,-z" ],"gp": [ "x,y,z","x,-y+1/2,-z+1/2","-x,-y,-z","-x,y+1/2,z+1/2" ],"hall": "-P 2xbc","hm": "P 2/n 1 1","id": "P_2/n_1_1","jmolId": "13:a2","set": 8,"sg": 13,"tm": "b,a,-a-c","trm": "b,a,-a-c","wpos": { "pos": [ { "desc": "1","geom": "general","label": "g","mult": 4 },{ "coord": [ "y,1/4,3/4","-y,3/4,1/4" ],"desc": "2","geom": "line","label": "f","mult": 2 },{ "coord": [ "y,3/4,3/4","-y,1/4,1/4" ],"desc": "2","geom": "line","label": "e","mult": 2 },{ "coord": [ "0,1/2,0","0,0,1/2" ],"desc": "-1","geom": "point","label": "d","mult": 2 },{ "coord": [ "1/2,0,0","1/2,1/2,1/2" ],"desc": "-1","geom": "point","label": "c","mult": 2 },{ "coord": [ "1/2,1/2,0","1/2,0,1/2" ],"desc": "-1","geom": "point","label": "b","mult": 2 },{ "coord": [ "0,0,0","0,1/2,1/2" ],"desc": "-1","geom": "point","label": "a","mult": 2 } ] } },{ "cleg": "13:b,-a-c,c","det": 1.0,"gen": [ "x,y,z","x,-y,-z+1/2","-x,-y,-z" ],"gp": [ "x,y,z","x,-y,-z+1/2","-x,-y,-z","-x,y,z+1/2" ],"hall": "-P 2xc","hm": "P 2/c 1 1","id": "P_2/c_1_1","jmolId": "13:a3","set": 9,"sg": 13,"tm": "b,-a-c,c","trm": "b,-a-c,c","wpos": { "pos": [ { "desc": "1","geom": "general","label": "g","mult": 4 },{ "coord": [ "y,1/2,3/4","-y,1/2,1/4" ],"desc": "2","geom": "line","label": "f","mult": 2 },{ "coord": [ "y,0,1/4","-y,0,3/4" ],"desc": "2","geom": "line","label": "e","mult": 2 },{ "coord": [ "0,1/2,1/2","0,1/2,0" ],"desc": "-1","geom": "point","label": "d","mult": 2 },{ "coord": [ "1/2,0,0","1/2,0,1/2" ],"desc": "-1","geom": "point","label": "c","mult": 2 },{ "coord": [ "1/2,1/2,1/2","1/2,1/2,0" ],"desc": "-1","geom": "point","label": "b","mult": 2 },{ "coord": [ "0,0,0","0,0,1/2" ],"desc": "-1","geom": "point","label": "a","mult": 2 } ] } } ],"n": 9,"sg": 13 }