{ "its": [ { "cleg": "118","det": 1.0,"gen": [ "x,y,z","-x,-y,z","y,-x,-z","x+1/2,-y+1/2,z+1/2" ],"gp": [ "x,y,z","-x,-y,z","y,-x,-z","-y,x,-z","x+1/2,-y+1/2,z+1/2","-x+1/2,y+1/2,z+1/2","y+1/2,x+1/2,-z+1/2","-y+1/2,-x+1/2,-z+1/2" ],"hall": "P -4 -2n","hm": "P -4 n 2","id": "P_-4_n_2","jmolId": "118","set": 1,"sg": 118,"tm": "a,b,c","trm": "a,b,c","wpos": { "pos": [ { "desc": "1","geom": "general","label": "i","mult": 8 },{ "coord": [ "0,1/2,z","1/2,0,-z","1/2,0,z+1/2","0,1/2,-z+1/2" ],"desc": "2..","geom": "line","label": "h","mult": 4 },{ "coord": [ "x,x+1/2,1/4","-x,-x+1/2,1/4","x+1/2,-x,3/4","-x+1/2,x,3/4" ],"desc": "..2","geom": "line","label": "g","mult": 4 },{ "coord": [ "x,-x+1/2,1/4","-x,x+1/2,1/4","-x+1/2,-x,3/4","x+1/2,x,3/4" ],"desc": "..2","geom": "line","label": "f","mult": 4 },{ "coord": [ "0,0,z","0,0,-z","1/2,1/2,z+1/2","1/2,1/2,-z+1/2" ],"desc": "2..","geom": "line","label": "e","mult": 4 },{ "coord": [ "0,1/2,3/4","1/2,0,1/4" ],"desc": "2.2 2","geom": "point","label": "d","mult": 2 },{ "coord": [ "0,1/2,1/4","1/2,0,3/4" ],"desc": "2.2 2","geom": "point","label": "c","mult": 2 },{ "coord": [ "0,0,1/2","1/2,1/2,0" ],"desc": "-4..","geom": "point","label": "b","mult": 2 },{ "coord": [ "0,0,0","1/2,1/2,1/2" ],"desc": "-4..","geom": "point","label": "a","mult": 2 } ] } },{ "cleg": "118:a-b,a+b,c","det": 2.0,"gen": [ "x,y,z","-x,-y,z","y,-x,-z","y,x+1/2,z+1/2","x+1/2,y+1/2,z","-x+1/2,-y+1/2,z","y+1/2,-x+1/2,-z","y+1/2,x,z+1/2" ],"gp": [ "x,y,z","-x,-y,z","y,-x,-z","-y,x,-z","y,x+1/2,z+1/2","-y,-x+1/2,z+1/2","-x,y+1/2,-z+1/2","x,-y+1/2,-z+1/2","x+1/2,y+1/2,z","-x+1/2,-y+1/2,z","y+1/2,-x+1/2,-z","-y+1/2,x+1/2,-z","y+1/2,x,z+1/2","-y+1/2,-x,z+1/2","-x+1/2,y,-z+1/2","x+1/2,-y,-z+1/2" ],"hall": "?","hm": "C -4 2 g2","id": "C_-4_2_g2","jmolId": "118:c","set": 2,"sg": 118,"tm": "a-b,a+b,c","trm": "a-b,a+b,c","wpos": { "pos": [ { "desc": "1","geom": "general","label": "i","mult": 8 },{ "coord": [ "3/4,1/4,z","1/4,1/4,-z","1/4,1/4,z+1/2","3/4,1/4,-z+1/2" ],"desc": "2..","geom": "line","label": "h","mult": 4 },{ "coord": [ "3/4,x+1/4,1/4","3/4,-x+1/4,1/4","x+1/4,1/4,3/4","-x+1/4,1/4,3/4" ],"desc": "..2","geom": "line","label": "g","mult": 4 },{ "coord": [ "x+3/4,1/4,1/4","-x+3/4,1/4,1/4","1/4,-x+1/4,3/4","1/4,x+1/4,3/4" ],"desc": "..2","geom": "line","label": "f","mult": 4 },{ "coord": [ "0,0,z","0,0,-z","0,1/2,z+1/2","0,1/2,-z+1/2" ],"desc": "2..","geom": "line","label": "e","mult": 4 },{ "coord": [ "3/4,1/4,3/4","1/4,1/4,1/4" ],"desc": "2.2 2","geom": "point","label": "d","mult": 2 },{ "coord": [ "3/4,1/4,1/4","1/4,1/4,3/4" ],"desc": "2.2 2","geom": "point","label": "c","mult": 2 },{ "coord": [ "0,0,1/2","0,1/2,0" ],"desc": "-4..","geom": "point","label": "b","mult": 2 },{ "coord": [ "0,0,0","0,1/2,1/2" ],"desc": "-4..","geom": "point","label": "a","mult": 2 } ] } } ],"n": 2,"sg": 118 }