{ "its": [ { "cleg": "31","det": 1.0,"gen": [ "x,y,z","-x+1/2,-y,z+1/2","x+1/2,-y,z+1/2" ],"gp": [ "x,y,z","-x+1/2,-y,z+1/2","x+1/2,-y,z+1/2","-x,y,z" ],"hall": "P 2ac -2","hm": "P m n 21","id": "P_m_n_21","jmolId": "31","set": 1,"sg": 31,"tm": "a,b,c","trm": "a,b,c","wpos": { "pos": [ { "desc": "1","geom": "general","label": "b","mult": 4 },{ "coord": [ "0,y,z","1/2,-y,z+1/2" ],"desc": "m..","geom": "plane","label": "a","mult": 2 } ] } },{ "cleg": "31:b,a,-c","det": 1.0,"gen": [ "x,y,z","-x,-y+1/2,z+1/2","-x,y+1/2,z+1/2" ],"gp": [ "x,y,z","-x,-y+1/2,z+1/2","-x,y+1/2,z+1/2","x,-y,z" ],"hall": "P 2bc -2bc","hm": "P n m 21","id": "P_n_m_21","jmolId": "31:ba-c","set": 2,"sg": 31,"tm": "b,a,-c","trm": "b,a,-c","wpos": { "pos": [ { "desc": "1","geom": "general","label": "b","mult": 4 },{ "coord": [ "y,0,-z","-y,1/2,-z+1/2" ],"desc": "m..","geom": "plane","label": "a","mult": 2 } ] } },{ "cleg": "31:c,a,b","det": 1.0,"gen": [ "x,y,z","x+1/2,-y+1/2,-z","x+1/2,y+1/2,-z" ],"gp": [ "x,y,z","x+1/2,-y+1/2,-z","x+1/2,y+1/2,-z","x,-y,z" ],"hall": "P -2ab 2ab","hm": "P 21 m n","id": "P_21_m_n","jmolId": "31:cab","set": 3,"sg": 31,"tm": "c,a,b","trm": "c,a,b","wpos": { "pos": [ { "desc": "1","geom": "general","label": "b","mult": 4 },{ "coord": [ "z,0,y","z+1/2,1/2,-y" ],"desc": "m..","geom": "plane","label": "a","mult": 2 } ] } },{ "cleg": "31:-c,b,a","det": 1.0,"gen": [ "x,y,z","x+1/2,-y,-z+1/2","x+1/2,-y,z+1/2" ],"gp": [ "x,y,z","x+1/2,-y,-z+1/2","x+1/2,-y,z+1/2","x,y,-z" ],"hall": "P -2 2ac","hm": "P 21 n m","id": "P_21_n_m","jmolId": "31:-cba","set": 4,"sg": 31,"tm": "-c,b,a","trm": "-c,b,a","wpos": { "pos": [ { "desc": "1","geom": "general","label": "b","mult": 4 },{ "coord": [ "-z,y,0","-z+1/2,-y,1/2" ],"desc": "m..","geom": "plane","label": "a","mult": 2 } ] } },{ "cleg": "31:b,c,a","det": 1.0,"gen": [ "x,y,z","-x,y+1/2,-z+1/2","-x,y+1/2,z+1/2" ],"gp": [ "x,y,z","-x,y+1/2,-z+1/2","-x,y+1/2,z+1/2","x,y,-z" ],"hall": "P -2 -2bc","hm": "P n 21 m","id": "P_n_21_m","jmolId": "31:bca","set": 5,"sg": 31,"tm": "b,c,a","trm": "b,c,a","wpos": { "pos": [ { "desc": "1","geom": "general","label": "b","mult": 4 },{ "coord": [ "y,z,0","-y,z+1/2,1/2" ],"desc": "m..","geom": "plane","label": "a","mult": 2 } ] } },{ "cleg": "31:a,-c,b","det": 1.0,"gen": [ "x,y,z","-x+1/2,y+1/2,-z","x+1/2,y+1/2,-z" ],"gp": [ "x,y,z","-x+1/2,y+1/2,-z","x+1/2,y+1/2,-z","-x,y,z" ],"hall": "P -2ab -2","hm": "P m 21 n","id": "P_m_21_n","jmolId": "31:a-cb","set": 6,"sg": 31,"tm": "a,-c,b","trm": "a,-c,b","wpos": { "pos": [ { "desc": "1","geom": "general","label": "b","mult": 4 },{ "coord": [ "0,-z,y","1/2,-z+1/2,-y" ],"desc": "m..","geom": "plane","label": "a","mult": 2 } ] } } ],"n": 6,"sg": 31 }