{ "its": [ { "cleg": "93","det": 1.0,"gen": [ "x,y,z","-x,-y,z","-y,x,z+1/2","-x,y,-z" ],"gp": [ "x,y,z","-x,-y,z","-y,x,z+1/2","y,-x,z+1/2","-x,y,-z","x,-y,-z","y,x,-z+1/2","-y,-x,-z+1/2" ],"hall": "P 4c 2","hm": "P 42 2 2","id": "P_42_2_2","jmolId": "93","set": 1,"sg": 93,"tm": "a,b,c","trm": "a,b,c","wpos": { "pos": [ { "desc": "1","geom": "general","label": "p","mult": 8 },{ "coord": [ "x,x,3/4","-x,-x,3/4","-x,x,1/4","x,-x,1/4" ],"desc": "..2","geom": "line","label": "o","mult": 4 },{ "coord": [ "x,x,1/4","-x,-x,1/4","-x,x,3/4","x,-x,3/4" ],"desc": "..2","geom": "line","label": "n","mult": 4 },{ "coord": [ "x,1/2,0","-x,1/2,0","1/2,x,1/2","1/2,-x,1/2" ],"desc": ".2.","geom": "line","label": "m","mult": 4 },{ "coord": [ "x,0,1/2","-x,0,1/2","0,x,0","0,-x,0" ],"desc": ".2.","geom": "line","label": "l","mult": 4 },{ "coord": [ "x,1/2,1/2","-x,1/2,1/2","1/2,x,0","1/2,-x,0" ],"desc": ".2.","geom": "line","label": "k","mult": 4 },{ "coord": [ "x,0,0","-x,0,0","0,x,1/2","0,-x,1/2" ],"desc": ".2.","geom": "line","label": "j","mult": 4 },{ "coord": [ "0,1/2,z","1/2,0,z+1/2","0,1/2,-z","1/2,0,-z+1/2" ],"desc": "2..","geom": "line","label": "i","mult": 4 },{ "coord": [ "1/2,1/2,z","1/2,1/2,z+1/2","1/2,1/2,-z","1/2,1/2,-z+1/2" ],"desc": "2..","geom": "line","label": "h","mult": 4 },{ "coord": [ "0,0,z","0,0,z+1/2","0,0,-z","0,0,-z+1/2" ],"desc": "2..","geom": "line","label": "g","mult": 4 },{ "coord": [ "1/2,1/2,1/4","1/2,1/2,3/4" ],"desc": "2.2 2","geom": "point","label": "f","mult": 2 },{ "coord": [ "0,0,1/4","0,0,3/4" ],"desc": "2.2 2","geom": "point","label": "e","mult": 2 },{ "coord": [ "0,1/2,1/2","1/2,0,0" ],"desc": "222 .","geom": "point","label": "d","mult": 2 },{ "coord": [ "0,1/2,0","1/2,0,1/2" ],"desc": "222 .","geom": "point","label": "c","mult": 2 },{ "coord": [ "1/2,1/2,0","1/2,1/2,1/2" ],"desc": "222 .","geom": "point","label": "b","mult": 2 },{ "coord": [ "0,0,0","0,0,1/2" ],"desc": "222 .","geom": "point","label": "a","mult": 2 } ] } },{ "cleg": "93:a-b,a+b,c","det": 2.0,"gen": [ "x,y,z","-x,-y,z","-y,x,z+1/2","-y,-x,-z","x+1/2,y+1/2,z","-x+1/2,-y+1/2,z","-y+1/2,x+1/2,z+1/2","-y+1/2,-x+1/2,-z" ],"gp": [ "x,y,z","-x,-y,z","-y,x,z+1/2","y,-x,z+1/2","-y,-x,-z","y,x,-z","-x,y,-z+1/2","x,-y,-z+1/2","x+1/2,y+1/2,z","-x+1/2,-y+1/2,z","-y+1/2,x+1/2,z+1/2","y+1/2,-x+1/2,z+1/2","-y+1/2,-x+1/2,-z","y+1/2,x+1/2,-z","-x+1/2,y+1/2,-z+1/2","x+1/2,-y+1/2,-z+1/2" ],"hall": "?","hm": "C 42 2 2","id": "C_42_2_2","jmolId": "93:c","set": 2,"sg": 93,"tm": "a-b,a+b,c","trm": "a-b,a+b,c","wpos": { "pos": [ { "desc": "1","geom": "general","label": "p","mult": 8 },{ "coord": [ "0,x,3/4","0,-x,3/4","-x,0,1/4","x,0,1/4" ],"desc": "..2","geom": "line","label": "o","mult": 4 },{ "coord": [ "0,x,1/4","0,-x,1/4","-x,0,3/4","x,0,3/4" ],"desc": "..2","geom": "line","label": "n","mult": 4 },{ "coord": [ "1/2x+3/4,1/2x+1/4,0","-1/2x+3/4,-1/2x+1/4,0","-1/2x+1/4,1/2x+1/4,1/2","1/2x+1/4,-1/2x+1/4,1/2" ],"desc": ".2.","geom": "line","label": "m","mult": 4 },{ "coord": [ "1/2x,1/2x,1/2","-1/2x,-1/2x,1/2","-1/2x,1/2x,0","1/2x,-1/2x,0" ],"desc": ".2.","geom": "line","label": "l","mult": 4 },{ "coord": [ "1/2x+3/4,1/2x+1/4,1/2","-1/2x+3/4,-1/2x+1/4,1/2","-1/2x+1/4,1/2x+1/4,0","1/2x+1/4,-1/2x+1/4,0" ],"desc": ".2.","geom": "line","label": "k","mult": 4 },{ "coord": [ "1/2x,1/2x,0","-1/2x,-1/2x,0","-1/2x,1/2x,1/2","1/2x,-1/2x,1/2" ],"desc": ".2.","geom": "line","label": "j","mult": 4 },{ "coord": [ "3/4,1/4,z","1/4,1/4,z+1/2","3/4,1/4,-z","1/4,1/4,-z+1/2" ],"desc": "2..","geom": "line","label": "i","mult": 4 },{ "coord": [ "0,1/2,z","0,1/2,z+1/2","0,1/2,-z","0,1/2,-z+1/2" ],"desc": "2..","geom": "line","label": "h","mult": 4 },{ "coord": [ "0,0,z","0,0,z+1/2","0,0,-z","0,0,-z+1/2" ],"desc": "2..","geom": "line","label": "g","mult": 4 },{ "coord": [ "0,1/2,1/4","0,1/2,3/4" ],"desc": "2.2 2","geom": "point","label": "f","mult": 2 },{ "coord": [ "0,0,1/4","0,0,3/4" ],"desc": "2.2 2","geom": "point","label": "e","mult": 2 },{ "coord": [ "3/4,1/4,1/2","1/4,1/4,0" ],"desc": "222 .","geom": "point","label": "d","mult": 2 },{ "coord": [ "3/4,1/4,0","1/4,1/4,1/2" ],"desc": "222 .","geom": "point","label": "c","mult": 2 },{ "coord": [ "0,1/2,0","0,1/2,1/2" ],"desc": "222 .","geom": "point","label": "b","mult": 2 },{ "coord": [ "0,0,0","0,0,1/2" ],"desc": "222 .","geom": "point","label": "a","mult": 2 } ] } } ],"n": 2,"sg": 93 }