{ "its": [ { "cleg": "105","det": 1.0,"gen": [ "x,y,z","-x,-y,z","-y,x,z+1/2","x,-y,z" ],"gp": [ "x,y,z","-x,-y,z","-y,x,z+1/2","y,-x,z+1/2","x,-y,z","-x,y,z","-y,-x,z+1/2","y,x,z+1/2" ],"hall": "P 4c -2","hm": "P 42 m c","id": "P_42_m_c","jmolId": "105","set": 1,"sg": 105,"tm": "a,b,c","trm": "a,b,c","wpos": { "pos": [ { "desc": "1","geom": "general","label": "f","mult": 8 },{ "coord": [ "x,1/2,z","-x,1/2,z","1/2,x,z+1/2","1/2,-x,z+1/2" ],"desc": ".m.","geom": "plane","label": "e","mult": 4 },{ "coord": [ "x,0,z","-x,0,z","0,x,z+1/2","0,-x,z+1/2" ],"desc": ".m.","geom": "plane","label": "d","mult": 4 },{ "coord": [ "0,1/2,z","1/2,0,z+1/2" ],"desc": "2mm .","geom": "line","label": "c","mult": 2 },{ "coord": [ "1/2,1/2,z","1/2,1/2,z+1/2" ],"desc": "2mm .","geom": "line","label": "b","mult": 2 },{ "coord": [ "0,0,z","0,0,z+1/2" ],"desc": "2mm .","geom": "line","label": "a","mult": 2 } ] } },{ "cleg": "105:a-b,a+b,c","det": 2.0,"gen": [ "x,y,z","-x,-y,z","-y,x,z+1/2","y,x,z","x+1/2,y+1/2,z","-x+1/2,-y+1/2,z","-y+1/2,x+1/2,z+1/2","y+1/2,x+1/2,z" ],"gp": [ "x,y,z","-x,-y,z","-y,x,z+1/2","y,-x,z+1/2","y,x,z","-y,-x,z","x,-y,z+1/2","-x,y,z+1/2","x+1/2,y+1/2,z","-x+1/2,-y+1/2,z","-y+1/2,x+1/2,z+1/2","y+1/2,-x+1/2,z+1/2","y+1/2,x+1/2,z","-y+1/2,-x+1/2,z","x+1/2,-y+1/2,z+1/2","-x+1/2,y+1/2,z+1/2" ],"hall": "?","hm": "C 42 c m","id": "C_42_c_m","jmolId": "105:c","set": 2,"sg": 105,"tm": "a-b,a+b,c","trm": "a-b,a+b,c","wpos": { "pos": [ { "desc": "1","geom": "general","label": "f","mult": 8 },{ "coord": [ "1/2x+3/4,1/2x+1/4,z","-1/2x+3/4,-1/2x+1/4,z","-1/2x+1/4,1/2x+1/4,z+1/2","1/2x+1/4,-1/2x+1/4,z+1/2" ],"desc": ".m.","geom": "plane","label": "e","mult": 4 },{ "coord": [ "1/2x,1/2x,z","-1/2x,-1/2x,z","-1/2x,1/2x,z+1/2","1/2x,-1/2x,z+1/2" ],"desc": ".m.","geom": "plane","label": "d","mult": 4 },{ "coord": [ "3/4,1/4,z","1/4,1/4,z+1/2" ],"desc": "2mm .","geom": "line","label": "c","mult": 2 },{ "coord": [ "0,1/2,z","0,1/2,z+1/2" ],"desc": "2mm .","geom": "line","label": "b","mult": 2 },{ "coord": [ "0,0,z","0,0,z+1/2" ],"desc": "2mm .","geom": "line","label": "a","mult": 2 } ] } } ],"n": 2,"sg": 105 }