{ "its": [ { "cleg": "33","det": 1.0,"gen": [ "x,y,z","-x,-y,z+1/2","x+1/2,-y+1/2,z" ],"gp": [ "x,y,z","-x,-y,z+1/2","x+1/2,-y+1/2,z","-x+1/2,y+1/2,z+1/2" ],"hall": "P 2c -2n","hm": "P n a 21","id": "P_n_a_21","jmolId": "33","set": 1,"sg": 33,"tm": "a,b,c","trm": "a,b,c","wpos": { "pos": [ { "desc": "1","geom": "general","label": "a","mult": 4 } ] } },{ "cleg": "33:b,a,-c","det": 1.0,"gen": [ "x,y,z","-x,-y,z+1/2","-x+1/2,y+1/2,z" ],"gp": [ "x,y,z","-x,-y,z+1/2","-x+1/2,y+1/2,z","x+1/2,-y+1/2,z+1/2" ],"hall": "P 2c -2ab","hm": "P b n 21","id": "P_b_n_21","jmolId": "33:ba-c","set": 2,"sg": 33,"tm": "b,a,-c","trm": "b,a,-c","wpos": { "pos": [ { "desc": "1","geom": "general","label": "a","mult": 4 } ] } },{ "cleg": "33:c,a,b","det": 1.0,"gen": [ "x,y,z","x+1/2,-y,-z","x,y+1/2,-z+1/2" ],"gp": [ "x,y,z","x+1/2,-y,-z","x,y+1/2,-z+1/2","x+1/2,-y+1/2,z+1/2" ],"hall": "P -2bc 2a","hm": "P 21 n b","id": "P_21_n_b","jmolId": "33:cab","set": 3,"sg": 33,"tm": "c,a,b","trm": "c,a,b","wpos": { "pos": [ { "desc": "1","geom": "general","label": "a","mult": 4 } ] } },{ "cleg": "33:-c,b,a","det": 1.0,"gen": [ "x,y,z","x+1/2,-y,-z","x,-y+1/2,z+1/2" ],"gp": [ "x,y,z","x+1/2,-y,-z","x,-y+1/2,z+1/2","x+1/2,y+1/2,-z+1/2" ],"hall": "P -2n 2a","hm": "P 21 c n","id": "P_21_c_n","jmolId": "33:-cba","set": 4,"sg": 33,"tm": "-c,b,a","trm": "-c,b,a","wpos": { "pos": [ { "desc": "1","geom": "general","label": "a","mult": 4 } ] } },{ "cleg": "33:b,c,a","det": 1.0,"gen": [ "x,y,z","-x,y+1/2,-z","-x+1/2,y,z+1/2" ],"gp": [ "x,y,z","-x,y+1/2,-z","-x+1/2,y,z+1/2","x+1/2,y+1/2,-z+1/2" ],"hall": "P -2n -2ac","hm": "P c 21 n","id": "P_c_21_n","jmolId": "33:bca","set": 5,"sg": 33,"tm": "b,c,a","trm": "b,c,a","wpos": { "pos": [ { "desc": "1","geom": "general","label": "a","mult": 4 } ] } },{ "cleg": "33:a,-c,b","det": 1.0,"gen": [ "x,y,z","-x,y+1/2,-z","x+1/2,y,-z+1/2" ],"gp": [ "x,y,z","-x,y+1/2,-z","x+1/2,y,-z+1/2","-x+1/2,y+1/2,z+1/2" ],"hall": "P -2ac -2n","hm": "P n 21 a","id": "P_n_21_a","jmolId": "33:a-cb","set": 6,"sg": 33,"tm": "a,-c,b","trm": "a,-c,b","wpos": { "pos": [ { "desc": "1","geom": "general","label": "a","mult": 4 } ] } } ],"n": 6,"sg": 33 }