{ "its": [ { "cleg": "202","det": 1.0,"gen": [ "x,y,z","-x,-y,z","-x,y,-z","z,x,y","-x,-y,-z","x,y+1/2,z+1/2","x+1/2,y,z+1/2" ],"gp": [ "x,y,z","-x,-y,z","-x,y,-z","x,-y,-z","z,x,y","z,-x,-y","-z,-x,y","-z,x,-y","y,z,x","-y,z,-x","y,-z,-x","-y,-z,x","-x,-y,-z","x,y,-z","x,-y,z","-x,y,z","-z,-x,-y","-z,x,y","z,x,-y","z,-x,y","-y,-z,-x","y,-z,x","-y,z,x","y,z,-x","x,y+1/2,z+1/2","-x,-y+1/2,z+1/2","-x,y+1/2,-z+1/2","x,-y+1/2,-z+1/2","z,x+1/2,y+1/2","z,-x+1/2,-y+1/2","-z,-x+1/2,y+1/2","-z,x+1/2,-y+1/2","y,z+1/2,x+1/2","-y,z+1/2,-x+1/2","y,-z+1/2,-x+1/2","-y,-z+1/2,x+1/2","-x,-y+1/2,-z+1/2","x,y+1/2,-z+1/2","x,-y+1/2,z+1/2","-x,y+1/2,z+1/2","-z,-x+1/2,-y+1/2","-z,x+1/2,y+1/2","z,x+1/2,-y+1/2","z,-x+1/2,y+1/2","-y,-z+1/2,-x+1/2","y,-z+1/2,x+1/2","-y,z+1/2,x+1/2","y,z+1/2,-x+1/2","x+1/2,y,z+1/2","-x+1/2,-y,z+1/2","-x+1/2,y,-z+1/2","x+1/2,-y,-z+1/2","z+1/2,x,y+1/2","z+1/2,-x,-y+1/2","-z+1/2,-x,y+1/2","-z+1/2,x,-y+1/2","y+1/2,z,x+1/2","-y+1/2,z,-x+1/2","y+1/2,-z,-x+1/2","-y+1/2,-z,x+1/2","-x+1/2,-y,-z+1/2","x+1/2,y,-z+1/2","x+1/2,-y,z+1/2","-x+1/2,y,z+1/2","-z+1/2,-x,-y+1/2","-z+1/2,x,y+1/2","z+1/2,x,-y+1/2","z+1/2,-x,y+1/2","-y+1/2,-z,-x+1/2","y+1/2,-z,x+1/2","-y+1/2,z,x+1/2","y+1/2,z,-x+1/2","x+1/2,y+1/2,z","-x+1/2,-y+1/2,z","-x+1/2,y+1/2,-z","x+1/2,-y+1/2,-z","z+1/2,x+1/2,y","z+1/2,-x+1/2,-y","-z+1/2,-x+1/2,y","-z+1/2,x+1/2,-y","y+1/2,z+1/2,x","-y+1/2,z+1/2,-x","y+1/2,-z+1/2,-x","-y+1/2,-z+1/2,x","-x+1/2,-y+1/2,-z","x+1/2,y+1/2,-z","x+1/2,-y+1/2,z","-x+1/2,y+1/2,z","-z+1/2,-x+1/2,-y","-z+1/2,x+1/2,y","z+1/2,x+1/2,-y","z+1/2,-x+1/2,y","-y+1/2,-z+1/2,-x","y+1/2,-z+1/2,x","-y+1/2,z+1/2,x","y+1/2,z+1/2,-x" ],"hall": "-F 2 2 3","hm": "F m -3","id": "F_m_-3","jmolId": "202","set": 1,"sg": 202,"tm": "a,b,c","trm": "a,b,c","wpos": { "cent": [ "0,1/2,1/2","1/2,0,1/2","1/2,1/2,0" ],"pos": [ { "desc": "1","geom": "general","label": "i","mult": 96 },{ "coord": [ "0,y,z","0,-y,z","0,y,-z","0,-y,-z","z,0,y","z,0,-y","-z,0,y","-z,0,-y","y,z,0","-y,z,0","y,-z,0","-y,-z,0" ],"desc": "m..","geom": "plane","label": "h","mult": 48 },{ "coord": [ "x,1/4,1/4","-x,3/4,1/4","1/4,x,1/4","1/4,-x,3/4","1/4,1/4,x","3/4,1/4,-x","-x,3/4,3/4","x,1/4,3/4","3/4,-x,3/4","3/4,x,1/4","3/4,3/4,-x","1/4,3/4,x" ],"desc": "2..","geom": "line","label": "g","mult": 48 },{ "coord": [ "x,x,x","-x,-x,x","-x,x,-x","x,-x,-x","-x,-x,-x","x,x,-x","x,-x,x","-x,x,x" ],"desc": ".3.","geom": "line","label": "f","mult": 32 },{ "coord": [ "x,0,0","-x,0,0","0,x,0","0,-x,0","0,0,x","0,0,-x" ],"desc": "mm2 . .","geom": "line","label": "e","mult": 24 },{ "coord": [ "0,1/4,1/4","0,3/4,1/4","1/4,0,1/4","1/4,0,3/4","1/4,1/4,0","3/4,1/4,0" ],"desc": "2/m..","geom": "point","label": "d","mult": 24 },{ "coord": [ "1/4,1/4,1/4","3/4,3/4,3/4" ],"desc": "23.","geom": "point","label": "c","mult": 8 },{ "coord": [ "1/2,1/2,1/2" ],"desc": "m-3.","geom": "point","label": "b","mult": 4 },{ "coord": [ "0,0,0" ],"desc": "m-3.","geom": "point","label": "a","mult": 4 } ] } } ],"n": 1,"sg": 202 }