{ "its": [ { "cleg": "39","det": 1.0,"gen": [ "x,y,z","-x,-y,z","x,-y+1/2,z","x,y+1/2,z+1/2" ],"gp": [ "x,y,z","-x,-y,z","x,-y+1/2,z","-x,y+1/2,z","x,y+1/2,z+1/2","-x,-y+1/2,z+1/2","x,-y,z+1/2","-x,y,z+1/2" ],"hall": "A 2 -2b","hm": "A e m 2","id": "A_e_m_2","jmolId": "39","set": 1,"sg": 39,"tm": "a,b,c","trm": "a,b,c","wpos": { "cent": [ "0,1/2,1/2" ],"pos": [ { "desc": "1","geom": "general","label": "d","mult": 8 },{ "coord": [ "x,1/4,z","-x,3/4,z" ],"desc": ".m.","geom": "plane","label": "c","mult": 4 },{ "coord": [ "1/2,0,z","1/2,1/2,z" ],"desc": "..2","geom": "line","label": "b","mult": 4 },{ "coord": [ "0,0,z","0,1/2,z" ],"desc": "..2","geom": "line","label": "a","mult": 4 } ] } },{ "cleg": "39:b,a,-c","det": 1.0,"gen": [ "x,y,z","-x,-y,z","-x+1/2,y,z","x+1/2,y,z+1/2" ],"gp": [ "x,y,z","-x,-y,z","-x+1/2,y,z","x+1/2,-y,z","x+1/2,y,z+1/2","-x+1/2,-y,z+1/2","-x,y,z+1/2","x,-y,z+1/2" ],"hall": "B 2 -2a","hm": "B m e 2","id": "B_m_e_2","jmolId": "39:ba-c","set": 2,"sg": 39,"tm": "b,a,-c","trm": "b,a,-c","wpos": { "cent": [ "1/2,0,1/2" ],"pos": [ { "desc": "1","geom": "general","label": "d","mult": 8 },{ "coord": [ "1/4,x,-z","3/4,-x,-z" ],"desc": ".m.","geom": "plane","label": "c","mult": 4 },{ "coord": [ "0,1/2,-z","1/2,1/2,-z" ],"desc": "..2","geom": "line","label": "b","mult": 4 },{ "coord": [ "0,0,-z","1/2,0,-z" ],"desc": "..2","geom": "line","label": "a","mult": 4 } ] } },{ "cleg": "39:c,a,b","det": 1.0,"gen": [ "x,y,z","x,-y,-z","x,y,-z+1/2","x+1/2,y,z+1/2" ],"gp": [ "x,y,z","x,-y,-z","x,y,-z+1/2","x,-y,z+1/2","x+1/2,y,z+1/2","x+1/2,-y,-z+1/2","x+1/2,y,-z","x+1/2,-y,z" ],"hall": "B -2a 2","hm": "B 2 e m","id": "B_2_e_m","jmolId": "39:cab","set": 3,"sg": 39,"tm": "c,a,b","trm": "c,a,b","wpos": { "cent": [ "1/2,0,1/2" ],"pos": [ { "desc": "1","geom": "general","label": "d","mult": 8 },{ "coord": [ "z,x,1/4","z,-x,3/4" ],"desc": ".m.","geom": "plane","label": "c","mult": 4 },{ "coord": [ "z,1/2,0","z,1/2,1/2" ],"desc": "..2","geom": "line","label": "b","mult": 4 },{ "coord": [ "z,0,0","z,0,1/2" ],"desc": "..2","geom": "line","label": "a","mult": 4 } ] } },{ "cleg": "39:-c,b,a","det": 1.0,"gen": [ "x,y,z","x,-y,-z","x,-y+1/2,z","x+1/2,y+1/2,z" ],"gp": [ "x,y,z","x,-y,-z","x,-y+1/2,z","x,y+1/2,-z","x+1/2,y+1/2,z","x+1/2,-y+1/2,-z","x+1/2,-y,z","x+1/2,y,-z" ],"hall": "C -2a 2","hm": "C 2 m e","id": "C_2_m_e","jmolId": "39:-cba","set": 4,"sg": 39,"tm": "-c,b,a","trm": "-c,b,a","wpos": { "cent": [ "1/2,1/2,0" ],"pos": [ { "desc": "1","geom": "general","label": "d","mult": 8 },{ "coord": [ "-z,1/4,x","-z,3/4,-x" ],"desc": ".m.","geom": "plane","label": "c","mult": 4 },{ "coord": [ "-z,0,1/2","-z,1/2,1/2" ],"desc": "..2","geom": "line","label": "b","mult": 4 },{ "coord": [ "-z,0,0","-z,1/2,0" ],"desc": "..2","geom": "line","label": "a","mult": 4 } ] } },{ "cleg": "39:b,c,a","det": 1.0,"gen": [ "x,y,z","-x,y,-z","-x+1/2,y,z","x+1/2,y+1/2,z" ],"gp": [ "x,y,z","-x,y,-z","-x+1/2,y,z","x+1/2,y,-z","x+1/2,y+1/2,z","-x+1/2,y+1/2,-z","-x,y+1/2,z","x,y+1/2,-z" ],"hall": "C -2a -2a","hm": "C m 2 e","id": "C_m_2_e","jmolId": "39:bca","set": 5,"sg": 39,"tm": "b,c,a","trm": "b,c,a","wpos": { "cent": [ "1/2,1/2,0" ],"pos": [ { "desc": "1","geom": "general","label": "d","mult": 8 },{ "coord": [ "1/4,z,x","3/4,z,-x" ],"desc": ".m.","geom": "plane","label": "c","mult": 4 },{ "coord": [ "0,z,1/2","1/2,z,1/2" ],"desc": "..2","geom": "line","label": "b","mult": 4 },{ "coord": [ "0,z,0","1/2,z,0" ],"desc": "..2","geom": "line","label": "a","mult": 4 } ] } },{ "cleg": "39:a,-c,b","det": 1.0,"gen": [ "x,y,z","-x,y,-z","x,y,-z+1/2","x,y+1/2,z+1/2" ],"gp": [ "x,y,z","-x,y,-z","x,y,-z+1/2","-x,y,z+1/2","x,y+1/2,z+1/2","-x,y+1/2,-z+1/2","x,y+1/2,-z","-x,y+1/2,z" ],"hall": "A -2b -2b","hm": "A e 2 m","id": "A_e_2_m","jmolId": "39:a-cb","set": 6,"sg": 39,"tm": "a,-c,b","trm": "a,-c,b","wpos": { "cent": [ "0,1/2,1/2" ],"pos": [ { "desc": "1","geom": "general","label": "d","mult": 8 },{ "coord": [ "x,-z,1/4","-x,-z,3/4" ],"desc": ".m.","geom": "plane","label": "c","mult": 4 },{ "coord": [ "1/2,-z,0","1/2,-z,1/2" ],"desc": "..2","geom": "line","label": "b","mult": 4 },{ "coord": [ "0,-z,0","0,-z,1/2" ],"desc": "..2","geom": "line","label": "a","mult": 4 } ] } } ],"n": 6,"sg": 39 }