{ "its": [ { "cleg": "14","det": 1.0,"gen": [ "x,y,z","-x,y+1/2,-z+1/2","-x,-y,-z" ],"gp": [ "x,y,z","-x,y+1/2,-z+1/2","-x,-y,-z","x,-y+1/2,z+1/2" ],"hall": "-P 2ybc","hm": "P 1 21/c 1","id": "P_1_21/c_1","jmolId": "14:b1","set": 1,"sg": 14,"tm": "a,b,c","trm": "a,b,c","wpos": { "pos": [ { "desc": "1","geom": "general","label": "e","mult": 4 },{ "coord": [ "1/2,0,1/2","1/2,1/2,0" ],"desc": "-1","geom": "point","label": "d","mult": 2 },{ "coord": [ "0,0,1/2","0,1/2,0" ],"desc": "-1","geom": "point","label": "c","mult": 2 },{ "coord": [ "1/2,0,0","1/2,1/2,1/2" ],"desc": "-1","geom": "point","label": "b","mult": 2 },{ "coord": [ "0,0,0","0,1/2,1/2" ],"desc": "-1","geom": "point","label": "a","mult": 2 } ] } },{ "cleg": "14:-a-c,b,a","det": 1.0,"gen": [ "x,y,z","-x+1/2,y+1/2,-z+1/2","-x,-y,-z" ],"gp": [ "x,y,z","-x+1/2,y+1/2,-z+1/2","-x,-y,-z","x+1/2,-y+1/2,z+1/2" ],"hall": "-P 2yn","hm": "P 1 21/n 1","id": "P_1_21/n_1","jmolId": "14:b2","set": 2,"sg": 14,"tm": "-a-c,b,a","trm": "-a-c,b,a","wpos": { "pos": [ { "desc": "1","geom": "general","label": "e","mult": 4 },{ "coord": [ "1/2,0,0","0,1/2,1/2" ],"desc": "-1","geom": "point","label": "d","mult": 2 },{ "coord": [ "1/2,0,1/2","0,1/2,0" ],"desc": "-1","geom": "point","label": "c","mult": 2 },{ "coord": [ "0,0,1/2","1/2,1/2,0" ],"desc": "-1","geom": "point","label": "b","mult": 2 },{ "coord": [ "0,0,0","1/2,1/2,1/2" ],"desc": "-1","geom": "point","label": "a","mult": 2 } ] } },{ "cleg": "14:c,b,-a-c","det": 1.0,"gen": [ "x,y,z","-x+1/2,y+1/2,-z","-x,-y,-z" ],"gp": [ "x,y,z","-x+1/2,y+1/2,-z","-x,-y,-z","x+1/2,-y+1/2,z" ],"hall": "-P 2yab","hm": "P 1 21/a 1","id": "P_1_21/a_1","jmolId": "14:b3","set": 3,"sg": 14,"tm": "c,b,-a-c","trm": "c,b,-a-c","wpos": { "pos": [ { "desc": "1","geom": "general","label": "e","mult": 4 },{ "coord": [ "0,0,1/2","1/2,1/2,1/2" ],"desc": "-1","geom": "point","label": "d","mult": 2 },{ "coord": [ "1/2,0,0","0,1/2,0" ],"desc": "-1","geom": "point","label": "c","mult": 2 },{ "coord": [ "1/2,0,1/2","0,1/2,1/2" ],"desc": "-1","geom": "point","label": "b","mult": 2 },{ "coord": [ "0,0,0","1/2,1/2,0" ],"desc": "-1","geom": "point","label": "a","mult": 2 } ] } },{ "cleg": "14:c,a,b","det": 1.0,"gen": [ "x,y,z","-x+1/2,-y,z+1/2","-x,-y,-z" ],"gp": [ "x,y,z","-x+1/2,-y,z+1/2","-x,-y,-z","x+1/2,y,-z+1/2" ],"hall": "-P 2ac","hm": "P 1 1 21/a","id": "P_1_1_21/a","jmolId": "14:c1","set": 4,"sg": 14,"tm": "c,a,b","trm": "c,a,b","wpos": { "pos": [ { "desc": "1","geom": "general","label": "e","mult": 4 },{ "coord": [ "1/2,1/2,0","0,1/2,1/2" ],"desc": "-1","geom": "point","label": "d","mult": 2 },{ "coord": [ "1/2,0,0","0,0,1/2" ],"desc": "-1","geom": "point","label": "c","mult": 2 },{ "coord": [ "0,1/2,0","1/2,1/2,1/2" ],"desc": "-1","geom": "point","label": "b","mult": 2 },{ "coord": [ "0,0,0","1/2,0,1/2" ],"desc": "-1","geom": "point","label": "a","mult": 2 } ] } },{ "cleg": "14:a,-a-c,b","det": 1.0,"gen": [ "x,y,z","-x+1/2,-y+1/2,z+1/2","-x,-y,-z" ],"gp": [ "x,y,z","-x+1/2,-y+1/2,z+1/2","-x,-y,-z","x+1/2,y+1/2,-z+1/2" ],"hall": "-P 2n","hm": "P 1 1 21/n","id": "P_1_1_21/n","jmolId": "14:c2","set": 5,"sg": 14,"tm": "a,-a-c,b","trm": "a,-a-c,b","wpos": { "pos": [ { "desc": "1","geom": "general","label": "e","mult": 4 },{ "coord": [ "0,1/2,0","1/2,0,1/2" ],"desc": "-1","geom": "point","label": "d","mult": 2 },{ "coord": [ "1/2,1/2,0","0,0,1/2" ],"desc": "-1","geom": "point","label": "c","mult": 2 },{ "coord": [ "1/2,0,0","0,1/2,1/2" ],"desc": "-1","geom": "point","label": "b","mult": 2 },{ "coord": [ "0,0,0","1/2,1/2,1/2" ],"desc": "-1","geom": "point","label": "a","mult": 2 } ] } },{ "cleg": "14:-a-c,c,b","det": 1.0,"gen": [ "x,y,z","-x,-y+1/2,z+1/2","-x,-y,-z" ],"gp": [ "x,y,z","-x,-y+1/2,z+1/2","-x,-y,-z","x,y+1/2,-z+1/2" ],"hall": "-P 2bc","hm": "P 1 1 21/b","id": "P_1_1_21/b","jmolId": "14:c3","set": 6,"sg": 14,"tm": "-a-c,c,b","trm": "-a-c,c,b","wpos": { "pos": [ { "desc": "1","geom": "general","label": "e","mult": 4 },{ "coord": [ "1/2,0,0","1/2,1/2,1/2" ],"desc": "-1","geom": "point","label": "d","mult": 2 },{ "coord": [ "0,1/2,0","0,0,1/2" ],"desc": "-1","geom": "point","label": "c","mult": 2 },{ "coord": [ "1/2,1/2,0","1/2,0,1/2" ],"desc": "-1","geom": "point","label": "b","mult": 2 },{ "coord": [ "0,0,0","0,1/2,1/2" ],"desc": "-1","geom": "point","label": "a","mult": 2 } ] } },{ "cleg": "14:b,c,a","det": 1.0,"gen": [ "x,y,z","x+1/2,-y+1/2,-z","-x,-y,-z" ],"gp": [ "x,y,z","x+1/2,-y+1/2,-z","-x,-y,-z","-x+1/2,y+1/2,z" ],"hall": "-P 2xab","hm": "P 21/b 1 1","id": "P_21/b_1_1","jmolId": "14:a1","set": 7,"sg": 14,"tm": "b,c,a","trm": "b,c,a","wpos": { "pos": [ { "desc": "1","geom": "general","label": "e","mult": 4 },{ "coord": [ "0,1/2,1/2","1/2,0,1/2" ],"desc": "-1","geom": "point","label": "d","mult": 2 },{ "coord": [ "0,1/2,0","1/2,0,0" ],"desc": "-1","geom": "point","label": "c","mult": 2 },{ "coord": [ "0,0,1/2","1/2,1/2,1/2" ],"desc": "-1","geom": "point","label": "b","mult": 2 },{ "coord": [ "0,0,0","1/2,1/2,0" ],"desc": "-1","geom": "point","label": "a","mult": 2 } ] } },{ "cleg": "14:b,a,-a-c","det": 1.0,"gen": [ "x,y,z","x+1/2,-y+1/2,-z+1/2","-x,-y,-z" ],"gp": [ "x,y,z","x+1/2,-y+1/2,-z+1/2","-x,-y,-z","-x+1/2,y+1/2,z+1/2" ],"hall": "-P 2xn","hm": "P 21/n 1 1","id": "P_21/n_1_1","jmolId": "14:a2","set": 8,"sg": 14,"tm": "b,a,-a-c","trm": "b,a,-a-c","wpos": { "pos": [ { "desc": "1","geom": "general","label": "e","mult": 4 },{ "coord": [ "0,0,1/2","1/2,1/2,0" ],"desc": "-1","geom": "point","label": "d","mult": 2 },{ "coord": [ "0,1/2,1/2","1/2,0,0" ],"desc": "-1","geom": "point","label": "c","mult": 2 },{ "coord": [ "0,1/2,0","1/2,0,1/2" ],"desc": "-1","geom": "point","label": "b","mult": 2 },{ "coord": [ "0,0,0","1/2,1/2,1/2" ],"desc": "-1","geom": "point","label": "a","mult": 2 } ] } },{ "cleg": "14:b,-a-c,c","det": 1.0,"gen": [ "x,y,z","x+1/2,-y,-z+1/2","-x,-y,-z" ],"gp": [ "x,y,z","x+1/2,-y,-z+1/2","-x,-y,-z","-x+1/2,y,z+1/2" ],"hall": "-P 2xac","hm": "P 21/c 1 1","id": "P_21/c_1_1","jmolId": "14:a3","set": 9,"sg": 14,"tm": "b,-a-c,c","trm": "b,-a-c,c","wpos": { "pos": [ { "desc": "1","geom": "general","label": "e","mult": 4 },{ "coord": [ "0,1/2,0","1/2,1/2,1/2" ],"desc": "-1","geom": "point","label": "d","mult": 2 },{ "coord": [ "0,0,1/2","1/2,0,0" ],"desc": "-1","geom": "point","label": "c","mult": 2 },{ "coord": [ "0,1/2,1/2","1/2,1/2,0" ],"desc": "-1","geom": "point","label": "b","mult": 2 },{ "coord": [ "0,0,0","1/2,0,1/2" ],"desc": "-1","geom": "point","label": "a","mult": 2 } ] } } ],"n": 9,"sg": 14 }