{ "its": [ { "cleg": "20","det": 1.0,"gen": [ "x,y,z","-x,-y,z+1/2","-x,y,-z+1/2","x+1/2,y+1/2,z" ],"gp": [ "x,y,z","-x,-y,z+1/2","-x,y,-z+1/2","x,-y,-z","x+1/2,y+1/2,z","-x+1/2,-y+1/2,z+1/2","-x+1/2,y+1/2,-z+1/2","x+1/2,-y+1/2,-z" ],"hall": "C 2c 2","hm": "C 2 2 21","id": "C_2_2_21","jmolId": "20","set": 1,"sg": 20,"tm": "a,b,c","trm": "a,b,c","wpos": { "cent": [ "1/2,1/2,0" ],"pos": [ { "desc": "1","geom": "general","label": "c","mult": 8 },{ "coord": [ "0,y,1/4","0,-y,3/4" ],"desc": ".2.","geom": "line","label": "b","mult": 4 },{ "coord": [ "x,0,0","-x,0,1/2" ],"desc": "2..","geom": "line","label": "a","mult": 4 } ] } },{ "cleg": "20:c,a,b","det": 1.0,"gen": [ "x,y,z","x+1/2,-y,-z","-x+1/2,-y,z","x,y+1/2,z+1/2" ],"gp": [ "x,y,z","x+1/2,-y,-z","-x+1/2,-y,z","-x,y,-z","x,y+1/2,z+1/2","x+1/2,-y+1/2,-z+1/2","-x+1/2,-y+1/2,z+1/2","-x,y+1/2,-z+1/2" ],"hall": "A 2a 2a","hm": "A 21 2 2","id": "A_21_2_2","jmolId": "20:cab","set": 2,"sg": 20,"tm": "c,a,b","trm": "c,a,b","wpos": { "cent": [ "0,1/2,1/2" ],"pos": [ { "desc": "1","geom": "general","label": "c","mult": 8 },{ "coord": [ "1/4,0,y","3/4,0,-y" ],"desc": ".2.","geom": "line","label": "b","mult": 4 },{ "coord": [ "0,x,0","1/2,-x,0" ],"desc": "2..","geom": "line","label": "a","mult": 4 } ] } },{ "cleg": "20:b,c,a","det": 1.0,"gen": [ "x,y,z","-x,y+1/2,-z","x,-y+1/2,-z","x+1/2,y,z+1/2" ],"gp": [ "x,y,z","-x,y+1/2,-z","x,-y+1/2,-z","-x,-y,z","x+1/2,y,z+1/2","-x+1/2,y+1/2,-z+1/2","x+1/2,-y+1/2,-z+1/2","-x+1/2,-y,z+1/2" ],"hall": "B 2 2b","hm": "B 2 21 2","id": "B_2_21_2","jmolId": "20:bca","set": 3,"sg": 20,"tm": "b,c,a","trm": "b,c,a","wpos": { "cent": [ "1/2,0,1/2" ],"pos": [ { "desc": "1","geom": "general","label": "c","mult": 8 },{ "coord": [ "y,1/4,0","-y,3/4,0" ],"desc": ".2.","geom": "line","label": "b","mult": 4 },{ "coord": [ "0,0,x","0,1/2,-x" ],"desc": "2..","geom": "line","label": "a","mult": 4 } ] } } ],"n": 3,"sg": 20 }