{ "its": [ { "cleg": "185","det": 1.0,"gen": [ "x,y,z","-y,x-y,z","-x,-y,z+1/2","-y,-x,z+1/2" ],"gp": [ "x,y,z","-y,x-y,z","-x+y,-x,z","-x,-y,z+1/2","y,-x+y,z+1/2","x-y,x,z+1/2","-y,-x,z+1/2","-x+y,y,z+1/2","x,x-y,z+1/2","y,x,z","x-y,-y,z","-x,-x+y,z" ],"hall": "P 6c -2","hm": "P 63 c m","id": "P_63_c_m","jmolId": "185","set": 1,"sg": 185,"tm": "a,b,c","trm": "a,b,c","wpos": { "pos": [ { "desc": "1","geom": "general","label": "d","mult": 12 },{ "coord": [ "x,0,z","0,x,z","-x,-x,z","-x,0,z+1/2","0,-x,z+1/2","x,x,z+1/2" ],"desc": "..m","geom": "plane","label": "c","mult": 6 },{ "coord": [ "1/3,2/3,z","2/3,1/3,z+1/2","1/3,2/3,z+1/2","2/3,1/3,z" ],"desc": "3..","geom": "line","label": "b","mult": 4 },{ "coord": [ "0,0,z","0,0,z+1/2" ],"desc": "3.m","geom": "line","label": "a","mult": 2 } ] } } ],"n": 1,"sg": 185 }