{ "its": [ { "cleg": "207","det": 1.0,"gen": [ "x,y,z","-x,-y,z","-x,y,-z","z,x,y","y,x,-z" ],"gp": [ "x,y,z","-x,-y,z","-x,y,-z","x,-y,-z","z,x,y","z,-x,-y","-z,-x,y","-z,x,-y","y,z,x","-y,z,-x","y,-z,-x","-y,-z,x","y,x,-z","-y,-x,-z","y,-x,z","-y,x,z","x,z,-y","-x,z,y","-x,-z,-y","x,-z,y","z,y,-x","z,-y,x","-z,y,x","-z,-y,-x" ],"hall": "P 4 2 3","hm": "P 4 3 2","id": "P_4_3_2","jmolId": "207","set": 1,"sg": 207,"tm": "a,b,c","trm": "a,b,c","wpos": { "pos": [ { "desc": "1","geom": "general","label": "k","mult": 24 },{ "coord": [ "1/2,y,y","1/2,-y,y","1/2,y,-y","1/2,-y,-y","y,1/2,y","y,1/2,-y","-y,1/2,y","-y,1/2,-y","y,y,1/2","-y,y,1/2","y,-y,1/2","-y,-y,1/2" ],"desc": "..2","geom": "line","label": "j","mult": 12 },{ "coord": [ "0,y,y","0,-y,y","0,y,-y","0,-y,-y","y,0,y","y,0,-y","-y,0,y","-y,0,-y","y,y,0","-y,y,0","y,-y,0","-y,-y,0" ],"desc": "..2","geom": "line","label": "i","mult": 12 },{ "coord": [ "x,1/2,0","-x,1/2,0","0,x,1/2","0,-x,1/2","1/2,0,x","1/2,0,-x","1/2,x,0","1/2,-x,0","x,0,1/2","-x,0,1/2","0,1/2,-x","0,1/2,x" ],"desc": "2..","geom": "line","label": "h","mult": 12 },{ "coord": [ "x,x,x","-x,-x,x","-x,x,-x","x,-x,-x","x,x,-x","-x,-x,-x","x,-x,x","-x,x,x" ],"desc": ".3.","geom": "line","label": "g","mult": 8 },{ "coord": [ "x,1/2,1/2","-x,1/2,1/2","1/2,x,1/2","1/2,-x,1/2","1/2,1/2,x","1/2,1/2,-x" ],"desc": "4..","geom": "line","label": "f","mult": 6 },{ "coord": [ "x,0,0","-x,0,0","0,x,0","0,-x,0","0,0,x","0,0,-x" ],"desc": "4..","geom": "line","label": "e","mult": 6 },{ "coord": [ "1/2,0,0","0,1/2,0","0,0,1/2" ],"desc": "42. 2","geom": "point","label": "d","mult": 3 },{ "coord": [ "0,1/2,1/2","1/2,0,1/2","1/2,1/2,0" ],"desc": "42. 2","geom": "point","label": "c","mult": 3 },{ "coord": [ "1/2,1/2,1/2" ],"desc": "432","geom": "point","label": "b","mult": 1 },{ "coord": [ "0,0,0" ],"desc": "432","geom": "point","label": "a","mult": 1 } ] } } ],"n": 1,"sg": 207 }