{ "its": [ { "cleg": "208","det": 1.0,"gen": [ "x,y,z","-x,-y,z","-x,y,-z","z,x,y","y+1/2,x+1/2,-z+1/2" ],"gp": [ "x,y,z","-x,-y,z","-x,y,-z","x,-y,-z","z,x,y","z,-x,-y","-z,-x,y","-z,x,-y","y,z,x","-y,z,-x","y,-z,-x","-y,-z,x","y+1/2,x+1/2,-z+1/2","-y+1/2,-x+1/2,-z+1/2","y+1/2,-x+1/2,z+1/2","-y+1/2,x+1/2,z+1/2","x+1/2,z+1/2,-y+1/2","-x+1/2,z+1/2,y+1/2","-x+1/2,-z+1/2,-y+1/2","x+1/2,-z+1/2,y+1/2","z+1/2,y+1/2,-x+1/2","z+1/2,-y+1/2,x+1/2","-z+1/2,y+1/2,x+1/2","-z+1/2,-y+1/2,-x+1/2" ],"hall": "P 4n 2 3","hm": "P 42 3 2","id": "P_42_3_2","jmolId": "208","set": 1,"sg": 208,"tm": "a,b,c","trm": "a,b,c","wpos": { "pos": [ { "desc": "1","geom": "general","label": "m","mult": 24 },{ "coord": [ "1/4,y,y+1/2","3/4,-y,y+1/2","3/4,y,-y+1/2","1/4,-y,-y+1/2","y+1/2,1/4,y","y+1/2,3/4,-y","-y+1/2,3/4,y","-y+1/2,1/4,-y","y,y+1/2,1/4","-y,y+1/2,3/4","y,-y+1/2,3/4","-y,-y+1/2,1/4" ],"desc": "..2","geom": "line","label": "l","mult": 12 },{ "coord": [ "1/4,y,-y+1/2","3/4,-y,-y+1/2","3/4,y,y+1/2","1/4,-y,y+1/2","-y+1/2,1/4,y","-y+1/2,3/4,-y","y+1/2,3/4,y","y+1/2,1/4,-y","y,-y+1/2,1/4","-y,-y+1/2,3/4","y,y+1/2,3/4","-y,y+1/2,1/4" ],"desc": "..2","geom": "line","label": "k","mult": 12 },{ "coord": [ "x,1/2,0","-x,1/2,0","0,x,1/2","0,-x,1/2","1/2,0,x","1/2,0,-x","0,x+1/2,1/2","0,-x+1/2,1/2","x+1/2,1/2,0","-x+1/2,1/2,0","1/2,0,-x+1/2","1/2,0,x+1/2" ],"desc": "2..","geom": "line","label": "j","mult": 12 },{ "coord": [ "x,0,1/2","-x,0,1/2","1/2,x,0","1/2,-x,0","0,1/2,x","0,1/2,-x","1/2,x+1/2,0","1/2,-x+1/2,0","x+1/2,0,1/2","-x+1/2,0,1/2","0,1/2,-x+1/2","0,1/2,x+1/2" ],"desc": "2..","geom": "line","label": "i","mult": 12 },{ "coord": [ "x,0,0","-x,0,0","0,x,0","0,-x,0","0,0,x","0,0,-x","1/2,x+1/2,1/2","1/2,-x+1/2,1/2","x+1/2,1/2,1/2","-x+1/2,1/2,1/2","1/2,1/2,-x+1/2","1/2,1/2,x+1/2" ],"desc": "2..","geom": "line","label": "h","mult": 12 },{ "coord": [ "x,x,x","-x,-x,x","-x,x,-x","x,-x,-x","x+1/2,x+1/2,-x+1/2","-x+1/2,-x+1/2,-x+1/2","x+1/2,-x+1/2,x+1/2","-x+1/2,x+1/2,x+1/2" ],"desc": ".3.","geom": "line","label": "g","mult": 8 },{ "coord": [ "1/4,1/2,0","3/4,1/2,0","0,1/4,1/2","0,3/4,1/2","1/2,0,1/4","1/2,0,3/4" ],"desc": "2.2 2","geom": "point","label": "f","mult": 6 },{ "coord": [ "1/4,0,1/2","3/4,0,1/2","1/2,1/4,0","1/2,3/4,0","0,1/2,1/4","0,1/2,3/4" ],"desc": "2.2 2","geom": "point","label": "e","mult": 6 },{ "coord": [ "0,1/2,1/2","1/2,0,1/2","1/2,1/2,0","0,1/2,0","1/2,0,0","0,0,1/2" ],"desc": "222 . .","geom": "point","label": "d","mult": 6 },{ "coord": [ "3/4,3/4,3/4","1/4,1/4,3/4","1/4,3/4,1/4","3/4,1/4,1/4" ],"desc": ".32","geom": "point","label": "c","mult": 4 },{ "coord": [ "1/4,1/4,1/4","3/4,3/4,1/4","3/4,1/4,3/4","1/4,3/4,3/4" ],"desc": ".32","geom": "point","label": "b","mult": 4 },{ "coord": [ "0,0,0","1/2,1/2,1/2" ],"desc": "23.","geom": "point","label": "a","mult": 2 } ] } } ],"n": 1,"sg": 208 }